  [1m[35mSQL (0.1ms)[0m  [1m[35mSET search_path TO public /*application='CreditEngine'*/[0m
  [1m[35m (132.0ms)[0m  [1m[35mCREATE DATABASE "credit_engine_test" ENCODING = 'unicode' /*application='CreditEngine'*/[0m
  [1m[35m (28.3ms)[0m  [1m[35mCREATE TABLE "schema_migrations" ("version" character varying NOT NULL PRIMARY KEY) /*application='CreditEngine'*/[0m
  [1m[35m (2.7ms)[0m  [1m[35mCREATE TABLE "ar_internal_metadata" ("key" character varying NOT NULL PRIMARY KEY, "value" character varying, "created_at" timestamp(6) NOT NULL, "updated_at" timestamp(6) NOT NULL) /*application='CreditEngine'*/[0m
  [1m[35m (0.5ms)[0m  [1m[34mSELECT pg_try_advisory_lock(1061593728594989625) /*application='CreditEngine'*/[0m
  [1m[36mActiveRecord::SchemaMigration Load (0.5ms)[0m  [1m[34mSELECT "schema_migrations"."version" FROM "schema_migrations" ORDER BY "schema_migrations"."version" ASC /*application='CreditEngine'*/[0m
  [1m[36mActiveRecord::InternalMetadata Load (0.5ms)[0m  [1m[34mSELECT * FROM "ar_internal_metadata" WHERE "ar_internal_metadata"."key" = 'environment' ORDER BY "ar_internal_metadata"."key" ASC LIMIT 1 /*application='CreditEngine'*/[0m
  [1m[36mActiveRecord::InternalMetadata Create (2.1ms)[0m  [1m[32mINSERT INTO "ar_internal_metadata" ("key", "value", "created_at", "updated_at") VALUES ('environment', 'development', '2026-06-08 12:56:01.451233', '2026-06-08 12:56:01.451235') RETURNING "key" /*application='CreditEngine'*/[0m
Migrating to CreateCurrencies (20260608125553)
  [1m[36mTRANSACTION (0.1ms)[0m  [1m[35mBEGIN /*application='CreditEngine'*/[0m
  [1m[35m (2.5ms)[0m  [1m[35mCREATE TABLE "currencies" ("id" bigserial primary key, "code" character varying, "name" character varying, "symbol" character varying, "created_at" timestamp(6) NOT NULL, "updated_at" timestamp(6) NOT NULL) /*application='CreditEngine'*/[0m
  [1m[36mActiveRecord::SchemaMigration Create (0.2ms)[0m  [1m[32mINSERT INTO "schema_migrations" ("version") VALUES ('20260608125553') RETURNING "version" /*application='CreditEngine'*/[0m
  [1m[36mTRANSACTION (1.8ms)[0m  [1m[35mCOMMIT /*application='CreditEngine'*/[0m
  [1m[35m (0.2ms)[0m  [1m[34mSELECT pg_advisory_unlock(1061593728594989625) /*application='CreditEngine'*/[0m
  [1m[35m (0.1ms)[0m  [1m[34mSELECT pg_try_advisory_lock(1061593728594989625) /*application='CreditEngine'*/[0m
  [1m[36mActiveRecord::SchemaMigration Load (0.1ms)[0m  [1m[34mSELECT "schema_migrations"."version" FROM "schema_migrations" ORDER BY "schema_migrations"."version" ASC /*application='CreditEngine'*/[0m
  [1m[36mActiveRecord::InternalMetadata Load (0.1ms)[0m  [1m[34mSELECT * FROM "ar_internal_metadata" WHERE "ar_internal_metadata"."key" = 'environment' ORDER BY "ar_internal_metadata"."key" ASC LIMIT 1 /*application='CreditEngine'*/[0m
Migrating to CreateExchangeRates (20260608125557)
  [1m[36mTRANSACTION (0.1ms)[0m  [1m[35mBEGIN /*application='CreditEngine'*/[0m
  [1m[35m (1.8ms)[0m  [1m[35mCREATE TABLE "exchange_rates" ("id" bigserial primary key, "rate" decimal, "reference_date" date, "created_at" timestamp(6) NOT NULL, "updated_at" timestamp(6) NOT NULL) /*application='CreditEngine'*/[0m
  [1m[36mActiveRecord::SchemaMigration Create (0.1ms)[0m  [1m[32mINSERT INTO "schema_migrations" ("version") VALUES ('20260608125557') RETURNING "version" /*application='CreditEngine'*/[0m
  [1m[36mTRANSACTION (1.7ms)[0m  [1m[35mCOMMIT /*application='CreditEngine'*/[0m
  [1m[35m (0.1ms)[0m  [1m[34mSELECT pg_advisory_unlock(1061593728594989625) /*application='CreditEngine'*/[0m
  [1m[35m (0.1ms)[0m  [1m[34mSELECT pg_try_advisory_lock(1061593728594989625) /*application='CreditEngine'*/[0m
  [1m[36mActiveRecord::SchemaMigration Load (0.1ms)[0m  [1m[34mSELECT "schema_migrations"."version" FROM "schema_migrations" ORDER BY "schema_migrations"."version" ASC /*application='CreditEngine'*/[0m
  [1m[36mActiveRecord::InternalMetadata Load (0.1ms)[0m  [1m[34mSELECT * FROM "ar_internal_metadata" WHERE "ar_internal_metadata"."key" = 'environment' ORDER BY "ar_internal_metadata"."key" ASC LIMIT 1 /*application='CreditEngine'*/[0m
Migrating to CreateReceivableTypes (20260608125600)
  [1m[36mTRANSACTION (0.1ms)[0m  [1m[35mBEGIN /*application='CreditEngine'*/[0m
  [1m[35m (1.7ms)[0m  [1m[35mCREATE TABLE "receivable_types" ("id" bigserial primary key, "name" character varying, "code" character varying, "base_spread" decimal, "created_at" timestamp(6) NOT NULL, "updated_at" timestamp(6) NOT NULL) /*application='CreditEngine'*/[0m
  [1m[36mActiveRecord::SchemaMigration Create (0.1ms)[0m  [1m[32mINSERT INTO "schema_migrations" ("version") VALUES ('20260608125600') RETURNING "version" /*application='CreditEngine'*/[0m
  [1m[36mTRANSACTION (1.8ms)[0m  [1m[35mCOMMIT /*application='CreditEngine'*/[0m
  [1m[35m (0.1ms)[0m  [1m[34mSELECT pg_advisory_unlock(1061593728594989625) /*application='CreditEngine'*/[0m
  [1m[35m (3.0ms)[0m  [1m[35mCREATE TABLE "schema_migrations" ("version" character varying NOT NULL PRIMARY KEY) /*application='CreditEngine'*/[0m
  [1m[35m (2.5ms)[0m  [1m[35mCREATE TABLE "ar_internal_metadata" ("key" character varying NOT NULL PRIMARY KEY, "value" character varying, "created_at" timestamp(6) NOT NULL, "updated_at" timestamp(6) NOT NULL) /*application='CreditEngine'*/[0m
  [1m[35m (0.1ms)[0m  [1m[34mSELECT pg_try_advisory_lock(5458172718835492215) /*application='CreditEngine'*/[0m
  [1m[36mActiveRecord::SchemaMigration Load (0.2ms)[0m  [1m[34mSELECT "schema_migrations"."version" FROM "schema_migrations" ORDER BY "schema_migrations"."version" ASC /*application='CreditEngine'*/[0m
  [1m[36mActiveRecord::InternalMetadata Load (0.3ms)[0m  [1m[34mSELECT * FROM "ar_internal_metadata" WHERE "ar_internal_metadata"."key" = 'environment' ORDER BY "ar_internal_metadata"."key" ASC LIMIT 1 /*application='CreditEngine'*/[0m
  [1m[36mActiveRecord::InternalMetadata Create (1.7ms)[0m  [1m[32mINSERT INTO "ar_internal_metadata" ("key", "value", "created_at", "updated_at") VALUES ('environment', 'test', '2026-06-08 12:56:01.521806', '2026-06-08 12:56:01.521808') RETURNING "key" /*application='CreditEngine'*/[0m
Migrating to CreateCurrencies (20260608125553)
  [1m[36mTRANSACTION (0.1ms)[0m  [1m[35mBEGIN /*application='CreditEngine'*/[0m
  [1m[35m (2.1ms)[0m  [1m[35mCREATE TABLE "currencies" ("id" bigserial primary key, "code" character varying, "name" character varying, "symbol" character varying, "created_at" timestamp(6) NOT NULL, "updated_at" timestamp(6) NOT NULL) /*application='CreditEngine'*/[0m
  [1m[36mActiveRecord::SchemaMigration Create (0.2ms)[0m  [1m[32mINSERT INTO "schema_migrations" ("version") VALUES ('20260608125553') RETURNING "version" /*application='CreditEngine'*/[0m
  [1m[36mTRANSACTION (1.7ms)[0m  [1m[35mCOMMIT /*application='CreditEngine'*/[0m
  [1m[35m (0.1ms)[0m  [1m[34mSELECT pg_advisory_unlock(5458172718835492215) /*application='CreditEngine'*/[0m
  [1m[35m (0.1ms)[0m  [1m[34mSELECT pg_try_advisory_lock(5458172718835492215) /*application='CreditEngine'*/[0m
  [1m[36mActiveRecord::SchemaMigration Load (0.3ms)[0m  [1m[34mSELECT "schema_migrations"."version" FROM "schema_migrations" ORDER BY "schema_migrations"."version" ASC /*application='CreditEngine'*/[0m
  [1m[36mActiveRecord::InternalMetadata Load (0.3ms)[0m  [1m[34mSELECT * FROM "ar_internal_metadata" WHERE "ar_internal_metadata"."key" = 'environment' ORDER BY "ar_internal_metadata"."key" ASC LIMIT 1 /*application='CreditEngine'*/[0m
Migrating to CreateExchangeRates (20260608125557)
  [1m[36mTRANSACTION (0.1ms)[0m  [1m[35mBEGIN /*application='CreditEngine'*/[0m
  [1m[35m (1.7ms)[0m  [1m[35mCREATE TABLE "exchange_rates" ("id" bigserial primary key, "rate" decimal, "reference_date" date, "created_at" timestamp(6) NOT NULL, "updated_at" timestamp(6) NOT NULL) /*application='CreditEngine'*/[0m
  [1m[36mActiveRecord::SchemaMigration Create (0.1ms)[0m  [1m[32mINSERT INTO "schema_migrations" ("version") VALUES ('20260608125557') RETURNING "version" /*application='CreditEngine'*/[0m
  [1m[36mTRANSACTION (1.9ms)[0m  [1m[35mCOMMIT /*application='CreditEngine'*/[0m
  [1m[35m (0.1ms)[0m  [1m[34mSELECT pg_advisory_unlock(5458172718835492215) /*application='CreditEngine'*/[0m
  [1m[35m (0.1ms)[0m  [1m[34mSELECT pg_try_advisory_lock(5458172718835492215) /*application='CreditEngine'*/[0m
  [1m[36mActiveRecord::SchemaMigration Load (0.3ms)[0m  [1m[34mSELECT "schema_migrations"."version" FROM "schema_migrations" ORDER BY "schema_migrations"."version" ASC /*application='CreditEngine'*/[0m
  [1m[36mActiveRecord::InternalMetadata Load (0.3ms)[0m  [1m[34mSELECT * FROM "ar_internal_metadata" WHERE "ar_internal_metadata"."key" = 'environment' ORDER BY "ar_internal_metadata"."key" ASC LIMIT 1 /*application='CreditEngine'*/[0m
Migrating to CreateReceivableTypes (20260608125600)
  [1m[36mTRANSACTION (0.1ms)[0m  [1m[35mBEGIN /*application='CreditEngine'*/[0m
  [1m[35m (1.8ms)[0m  [1m[35mCREATE TABLE "receivable_types" ("id" bigserial primary key, "name" character varying, "code" character varying, "base_spread" decimal, "created_at" timestamp(6) NOT NULL, "updated_at" timestamp(6) NOT NULL) /*application='CreditEngine'*/[0m
  [1m[36mActiveRecord::SchemaMigration Create (0.2ms)[0m  [1m[32mINSERT INTO "schema_migrations" ("version") VALUES ('20260608125600') RETURNING "version" /*application='CreditEngine'*/[0m
  [1m[36mTRANSACTION (1.9ms)[0m  [1m[35mCOMMIT /*application='CreditEngine'*/[0m
  [1m[35m (0.1ms)[0m  [1m[34mSELECT pg_advisory_unlock(5458172718835492215) /*application='CreditEngine'*/[0m
  [1m[36mActiveRecord::SchemaMigration Load (0.3ms)[0m  [1m[34mSELECT "schema_migrations"."version" FROM "schema_migrations" ORDER BY "schema_migrations"."version" ASC /*application='CreditEngine'*/[0m
  [1m[35mSQL (0.1ms)[0m  [1m[35mSET search_path TO public /*application='CreditEngine'*/[0m
  [1m[35mSQL (0.1ms)[0m  [1m[35mSET search_path TO "$user", public /*application='CreditEngine'*/[0m
  [1m[35mSQL (0.1ms)[0m  [1m[35mSET search_path TO public /*application='CreditEngine'*/[0m
  [1m[35mSQL (0.1ms)[0m  [1m[35mSET search_path TO "$user", public /*application='CreditEngine'*/[0m
  [1m[36mActiveRecord::SchemaMigration Load (0.3ms)[0m  [1m[34mSELECT "schema_migrations"."version" FROM "schema_migrations" ORDER BY "schema_migrations"."version" ASC /*application='CreditEngine'*/[0m
  [1m[35mSQL (0.1ms)[0m  [1m[35mSET search_path TO public /*application='CreditEngine'*/[0m
  [1m[35mSQL (0.1ms)[0m  [1m[35mSET search_path TO "$user", public /*application='CreditEngine'*/[0m
  [1m[35mSQL (0.1ms)[0m  [1m[35mSET search_path TO public /*application='CreditEngine'*/[0m
  [1m[35mSQL (0.1ms)[0m  [1m[35mSET search_path TO "$user", public /*application='CreditEngine'*/[0m
  [1m[36mActiveRecord::SchemaMigration Load (0.7ms)[0m  [1m[34mSELECT "schema_migrations"."version" FROM "schema_migrations" ORDER BY "schema_migrations"."version" ASC /*application='CreditEngine'*/[0m
  [1m[35m (0.1ms)[0m  [1m[34mSELECT pg_try_advisory_lock(1061593728594989625) /*application='CreditEngine'*/[0m
  [1m[36mActiveRecord::SchemaMigration Load (0.4ms)[0m  [1m[34mSELECT "schema_migrations"."version" FROM "schema_migrations" ORDER BY "schema_migrations"."version" ASC /*application='CreditEngine'*/[0m
  [1m[36mActiveRecord::InternalMetadata Load (0.9ms)[0m  [1m[34mSELECT * FROM "ar_internal_metadata" WHERE "ar_internal_metadata"."key" = 'environment' ORDER BY "ar_internal_metadata"."key" ASC LIMIT 1 /*application='CreditEngine'*/[0m
Migrating to CreateOperations (20260608125603)
  [1m[36mTRANSACTION (0.1ms)[0m  [1m[35mBEGIN /*application='CreditEngine'*/[0m
  [1m[35m (6.4ms)[0m  [1m[35mCREATE TABLE "operations" ("id" bigserial primary key, "assignee" character varying NOT NULL, "payment_currency_id" bigint NOT NULL, "total_face_value" decimal(18,4) NOT NULL, "total_net_value" decimal(18,4) NOT NULL, "created_at" timestamp(6) NOT NULL, "updated_at" timestamp(6) NOT NULL, CONSTRAINT "fk_rails_a1ac986f6e"
FOREIGN KEY ("payment_currency_id")
  REFERENCES "currencies" ("id")
) /*application='CreditEngine'*/[0m
  [1m[35m (0.3ms)[0m  [1m[35mCREATE INDEX "index_operations_on_payment_currency_id" ON "operations" ("payment_currency_id") /*application='CreditEngine'*/[0m
  [1m[36mActiveRecord::SchemaMigration Create (0.1ms)[0m  [1m[32mINSERT INTO "schema_migrations" ("version") VALUES ('20260608125603') RETURNING "version" /*application='CreditEngine'*/[0m
  [1m[36mTRANSACTION (1.6ms)[0m  [1m[35mCOMMIT /*application='CreditEngine'*/[0m
Migrating to CreateReceivables (20260608125607)
  [1m[36mTRANSACTION (0.1ms)[0m  [1m[35mBEGIN /*application='CreditEngine'*/[0m
  [1m[35m (2.7ms)[0m  [1m[35mCREATE TABLE "receivables" ("id" bigserial primary key, "operation_id" bigint NOT NULL, "receivable_type_id" bigint NOT NULL, "currency_id" bigint NOT NULL, "identifier" character varying NOT NULL, "face_value" decimal(18,4) NOT NULL, "net_value" decimal(18,4) NOT NULL, "due_date" date NOT NULL, "days_to_maturity" integer NOT NULL, "spread_applied" decimal(6,4) NOT NULL, "base_rate_applied" decimal(6,4) NOT NULL, "exchange_rate_applied" decimal(18,8), "created_at" timestamp(6) NOT NULL, "updated_at" timestamp(6) NOT NULL, CONSTRAINT "fk_rails_57cc17ca11"
FOREIGN KEY ("operation_id")
  REFERENCES "operations" ("id")
, CONSTRAINT "fk_rails_f80775e364"
FOREIGN KEY ("receivable_type_id")
  REFERENCES "receivable_types" ("id")
, CONSTRAINT "fk_rails_99dbe80f49"
FOREIGN KEY ("currency_id")
  REFERENCES "currencies" ("id")
) /*application='CreditEngine'*/[0m
  [1m[35m (0.3ms)[0m  [1m[35mCREATE INDEX "index_receivables_on_operation_id" ON "receivables" ("operation_id") /*application='CreditEngine'*/[0m
  [1m[35m (0.3ms)[0m  [1m[35mCREATE INDEX "index_receivables_on_receivable_type_id" ON "receivables" ("receivable_type_id") /*application='CreditEngine'*/[0m
  [1m[35m (0.3ms)[0m  [1m[35mCREATE INDEX "index_receivables_on_currency_id" ON "receivables" ("currency_id") /*application='CreditEngine'*/[0m
  [1m[36mActiveRecord::SchemaMigration Create (0.2ms)[0m  [1m[32mINSERT INTO "schema_migrations" ("version") VALUES ('20260608125607') RETURNING "version" /*application='CreditEngine'*/[0m
  [1m[36mTRANSACTION (1.8ms)[0m  [1m[35mCOMMIT /*application='CreditEngine'*/[0m
  [1m[35m (0.2ms)[0m  [1m[34mSELECT pg_advisory_unlock(1061593728594989625) /*application='CreditEngine'*/[0m
  [1m[36mActiveRecord::SchemaMigration Load (0.1ms)[0m  [1m[34mSELECT "schema_migrations"."version" FROM "schema_migrations" ORDER BY "schema_migrations"."version" ASC /*application='CreditEngine'*/[0m
  [1m[35mSQL (0.1ms)[0m  [1m[35mSET search_path TO public /*application='CreditEngine'*/[0m
  [1m[35mSQL (0.1ms)[0m  [1m[35mSET search_path TO "$user", public /*application='CreditEngine'*/[0m
  [1m[35mSQL (0.1ms)[0m  [1m[35mSET search_path TO public /*application='CreditEngine'*/[0m
  [1m[35mSQL (0.1ms)[0m  [1m[35mSET search_path TO "$user", public /*application='CreditEngine'*/[0m
  [1m[36mActiveRecord::SchemaMigration Load (0.6ms)[0m  [1m[34mSELECT "schema_migrations"."version" FROM "schema_migrations" ORDER BY "schema_migrations"."version" ASC /*application='CreditEngine'*/[0m
  [1m[36mCurrency Load (0.7ms)[0m  [1m[34mSELECT "currencies".* FROM "currencies" WHERE "currencies"."code" = 'BRL' LIMIT 1 /*application='CreditEngine'*/[0m
  [1m[36mTRANSACTION (0.1ms)[0m  [1m[35mBEGIN /*application='CreditEngine'*/[0m
  [1m[36mCurrency Exists? (0.9ms)[0m  [1m[34mSELECT 1 AS one FROM "currencies" WHERE LOWER("currencies"."code") = LOWER('BRL') LIMIT 1 /*application='CreditEngine'*/[0m
  [1m[36mCurrency Create (0.6ms)[0m  [1m[32mINSERT INTO "currencies" ("code", "name", "symbol", "created_at", "updated_at") VALUES ('BRL', 'Real Brasileiro', 'R$', '2026-06-08 12:57:49.619298', '2026-06-08 12:57:49.619298') RETURNING "id" /*application='CreditEngine'*/[0m
  [1m[36mTRANSACTION (1.7ms)[0m  [1m[35mCOMMIT /*application='CreditEngine'*/[0m
  [1m[36mCurrency Load (0.3ms)[0m  [1m[34mSELECT "currencies".* FROM "currencies" WHERE "currencies"."code" = 'USD' LIMIT 1 /*application='CreditEngine'*/[0m
  [1m[36mTRANSACTION (0.1ms)[0m  [1m[35mBEGIN /*application='CreditEngine'*/[0m
  [1m[36mCurrency Exists? (2.2ms)[0m  [1m[34mSELECT 1 AS one FROM "currencies" WHERE LOWER("currencies"."code") = LOWER('USD') LIMIT 1 /*application='CreditEngine'*/[0m
  [1m[36mCurrency Create (0.3ms)[0m  [1m[32mINSERT INTO "currencies" ("code", "name", "symbol", "created_at", "updated_at") VALUES ('USD', 'Dólar Americano', '$', '2026-06-08 12:57:49.632263', '2026-06-08 12:57:49.632263') RETURNING "id" /*application='CreditEngine'*/[0m
  [1m[36mTRANSACTION (1.8ms)[0m  [1m[35mCOMMIT /*application='CreditEngine'*/[0m
  [1m[36mExchangeRate Load (0.5ms)[0m  [1m[34mSELECT "exchange_rates".* FROM "exchange_rates" WHERE "exchange_rates"."from_currency_id" = 2 AND "exchange_rates"."to_currency_id" = 1 AND "exchange_rates"."reference_date" = '2026-06-08' LIMIT 1 /*application='CreditEngine'*/[0m
  [1m[36mActiveRecord::SchemaMigration Load (0.4ms)[0m  [1m[34mSELECT "schema_migrations"."version" FROM "schema_migrations" ORDER BY "schema_migrations"."version" ASC /*application='CreditEngine'*/[0m
  [1m[36mActiveRecord::InternalMetadata Load (0.4ms)[0m  [1m[34mSELECT * FROM "ar_internal_metadata" WHERE "ar_internal_metadata"."key" = 'environment' ORDER BY "ar_internal_metadata"."key" ASC LIMIT 1 /*application='CreditEngine'*/[0m
  [1m[36mActiveRecord::SchemaMigration Load (0.1ms)[0m  [1m[34mSELECT "schema_migrations"."version" FROM "schema_migrations" ORDER BY "schema_migrations"."version" ASC /*application='CreditEngine'*/[0m
  [1m[36mActiveRecord::InternalMetadata Load (0.1ms)[0m  [1m[34mSELECT * FROM "ar_internal_metadata" WHERE "ar_internal_metadata"."key" = 'environment' ORDER BY "ar_internal_metadata"."key" ASC LIMIT 1 /*application='CreditEngine'*/[0m
  [1m[36mActiveRecord::SchemaMigration Load (0.1ms)[0m  [1m[34mSELECT "schema_migrations"."version" FROM "schema_migrations" ORDER BY "schema_migrations"."version" ASC /*application='CreditEngine'*/[0m
  [1m[36mActiveRecord::InternalMetadata Load (0.1ms)[0m  [1m[34mSELECT * FROM "ar_internal_metadata" WHERE "ar_internal_metadata"."key" = 'environment' ORDER BY "ar_internal_metadata"."key" ASC LIMIT 1 /*application='CreditEngine'*/[0m
  [1m[35mSQL (0.1ms)[0m  [1m[35mSET search_path TO public /*application='CreditEngine'*/[0m
  [1m[35m (365.8ms)[0m  [1m[35mDROP DATABASE IF EXISTS "credit_engine_development" /*application='CreditEngine'*/[0m
  [1m[35mSQL (0.1ms)[0m  [1m[35mSET search_path TO public /*application='CreditEngine'*/[0m
  [1m[35m (37.8ms)[0m  [1m[35mDROP DATABASE IF EXISTS "credit_engine_test" /*application='CreditEngine'*/[0m
  [1m[35mSQL (0.1ms)[0m  [1m[35mSET search_path TO public /*application='CreditEngine'*/[0m
  [1m[35m (48.6ms)[0m  [1m[35mCREATE DATABASE "credit_engine_development" ENCODING = 'unicode' /*application='CreditEngine'*/[0m
  [1m[35mSQL (0.1ms)[0m  [1m[35mSET search_path TO public /*application='CreditEngine'*/[0m
  [1m[35m (54.8ms)[0m  [1m[35mCREATE DATABASE "credit_engine_test" ENCODING = 'unicode' /*application='CreditEngine'*/[0m
  [1m[35mSQL (0.1ms)[0m  [1m[35mCREATE EXTENSION IF NOT EXISTS "plpgsql" SCHEMA pg_catalog /*application='CreditEngine'*/[0m
  [1m[35m (0.1ms)[0m  [1m[35mDROP TABLE IF EXISTS "currencies" CASCADE /*application='CreditEngine'*/[0m
  [1m[35m (3.1ms)[0m  [1m[35mCREATE TABLE "currencies" ("id" bigserial primary key, "code" character varying, "created_at" timestamp(6) NOT NULL, "name" character varying, "symbol" character varying, "updated_at" timestamp(6) NOT NULL) /*application='CreditEngine'*/[0m
  [1m[35m (0.1ms)[0m  [1m[35mDROP TABLE IF EXISTS "exchange_rates" CASCADE /*application='CreditEngine'*/[0m
  [1m[35m (2.3ms)[0m  [1m[35mCREATE TABLE "exchange_rates" ("id" bigserial primary key, "created_at" timestamp(6) NOT NULL, "rate" decimal, "reference_date" date, "updated_at" timestamp(6) NOT NULL) /*application='CreditEngine'*/[0m
  [1m[35m (0.1ms)[0m  [1m[35mDROP TABLE IF EXISTS "operations" CASCADE /*application='CreditEngine'*/[0m
  [1m[35m (2.4ms)[0m  [1m[35mCREATE TABLE "operations" ("id" bigserial primary key, "assignee" character varying NOT NULL, "created_at" timestamp(6) NOT NULL, "payment_currency_id" bigint NOT NULL, "total_face_value" decimal(18,4) NOT NULL, "total_net_value" decimal(18,4) NOT NULL, "updated_at" timestamp(6) NOT NULL) /*application='CreditEngine'*/[0m
  [1m[35m (1.9ms)[0m  [1m[35mCREATE INDEX "index_operations_on_payment_currency_id" ON "operations" ("payment_currency_id") /*application='CreditEngine'*/[0m
  [1m[35m (0.2ms)[0m  [1m[35mDROP TABLE IF EXISTS "receivable_types" CASCADE /*application='CreditEngine'*/[0m
  [1m[35m (2.5ms)[0m  [1m[35mCREATE TABLE "receivable_types" ("id" bigserial primary key, "base_spread" decimal, "code" character varying, "created_at" timestamp(6) NOT NULL, "name" character varying, "updated_at" timestamp(6) NOT NULL) /*application='CreditEngine'*/[0m
  [1m[35m (0.1ms)[0m  [1m[35mDROP TABLE IF EXISTS "receivables" CASCADE /*application='CreditEngine'*/[0m
  [1m[35m (2.9ms)[0m  [1m[35mCREATE TABLE "receivables" ("id" bigserial primary key, "base_rate_applied" decimal(6,4) NOT NULL, "created_at" timestamp(6) NOT NULL, "currency_id" bigint NOT NULL, "days_to_maturity" integer NOT NULL, "due_date" date NOT NULL, "exchange_rate_applied" decimal(18,8), "face_value" decimal(18,4) NOT NULL, "identifier" character varying NOT NULL, "net_value" decimal(18,4) NOT NULL, "operation_id" bigint NOT NULL, "receivable_type_id" bigint NOT NULL, "spread_applied" decimal(6,4) NOT NULL, "updated_at" timestamp(6) NOT NULL) /*application='CreditEngine'*/[0m
  [1m[35m (1.9ms)[0m  [1m[35mCREATE INDEX "index_receivables_on_currency_id" ON "receivables" ("currency_id") /*application='CreditEngine'*/[0m
  [1m[35m (1.6ms)[0m  [1m[35mCREATE INDEX "index_receivables_on_operation_id" ON "receivables" ("operation_id") /*application='CreditEngine'*/[0m
  [1m[35m (1.6ms)[0m  [1m[35mCREATE INDEX "index_receivables_on_receivable_type_id" ON "receivables" ("receivable_type_id") /*application='CreditEngine'*/[0m
  [1m[35m (2.4ms)[0m  [1m[35mALTER TABLE "operations" ADD CONSTRAINT "fk_rails_a1ac986f6e"
FOREIGN KEY ("payment_currency_id")
  REFERENCES "currencies" ("id")
 /*application='CreditEngine'*/[0m
  [1m[35m (2.0ms)[0m  [1m[35mALTER TABLE "receivables" ADD CONSTRAINT "fk_rails_99dbe80f49"
FOREIGN KEY ("currency_id")
  REFERENCES "currencies" ("id")
 /*application='CreditEngine'*/[0m
  [1m[35m (1.7ms)[0m  [1m[35mALTER TABLE "receivables" ADD CONSTRAINT "fk_rails_57cc17ca11"
FOREIGN KEY ("operation_id")
  REFERENCES "operations" ("id")
 /*application='CreditEngine'*/[0m
  [1m[35m (1.6ms)[0m  [1m[35mALTER TABLE "receivables" ADD CONSTRAINT "fk_rails_f80775e364"
FOREIGN KEY ("receivable_type_id")
  REFERENCES "receivable_types" ("id")
 /*application='CreditEngine'*/[0m
  [1m[35m (2.1ms)[0m  [1m[35mCREATE TABLE "schema_migrations" ("version" character varying NOT NULL PRIMARY KEY) /*application='CreditEngine'*/[0m
  [1m[36mActiveRecord::SchemaMigration Load (0.2ms)[0m  [1m[34mSELECT "schema_migrations"."version" FROM "schema_migrations" ORDER BY "schema_migrations"."version" ASC /*application='CreditEngine'*/[0m
  [1m[35m (1.3ms)[0m  [1m[32mINSERT INTO "schema_migrations" (version) VALUES (20260608125607) /*application='CreditEngine'*/[0m
  [1m[35m (1.4ms)[0m  [1m[32mINSERT INTO "schema_migrations" (version) VALUES
(20260608125603),
(20260608125600),
(20260608125557),
(20260608125553); /*application='CreditEngine'*/[0m
  [1m[35m (2.2ms)[0m  [1m[35mCREATE TABLE "ar_internal_metadata" ("key" character varying NOT NULL PRIMARY KEY, "value" character varying, "created_at" timestamp(6) NOT NULL, "updated_at" timestamp(6) NOT NULL) /*application='CreditEngine'*/[0m
  [1m[36mActiveRecord::InternalMetadata Load (0.3ms)[0m  [1m[34mSELECT * FROM "ar_internal_metadata" WHERE "ar_internal_metadata"."key" = 'environment' ORDER BY "ar_internal_metadata"."key" ASC LIMIT 1 /*application='CreditEngine'*/[0m
  [1m[36mActiveRecord::InternalMetadata Create (1.5ms)[0m  [1m[32mINSERT INTO "ar_internal_metadata" ("key", "value", "created_at", "updated_at") VALUES ('environment', 'development', '2026-06-08 12:57:54.523800', '2026-06-08 12:57:54.523802') RETURNING "key" /*application='CreditEngine'*/[0m
  [1m[36mActiveRecord::InternalMetadata Load (0.1ms)[0m  [1m[34mSELECT * FROM "ar_internal_metadata" WHERE "ar_internal_metadata"."key" = 'environment' ORDER BY "ar_internal_metadata"."key" ASC LIMIT 1 /*application='CreditEngine'*/[0m
  [1m[36mActiveRecord::InternalMetadata Load (0.1ms)[0m  [1m[34mSELECT * FROM "ar_internal_metadata" WHERE "ar_internal_metadata"."key" = 'schema_sha1' ORDER BY "ar_internal_metadata"."key" ASC LIMIT 1 /*application='CreditEngine'*/[0m
  [1m[36mActiveRecord::InternalMetadata Create (1.2ms)[0m  [1m[32mINSERT INTO "ar_internal_metadata" ("key", "value", "created_at", "updated_at") VALUES ('schema_sha1', 'ee75560980d92cfa87f003cb99d3809ab1f41a4b', '2026-06-08 12:57:54.527384', '2026-06-08 12:57:54.527385') RETURNING "key" /*application='CreditEngine'*/[0m
  [1m[35m (0.1ms)[0m  [1m[34mSELECT pg_try_advisory_lock(1061593728594989625) /*application='CreditEngine'*/[0m
  [1m[36mActiveRecord::SchemaMigration Load (0.1ms)[0m  [1m[34mSELECT "schema_migrations"."version" FROM "schema_migrations" ORDER BY "schema_migrations"."version" ASC /*application='CreditEngine'*/[0m
  [1m[36mActiveRecord::InternalMetadata Load (0.1ms)[0m  [1m[34mSELECT * FROM "ar_internal_metadata" WHERE "ar_internal_metadata"."key" = 'environment' ORDER BY "ar_internal_metadata"."key" ASC LIMIT 1 /*application='CreditEngine'*/[0m
  [1m[35m (0.1ms)[0m  [1m[34mSELECT pg_advisory_unlock(1061593728594989625) /*application='CreditEngine'*/[0m
  [1m[36mActiveRecord::SchemaMigration Load (0.1ms)[0m  [1m[34mSELECT "schema_migrations"."version" FROM "schema_migrations" ORDER BY "schema_migrations"."version" ASC /*application='CreditEngine'*/[0m
  [1m[35mSQL (0.1ms)[0m  [1m[35mSET search_path TO public /*application='CreditEngine'*/[0m
  [1m[35mSQL (0.1ms)[0m  [1m[35mSET search_path TO "$user", public /*application='CreditEngine'*/[0m
  [1m[35mSQL (0.0ms)[0m  [1m[35mSET search_path TO public /*application='CreditEngine'*/[0m
  [1m[35mSQL (0.1ms)[0m  [1m[35mSET search_path TO "$user", public /*application='CreditEngine'*/[0m
  [1m[36mActiveRecord::SchemaMigration Load (0.1ms)[0m  [1m[34mSELECT "schema_migrations"."version" FROM "schema_migrations" ORDER BY "schema_migrations"."version" ASC /*application='CreditEngine'*/[0m
  [1m[36mCurrency Load (0.2ms)[0m  [1m[34mSELECT "currencies".* FROM "currencies" WHERE "currencies"."code" = 'BRL' LIMIT 1 /*application='CreditEngine'*/[0m
  [1m[36mTRANSACTION (0.1ms)[0m  [1m[35mBEGIN /*application='CreditEngine'*/[0m
  [1m[36mCurrency Exists? (0.3ms)[0m  [1m[34mSELECT 1 AS one FROM "currencies" WHERE LOWER("currencies"."code") = LOWER('BRL') LIMIT 1 /*application='CreditEngine'*/[0m
  [1m[36mCurrency Create (0.3ms)[0m  [1m[32mINSERT INTO "currencies" ("code", "created_at", "name", "symbol", "updated_at") VALUES ('BRL', '2026-06-08 12:57:54.602711', 'Real Brasileiro', 'R$', '2026-06-08 12:57:54.602711') RETURNING "id" /*application='CreditEngine'*/[0m
  [1m[36mTRANSACTION (1.8ms)[0m  [1m[35mCOMMIT /*application='CreditEngine'*/[0m
  [1m[36mCurrency Load (0.3ms)[0m  [1m[34mSELECT "currencies".* FROM "currencies" WHERE "currencies"."code" = 'USD' LIMIT 1 /*application='CreditEngine'*/[0m
  [1m[36mTRANSACTION (0.1ms)[0m  [1m[35mBEGIN /*application='CreditEngine'*/[0m
  [1m[36mCurrency Exists? (1.1ms)[0m  [1m[34mSELECT 1 AS one FROM "currencies" WHERE LOWER("currencies"."code") = LOWER('USD') LIMIT 1 /*application='CreditEngine'*/[0m
  [1m[36mCurrency Create (0.2ms)[0m  [1m[32mINSERT INTO "currencies" ("code", "created_at", "name", "symbol", "updated_at") VALUES ('USD', '2026-06-08 12:57:54.610592', 'Dólar Americano', '$', '2026-06-08 12:57:54.610592') RETURNING "id" /*application='CreditEngine'*/[0m
  [1m[36mTRANSACTION (1.3ms)[0m  [1m[35mCOMMIT /*application='CreditEngine'*/[0m
  [1m[36mExchangeRate Load (0.5ms)[0m  [1m[34mSELECT "exchange_rates".* FROM "exchange_rates" WHERE "exchange_rates"."from_currency_id" = 2 AND "exchange_rates"."to_currency_id" = 1 AND "exchange_rates"."reference_date" = '2026-06-08' LIMIT 1 /*application='CreditEngine'*/[0m
  [1m[35m (0.1ms)[0m  [1m[34mSELECT pg_try_advisory_lock(1061593728594989625) /*application='CreditEngine'*/[0m
  [1m[36mActiveRecord::SchemaMigration Load (0.7ms)[0m  [1m[34mSELECT "schema_migrations"."version" FROM "schema_migrations" ORDER BY "schema_migrations"."version" ASC /*application='CreditEngine'*/[0m
  [1m[36mActiveRecord::InternalMetadata Load (0.4ms)[0m  [1m[34mSELECT * FROM "ar_internal_metadata" WHERE "ar_internal_metadata"."key" = 'environment' ORDER BY "ar_internal_metadata"."key" ASC LIMIT 1 /*application='CreditEngine'*/[0m
  [1m[35m (0.1ms)[0m  [1m[34mSELECT pg_advisory_unlock(1061593728594989625) /*application='CreditEngine'*/[0m
  [1m[36mActiveRecord::SchemaMigration Load (0.1ms)[0m  [1m[34mSELECT "schema_migrations"."version" FROM "schema_migrations" ORDER BY "schema_migrations"."version" ASC /*application='CreditEngine'*/[0m
  [1m[35mSQL (0.1ms)[0m  [1m[35mSET search_path TO public /*application='CreditEngine'*/[0m
  [1m[35mSQL (0.1ms)[0m  [1m[35mSET search_path TO "$user", public /*application='CreditEngine'*/[0m
  [1m[35mSQL (0.1ms)[0m  [1m[35mSET search_path TO public /*application='CreditEngine'*/[0m
  [1m[35mSQL (0.1ms)[0m  [1m[35mSET search_path TO "$user", public /*application='CreditEngine'*/[0m
  [1m[36mActiveRecord::SchemaMigration Load (0.7ms)[0m  [1m[34mSELECT "schema_migrations"."version" FROM "schema_migrations" ORDER BY "schema_migrations"."version" ASC /*application='CreditEngine'*/[0m
  [1m[36mActiveRecord::InternalMetadata Load (0.4ms)[0m  [1m[34mSELECT * FROM "ar_internal_metadata" WHERE "ar_internal_metadata"."key" = 'environment' ORDER BY "ar_internal_metadata"."key" ASC LIMIT 1 /*application='CreditEngine'*/[0m
  [1m[36mActiveRecord::SchemaMigration Load (0.1ms)[0m  [1m[34mSELECT "schema_migrations"."version" FROM "schema_migrations" ORDER BY "schema_migrations"."version" ASC /*application='CreditEngine'*/[0m
  [1m[36mActiveRecord::InternalMetadata Load (0.1ms)[0m  [1m[34mSELECT * FROM "ar_internal_metadata" WHERE "ar_internal_metadata"."key" = 'environment' ORDER BY "ar_internal_metadata"."key" ASC LIMIT 1 /*application='CreditEngine'*/[0m
  [1m[36mActiveRecord::SchemaMigration Load (0.1ms)[0m  [1m[34mSELECT "schema_migrations"."version" FROM "schema_migrations" ORDER BY "schema_migrations"."version" ASC /*application='CreditEngine'*/[0m
  [1m[36mActiveRecord::InternalMetadata Load (0.2ms)[0m  [1m[34mSELECT * FROM "ar_internal_metadata" WHERE "ar_internal_metadata"."key" = 'environment' ORDER BY "ar_internal_metadata"."key" ASC LIMIT 1 /*application='CreditEngine'*/[0m
  [1m[35mSQL (0.1ms)[0m  [1m[35mSET search_path TO public /*application='CreditEngine'*/[0m
  [1m[35m (563.3ms)[0m  [1m[35mDROP DATABASE IF EXISTS "credit_engine_development" /*application='CreditEngine'*/[0m
  [1m[35mSQL (0.1ms)[0m  [1m[35mSET search_path TO public /*application='CreditEngine'*/[0m
  [1m[35m (47.3ms)[0m  [1m[35mDROP DATABASE IF EXISTS "credit_engine_test" /*application='CreditEngine'*/[0m
  [1m[35mSQL (0.1ms)[0m  [1m[35mSET search_path TO public /*application='CreditEngine'*/[0m
  [1m[35m (53.9ms)[0m  [1m[35mCREATE DATABASE "credit_engine_development" ENCODING = 'unicode' /*application='CreditEngine'*/[0m
  [1m[35mSQL (0.1ms)[0m  [1m[35mSET search_path TO public /*application='CreditEngine'*/[0m
  [1m[35m (61.6ms)[0m  [1m[35mCREATE DATABASE "credit_engine_test" ENCODING = 'unicode' /*application='CreditEngine'*/[0m
  [1m[35m (3.4ms)[0m  [1m[35mCREATE TABLE "schema_migrations" ("version" character varying NOT NULL PRIMARY KEY) /*application='CreditEngine'*/[0m
  [1m[35m (3.5ms)[0m  [1m[35mCREATE TABLE "ar_internal_metadata" ("key" character varying NOT NULL PRIMARY KEY, "value" character varying, "created_at" timestamp(6) NOT NULL, "updated_at" timestamp(6) NOT NULL) /*application='CreditEngine'*/[0m
  [1m[35m (0.1ms)[0m  [1m[34mSELECT pg_try_advisory_lock(1061593728594989625) /*application='CreditEngine'*/[0m
  [1m[36mActiveRecord::SchemaMigration Load (0.5ms)[0m  [1m[34mSELECT "schema_migrations"."version" FROM "schema_migrations" ORDER BY "schema_migrations"."version" ASC /*application='CreditEngine'*/[0m
  [1m[36mActiveRecord::InternalMetadata Load (0.6ms)[0m  [1m[34mSELECT * FROM "ar_internal_metadata" WHERE "ar_internal_metadata"."key" = 'environment' ORDER BY "ar_internal_metadata"."key" ASC LIMIT 1 /*application='CreditEngine'*/[0m
  [1m[36mActiveRecord::InternalMetadata Create (2.2ms)[0m  [1m[32mINSERT INTO "ar_internal_metadata" ("key", "value", "created_at", "updated_at") VALUES ('environment', 'development', '2026-06-08 12:58:39.400104', '2026-06-08 12:58:39.400108') RETURNING "key" /*application='CreditEngine'*/[0m
Migrating to CreateCurrencies (20260608125553)
  [1m[36mTRANSACTION (0.1ms)[0m  [1m[35mBEGIN /*application='CreditEngine'*/[0m
  [1m[35m (2.5ms)[0m  [1m[35mCREATE TABLE "currencies" ("id" bigserial primary key, "code" character varying NOT NULL, "name" character varying NOT NULL, "symbol" character varying NOT NULL, "created_at" timestamp(6) NOT NULL, "updated_at" timestamp(6) NOT NULL) /*application='CreditEngine'*/[0m
  [1m[35m (0.5ms)[0m  [1m[35mCREATE UNIQUE INDEX "index_currencies_on_code" ON "currencies" ("code") /*application='CreditEngine'*/[0m
  [1m[36mActiveRecord::SchemaMigration Create (0.2ms)[0m  [1m[32mINSERT INTO "schema_migrations" ("version") VALUES ('20260608125553') RETURNING "version" /*application='CreditEngine'*/[0m
  [1m[36mTRANSACTION (1.8ms)[0m  [1m[35mCOMMIT /*application='CreditEngine'*/[0m
Migrating to CreateExchangeRates (20260608125557)
  [1m[36mTRANSACTION (0.2ms)[0m  [1m[35mBEGIN /*application='CreditEngine'*/[0m
  [1m[35m (2.9ms)[0m  [1m[35mCREATE TABLE "exchange_rates" ("id" bigserial primary key, "from_currency_id" bigint NOT NULL, "to_currency_id" bigint NOT NULL, "rate" decimal(18,8) NOT NULL, "reference_date" date NOT NULL, "created_at" timestamp(6) NOT NULL, "updated_at" timestamp(6) NOT NULL, CONSTRAINT "fk_rails_a7a7547392"
FOREIGN KEY ("from_currency_id")
  REFERENCES "currencies" ("id")
, CONSTRAINT "fk_rails_096e5ba070"
FOREIGN KEY ("to_currency_id")
  REFERENCES "currencies" ("id")
) /*application='CreditEngine'*/[0m
  [1m[35m (0.7ms)[0m  [1m[35mCREATE INDEX "index_exchange_rates_on_from_currency_id" ON "exchange_rates" ("from_currency_id") /*application='CreditEngine'*/[0m
  [1m[35m (0.3ms)[0m  [1m[35mCREATE INDEX "index_exchange_rates_on_to_currency_id" ON "exchange_rates" ("to_currency_id") /*application='CreditEngine'*/[0m
  [1m[35m (0.4ms)[0m  [1m[35mCREATE UNIQUE INDEX "index_exchange_rates_on_currencies_and_date" ON "exchange_rates" ("from_currency_id", "to_currency_id", "reference_date") /*application='CreditEngine'*/[0m
  [1m[36mActiveRecord::SchemaMigration Create (0.2ms)[0m  [1m[32mINSERT INTO "schema_migrations" ("version") VALUES ('20260608125557') RETURNING "version" /*application='CreditEngine'*/[0m
  [1m[36mTRANSACTION (2.0ms)[0m  [1m[35mCOMMIT /*application='CreditEngine'*/[0m
Migrating to CreateReceivableTypes (20260608125600)
  [1m[36mTRANSACTION (0.2ms)[0m  [1m[35mBEGIN /*application='CreditEngine'*/[0m
  [1m[35m (2.4ms)[0m  [1m[35mCREATE TABLE "receivable_types" ("id" bigserial primary key, "name" character varying NOT NULL, "code" character varying NOT NULL, "base_spread" decimal(6,4) NOT NULL, "created_at" timestamp(6) NOT NULL, "updated_at" timestamp(6) NOT NULL) /*application='CreditEngine'*/[0m
  [1m[35m (0.3ms)[0m  [1m[35mCREATE UNIQUE INDEX "index_receivable_types_on_code" ON "receivable_types" ("code") /*application='CreditEngine'*/[0m
  [1m[36mActiveRecord::SchemaMigration Create (0.2ms)[0m  [1m[32mINSERT INTO "schema_migrations" ("version") VALUES ('20260608125600') RETURNING "version" /*application='CreditEngine'*/[0m
  [1m[36mTRANSACTION (2.0ms)[0m  [1m[35mCOMMIT /*application='CreditEngine'*/[0m
Migrating to CreateOperations (20260608125603)
  [1m[36mTRANSACTION (0.1ms)[0m  [1m[35mBEGIN /*application='CreditEngine'*/[0m
  [1m[35m (2.4ms)[0m  [1m[35mCREATE TABLE "operations" ("id" bigserial primary key, "assignee" character varying NOT NULL, "payment_currency_id" bigint NOT NULL, "total_face_value" decimal(18,4) NOT NULL, "total_net_value" decimal(18,4) NOT NULL, "created_at" timestamp(6) NOT NULL, "updated_at" timestamp(6) NOT NULL, CONSTRAINT "fk_rails_a1ac986f6e"
FOREIGN KEY ("payment_currency_id")
  REFERENCES "currencies" ("id")
) /*application='CreditEngine'*/[0m
  [1m[35m (0.3ms)[0m  [1m[35mCREATE INDEX "index_operations_on_payment_currency_id" ON "operations" ("payment_currency_id") /*application='CreditEngine'*/[0m
  [1m[36mActiveRecord::SchemaMigration Create (0.2ms)[0m  [1m[32mINSERT INTO "schema_migrations" ("version") VALUES ('20260608125603') RETURNING "version" /*application='CreditEngine'*/[0m
  [1m[36mTRANSACTION (2.0ms)[0m  [1m[35mCOMMIT /*application='CreditEngine'*/[0m
Migrating to CreateReceivables (20260608125607)
  [1m[36mTRANSACTION (0.1ms)[0m  [1m[35mBEGIN /*application='CreditEngine'*/[0m
  [1m[35m (3.0ms)[0m  [1m[35mCREATE TABLE "receivables" ("id" bigserial primary key, "operation_id" bigint NOT NULL, "receivable_type_id" bigint NOT NULL, "currency_id" bigint NOT NULL, "identifier" character varying NOT NULL, "face_value" decimal(18,4) NOT NULL, "net_value" decimal(18,4) NOT NULL, "due_date" date NOT NULL, "days_to_maturity" integer NOT NULL, "spread_applied" decimal(6,4) NOT NULL, "base_rate_applied" decimal(6,4) NOT NULL, "exchange_rate_applied" decimal(18,8), "created_at" timestamp(6) NOT NULL, "updated_at" timestamp(6) NOT NULL, CONSTRAINT "fk_rails_57cc17ca11"
FOREIGN KEY ("operation_id")
  REFERENCES "operations" ("id")
, CONSTRAINT "fk_rails_f80775e364"
FOREIGN KEY ("receivable_type_id")
  REFERENCES "receivable_types" ("id")
, CONSTRAINT "fk_rails_99dbe80f49"
FOREIGN KEY ("currency_id")
  REFERENCES "currencies" ("id")
) /*application='CreditEngine'*/[0m
  [1m[35m (0.3ms)[0m  [1m[35mCREATE INDEX "index_receivables_on_operation_id" ON "receivables" ("operation_id") /*application='CreditEngine'*/[0m
  [1m[35m (0.2ms)[0m  [1m[35mCREATE INDEX "index_receivables_on_receivable_type_id" ON "receivables" ("receivable_type_id") /*application='CreditEngine'*/[0m
  [1m[35m (0.3ms)[0m  [1m[35mCREATE INDEX "index_receivables_on_currency_id" ON "receivables" ("currency_id") /*application='CreditEngine'*/[0m
  [1m[36mActiveRecord::SchemaMigration Create (0.2ms)[0m  [1m[32mINSERT INTO "schema_migrations" ("version") VALUES ('20260608125607') RETURNING "version" /*application='CreditEngine'*/[0m
  [1m[36mTRANSACTION (1.9ms)[0m  [1m[35mCOMMIT /*application='CreditEngine'*/[0m
  [1m[35m (0.2ms)[0m  [1m[34mSELECT pg_advisory_unlock(1061593728594989625) /*application='CreditEngine'*/[0m
  [1m[36mActiveRecord::SchemaMigration Load (0.2ms)[0m  [1m[34mSELECT "schema_migrations"."version" FROM "schema_migrations" ORDER BY "schema_migrations"."version" ASC /*application='CreditEngine'*/[0m
  [1m[35mSQL (0.1ms)[0m  [1m[35mSET search_path TO public /*application='CreditEngine'*/[0m
  [1m[35mSQL (0.1ms)[0m  [1m[35mSET search_path TO "$user", public /*application='CreditEngine'*/[0m
  [1m[35mSQL (0.1ms)[0m  [1m[35mSET search_path TO public /*application='CreditEngine'*/[0m
  [1m[35mSQL (0.1ms)[0m  [1m[35mSET search_path TO "$user", public /*application='CreditEngine'*/[0m
  [1m[36mActiveRecord::SchemaMigration Load (0.1ms)[0m  [1m[34mSELECT "schema_migrations"."version" FROM "schema_migrations" ORDER BY "schema_migrations"."version" ASC /*application='CreditEngine'*/[0m
  [1m[36mCurrency Load (0.2ms)[0m  [1m[34mSELECT "currencies".* FROM "currencies" WHERE "currencies"."code" = 'BRL' LIMIT 1 /*application='CreditEngine'*/[0m
  [1m[36mTRANSACTION (0.1ms)[0m  [1m[35mBEGIN /*application='CreditEngine'*/[0m
  [1m[36mCurrency Exists? (0.3ms)[0m  [1m[34mSELECT 1 AS one FROM "currencies" WHERE LOWER("currencies"."code") = LOWER('BRL') LIMIT 1 /*application='CreditEngine'*/[0m
  [1m[36mCurrency Create (0.3ms)[0m  [1m[32mINSERT INTO "currencies" ("code", "name", "symbol", "created_at", "updated_at") VALUES ('BRL', 'Real Brasileiro', 'R$', '2026-06-08 12:58:39.552717', '2026-06-08 12:58:39.552717') RETURNING "id" /*application='CreditEngine'*/[0m
  [1m[36mTRANSACTION (2.2ms)[0m  [1m[35mCOMMIT /*application='CreditEngine'*/[0m
  [1m[36mCurrency Load (0.2ms)[0m  [1m[34mSELECT "currencies".* FROM "currencies" WHERE "currencies"."code" = 'USD' LIMIT 1 /*application='CreditEngine'*/[0m
  [1m[36mTRANSACTION (0.1ms)[0m  [1m[35mBEGIN /*application='CreditEngine'*/[0m
  [1m[36mCurrency Exists? (1.1ms)[0m  [1m[34mSELECT 1 AS one FROM "currencies" WHERE LOWER("currencies"."code") = LOWER('USD') LIMIT 1 /*application='CreditEngine'*/[0m
  [1m[36mCurrency Create (0.1ms)[0m  [1m[32mINSERT INTO "currencies" ("code", "name", "symbol", "created_at", "updated_at") VALUES ('USD', 'Dólar Americano', '$', '2026-06-08 12:58:39.560854', '2026-06-08 12:58:39.560854') RETURNING "id" /*application='CreditEngine'*/[0m
  [1m[36mTRANSACTION (1.6ms)[0m  [1m[35mCOMMIT /*application='CreditEngine'*/[0m
  [1m[36mExchangeRate Load (0.3ms)[0m  [1m[34mSELECT "exchange_rates".* FROM "exchange_rates" WHERE "exchange_rates"."from_currency_id" = 2 AND "exchange_rates"."to_currency_id" = 1 AND "exchange_rates"."reference_date" = '2026-06-08' LIMIT 1 /*application='CreditEngine'*/[0m
  [1m[36mTRANSACTION (0.1ms)[0m  [1m[35mBEGIN /*application='CreditEngine'*/[0m
  [1m[36mExchangeRate Exists? (0.2ms)[0m  [1m[34mSELECT 1 AS one FROM "exchange_rates" WHERE "exchange_rates"."reference_date" = '2026-06-08' AND "exchange_rates"."from_currency_id" = 2 AND "exchange_rates"."to_currency_id" = 1 LIMIT 1 /*application='CreditEngine'*/[0m
  [1m[36mExchangeRate Create (0.5ms)[0m  [1m[32mINSERT INTO "exchange_rates" ("from_currency_id", "to_currency_id", "rate", "reference_date", "created_at", "updated_at") VALUES (2, 1, 5.0, '2026-06-08', '2026-06-08 12:58:39.576608', '2026-06-08 12:58:39.576608') RETURNING "id" /*application='CreditEngine'*/[0m
  [1m[36mTRANSACTION (3.1ms)[0m  [1m[35mCOMMIT /*application='CreditEngine'*/[0m
  [1m[36mExchangeRate Load (0.2ms)[0m  [1m[34mSELECT "exchange_rates".* FROM "exchange_rates" WHERE "exchange_rates"."from_currency_id" = 1 AND "exchange_rates"."to_currency_id" = 2 AND "exchange_rates"."reference_date" = '2026-06-08' LIMIT 1 /*application='CreditEngine'*/[0m
  [1m[36mTRANSACTION (0.1ms)[0m  [1m[35mBEGIN /*application='CreditEngine'*/[0m
  [1m[36mExchangeRate Exists? (10.7ms)[0m  [1m[34mSELECT 1 AS one FROM "exchange_rates" WHERE "exchange_rates"."reference_date" = '2026-06-08' AND "exchange_rates"."from_currency_id" = 1 AND "exchange_rates"."to_currency_id" = 2 LIMIT 1 /*application='CreditEngine'*/[0m
  [1m[36mExchangeRate Create (0.2ms)[0m  [1m[32mINSERT INTO "exchange_rates" ("from_currency_id", "to_currency_id", "rate", "reference_date", "created_at", "updated_at") VALUES (1, 2, 0.2, '2026-06-08', '2026-06-08 12:58:39.595203', '2026-06-08 12:58:39.595203') RETURNING "id" /*application='CreditEngine'*/[0m
  [1m[36mTRANSACTION (1.8ms)[0m  [1m[35mCOMMIT /*application='CreditEngine'*/[0m
  [1m[36mReceivableType Load (0.2ms)[0m  [1m[34mSELECT "receivable_types".* FROM "receivable_types" WHERE "receivable_types"."code" = 'duplicata' LIMIT 1 /*application='CreditEngine'*/[0m
  [1m[36mTRANSACTION (0.1ms)[0m  [1m[35mBEGIN /*application='CreditEngine'*/[0m
  [1m[36mReceivableType Exists? (0.1ms)[0m  [1m[34mSELECT 1 AS one FROM "receivable_types" WHERE LOWER("receivable_types"."code") = LOWER('duplicata') LIMIT 1 /*application='CreditEngine'*/[0m
  [1m[36mReceivableType Create (0.3ms)[0m  [1m[32mINSERT INTO "receivable_types" ("name", "code", "base_spread", "created_at", "updated_at") VALUES ('Duplicata Mercantil', 'duplicata', 0.015, '2026-06-08 12:58:39.607422', '2026-06-08 12:58:39.607422') RETURNING "id" /*application='CreditEngine'*/[0m
  [1m[36mTRANSACTION (1.8ms)[0m  [1m[35mCOMMIT /*application='CreditEngine'*/[0m
  [1m[36mReceivableType Load (0.1ms)[0m  [1m[34mSELECT "receivable_types".* FROM "receivable_types" WHERE "receivable_types"."code" = 'cheque' LIMIT 1 /*application='CreditEngine'*/[0m
  [1m[36mTRANSACTION (0.1ms)[0m  [1m[35mBEGIN /*application='CreditEngine'*/[0m
  [1m[36mReceivableType Exists? (1.7ms)[0m  [1m[34mSELECT 1 AS one FROM "receivable_types" WHERE LOWER("receivable_types"."code") = LOWER('cheque') LIMIT 1 /*application='CreditEngine'*/[0m
  [1m[36mReceivableType Create (0.2ms)[0m  [1m[32mINSERT INTO "receivable_types" ("name", "code", "base_spread", "created_at", "updated_at") VALUES ('Cheque Pré-datado', 'cheque', 0.025, '2026-06-08 12:58:39.615192', '2026-06-08 12:58:39.615192') RETURNING "id" /*application='CreditEngine'*/[0m
  [1m[36mTRANSACTION (1.7ms)[0m  [1m[35mCOMMIT /*application='CreditEngine'*/[0m
  [1m[36mActiveRecord::SchemaMigration Load (0.5ms)[0m  [1m[34mSELECT "schema_migrations"."version" FROM "schema_migrations" ORDER BY "schema_migrations"."version" ASC /*application='CreditEngine'*/[0m
  [1m[36mActiveRecord::SchemaMigration Load (0.3ms)[0m  [1m[34mSELECT "schema_migrations"."version" FROM "schema_migrations" ORDER BY "schema_migrations"."version" ASC /*application='CreditEngine'*/[0m
  [1m[36mActiveRecord::SchemaMigration Load (0.5ms)[0m  [1m[34mSELECT "schema_migrations"."version" FROM "schema_migrations" ORDER BY "schema_migrations"."version" ASC /*application='CreditEngine'*/[0m
  [1m[36mActiveRecord::SchemaMigration Load (0.4ms)[0m  [1m[34mSELECT "schema_migrations"."version" FROM "schema_migrations" ORDER BY "schema_migrations"."version" ASC /*application='CreditEngine'*/[0m
Started GET "/" for 172.22.0.1 at 2026-06-08 13:19:36 +0000
Cannot render console from 172.22.0.1! Allowed networks: 127.0.0.0/127.255.255.255, ::1, ::ffff:127.0.0.0/::ffff:127.255.255.255
  [1m[36mActiveRecord::SchemaMigration Load (0.4ms)[0m  [1m[34mSELECT "schema_migrations"."version" FROM "schema_migrations" ORDER BY "schema_migrations"."version" ASC /*application='CreditEngine'*/[0m
Processing by Rails::WelcomeController#index as HTML
  Rendering /usr/local/bundle/ruby/4.0.0/gems/railties-8.1.3/libtemplates/rails/welcome/index.html.erb
  Rendered /usr/local/bundle/ruby/4.0.0/gems/railties-8.1.3/libtemplates/rails/welcome/index.html.erb (Duration: 0.5ms | GC: 0.0ms)
Completed 200 OK in 10ms (Views: 4.1ms | ActiveRecord: 0.0ms (0 queries, 0 cached) | GC: 0.0ms)


  [1m[36mActiveRecord::InternalMetadata Load (2.6ms)[0m  [1m[34mSELECT * FROM "ar_internal_metadata" WHERE "ar_internal_metadata"."key" = 'schema_sha1' ORDER BY "ar_internal_metadata"."key" ASC LIMIT 1 /*application='CreditEngine'*/[0m
  [1m[36mActiveRecord::SchemaMigration Load (0.4ms)[0m  [1m[34mSELECT "schema_migrations"."version" FROM "schema_migrations" ORDER BY "schema_migrations"."version" ASC /*application='CreditEngine'*/[0m
  [1m[36mActiveRecord::InternalMetadata Load (0.8ms)[0m  [1m[34mSELECT * FROM "ar_internal_metadata" WHERE "ar_internal_metadata"."key" = 'environment' ORDER BY "ar_internal_metadata"."key" ASC LIMIT 1 /*application='CreditEngine'*/[0m
  [1m[36mActiveRecord::SchemaMigration Load (0.1ms)[0m  [1m[34mSELECT "schema_migrations"."version" FROM "schema_migrations" ORDER BY "schema_migrations"."version" ASC /*application='CreditEngine'*/[0m
  [1m[36mActiveRecord::InternalMetadata Load (0.1ms)[0m  [1m[34mSELECT * FROM "ar_internal_metadata" WHERE "ar_internal_metadata"."key" = 'environment' ORDER BY "ar_internal_metadata"."key" ASC LIMIT 1 /*application='CreditEngine'*/[0m
  [1m[36mActiveRecord::SchemaMigration Load (0.1ms)[0m  [1m[34mSELECT "schema_migrations"."version" FROM "schema_migrations" ORDER BY "schema_migrations"."version" ASC /*application='CreditEngine'*/[0m
  [1m[36mActiveRecord::InternalMetadata Load (0.1ms)[0m  [1m[34mSELECT * FROM "ar_internal_metadata" WHERE "ar_internal_metadata"."key" = 'environment' ORDER BY "ar_internal_metadata"."key" ASC LIMIT 1 /*application='CreditEngine'*/[0m
  [1m[35mSQL (0.1ms)[0m  [1m[35mSET search_path TO public /*application='CreditEngine'*/[0m
  [1m[35m (52.8ms)[0m  [1m[35mDROP DATABASE IF EXISTS "credit_engine_test" /*application='CreditEngine'*/[0m
  [1m[35m (104.8ms)[0m  [1m[35mCREATE DATABASE "credit_engine_test" ENCODING = 'unicode' /*application='CreditEngine'*/[0m
  [1m[35mSQL (15.8ms)[0m  [1m[35mCREATE EXTENSION IF NOT EXISTS "plpgsql" SCHEMA pg_catalog /*application='CreditEngine'*/[0m
  [1m[35m (0.1ms)[0m  [1m[35mDROP TABLE IF EXISTS "currencies" CASCADE /*application='CreditEngine'*/[0m
  [1m[35m (4.1ms)[0m  [1m[35mCREATE TABLE "currencies" ("id" bigserial primary key, "code" character varying NOT NULL, "created_at" timestamp(6) NOT NULL, "name" character varying NOT NULL, "symbol" character varying NOT NULL, "updated_at" timestamp(6) NOT NULL) /*application='CreditEngine'*/[0m
  [1m[35m (1.7ms)[0m  [1m[35mCREATE UNIQUE INDEX "index_currencies_on_code" ON "currencies" ("code") /*application='CreditEngine'*/[0m
  [1m[35m (0.1ms)[0m  [1m[35mDROP TABLE IF EXISTS "exchange_rates" CASCADE /*application='CreditEngine'*/[0m
  [1m[35m (2.2ms)[0m  [1m[35mCREATE TABLE "exchange_rates" ("id" bigserial primary key, "created_at" timestamp(6) NOT NULL, "from_currency_id" bigint NOT NULL, "rate" decimal(18,8) NOT NULL, "reference_date" date NOT NULL, "to_currency_id" bigint NOT NULL, "updated_at" timestamp(6) NOT NULL) /*application='CreditEngine'*/[0m
  [1m[35m (2.0ms)[0m  [1m[35mCREATE UNIQUE INDEX "index_exchange_rates_on_currencies_and_date" ON "exchange_rates" ("from_currency_id", "to_currency_id", "reference_date") /*application='CreditEngine'*/[0m
  [1m[35m (1.6ms)[0m  [1m[35mCREATE INDEX "index_exchange_rates_on_from_currency_id" ON "exchange_rates" ("from_currency_id") /*application='CreditEngine'*/[0m
  [1m[35m (1.8ms)[0m  [1m[35mCREATE INDEX "index_exchange_rates_on_to_currency_id" ON "exchange_rates" ("to_currency_id") /*application='CreditEngine'*/[0m
  [1m[35m (0.1ms)[0m  [1m[35mDROP TABLE IF EXISTS "operations" CASCADE /*application='CreditEngine'*/[0m
  [1m[35m (2.5ms)[0m  [1m[35mCREATE TABLE "operations" ("id" bigserial primary key, "assignee" character varying NOT NULL, "created_at" timestamp(6) NOT NULL, "payment_currency_id" bigint NOT NULL, "total_face_value" decimal(18,4) NOT NULL, "total_net_value" decimal(18,4) NOT NULL, "updated_at" timestamp(6) NOT NULL) /*application='CreditEngine'*/[0m
  [1m[35m (1.6ms)[0m  [1m[35mCREATE INDEX "index_operations_on_payment_currency_id" ON "operations" ("payment_currency_id") /*application='CreditEngine'*/[0m
  [1m[35m (0.1ms)[0m  [1m[35mDROP TABLE IF EXISTS "receivable_types" CASCADE /*application='CreditEngine'*/[0m
  [1m[35m (2.5ms)[0m  [1m[35mCREATE TABLE "receivable_types" ("id" bigserial primary key, "base_spread" decimal(6,4) NOT NULL, "code" character varying NOT NULL, "created_at" timestamp(6) NOT NULL, "name" character varying NOT NULL, "updated_at" timestamp(6) NOT NULL) /*application='CreditEngine'*/[0m
  [1m[35m (1.9ms)[0m  [1m[35mCREATE UNIQUE INDEX "index_receivable_types_on_code" ON "receivable_types" ("code") /*application='CreditEngine'*/[0m
  [1m[35m (0.1ms)[0m  [1m[35mDROP TABLE IF EXISTS "receivables" CASCADE /*application='CreditEngine'*/[0m
  [1m[35m (2.8ms)[0m  [1m[35mCREATE TABLE "receivables" ("id" bigserial primary key, "base_rate_applied" decimal(6,4) NOT NULL, "created_at" timestamp(6) NOT NULL, "currency_id" bigint NOT NULL, "days_to_maturity" integer NOT NULL, "due_date" date NOT NULL, "exchange_rate_applied" decimal(18,8), "face_value" decimal(18,4) NOT NULL, "identifier" character varying NOT NULL, "net_value" decimal(18,4) NOT NULL, "operation_id" bigint NOT NULL, "receivable_type_id" bigint NOT NULL, "spread_applied" decimal(6,4) NOT NULL, "updated_at" timestamp(6) NOT NULL) /*application='CreditEngine'*/[0m
  [1m[35m (1.7ms)[0m  [1m[35mCREATE INDEX "index_receivables_on_currency_id" ON "receivables" ("currency_id") /*application='CreditEngine'*/[0m
  [1m[35m (1.9ms)[0m  [1m[35mCREATE INDEX "index_receivables_on_operation_id" ON "receivables" ("operation_id") /*application='CreditEngine'*/[0m
  [1m[35m (1.5ms)[0m  [1m[35mCREATE INDEX "index_receivables_on_receivable_type_id" ON "receivables" ("receivable_type_id") /*application='CreditEngine'*/[0m
  [1m[35m (2.5ms)[0m  [1m[35mALTER TABLE "exchange_rates" ADD CONSTRAINT "fk_rails_a7a7547392"
FOREIGN KEY ("from_currency_id")
  REFERENCES "currencies" ("id")
 /*application='CreditEngine'*/[0m
  [1m[35m (1.8ms)[0m  [1m[35mALTER TABLE "exchange_rates" ADD CONSTRAINT "fk_rails_096e5ba070"
FOREIGN KEY ("to_currency_id")
  REFERENCES "currencies" ("id")
 /*application='CreditEngine'*/[0m
  [1m[35m (1.8ms)[0m  [1m[35mALTER TABLE "operations" ADD CONSTRAINT "fk_rails_a1ac986f6e"
FOREIGN KEY ("payment_currency_id")
  REFERENCES "currencies" ("id")
 /*application='CreditEngine'*/[0m
  [1m[35m (2.1ms)[0m  [1m[35mALTER TABLE "receivables" ADD CONSTRAINT "fk_rails_99dbe80f49"
FOREIGN KEY ("currency_id")
  REFERENCES "currencies" ("id")
 /*application='CreditEngine'*/[0m
  [1m[35m (1.8ms)[0m  [1m[35mALTER TABLE "receivables" ADD CONSTRAINT "fk_rails_57cc17ca11"
FOREIGN KEY ("operation_id")
  REFERENCES "operations" ("id")
 /*application='CreditEngine'*/[0m
  [1m[35m (1.7ms)[0m  [1m[35mALTER TABLE "receivables" ADD CONSTRAINT "fk_rails_f80775e364"
FOREIGN KEY ("receivable_type_id")
  REFERENCES "receivable_types" ("id")
 /*application='CreditEngine'*/[0m
  [1m[35m (2.1ms)[0m  [1m[35mCREATE TABLE "schema_migrations" ("version" character varying NOT NULL PRIMARY KEY) /*application='CreditEngine'*/[0m
  [1m[36mActiveRecord::SchemaMigration Load (0.2ms)[0m  [1m[34mSELECT "schema_migrations"."version" FROM "schema_migrations" ORDER BY "schema_migrations"."version" ASC /*application='CreditEngine'*/[0m
  [1m[35m (1.6ms)[0m  [1m[32mINSERT INTO "schema_migrations" (version) VALUES (20260608125607) /*application='CreditEngine'*/[0m
  [1m[35m (1.8ms)[0m  [1m[32mINSERT INTO "schema_migrations" (version) VALUES
(20260608125603),
(20260608125600),
(20260608125557),
(20260608125553); /*application='CreditEngine'*/[0m
  [1m[35m (2.4ms)[0m  [1m[35mCREATE TABLE "ar_internal_metadata" ("key" character varying NOT NULL PRIMARY KEY, "value" character varying, "created_at" timestamp(6) NOT NULL, "updated_at" timestamp(6) NOT NULL) /*application='CreditEngine'*/[0m
  [1m[36mActiveRecord::InternalMetadata Load (0.3ms)[0m  [1m[34mSELECT * FROM "ar_internal_metadata" WHERE "ar_internal_metadata"."key" = 'environment' ORDER BY "ar_internal_metadata"."key" ASC LIMIT 1 /*application='CreditEngine'*/[0m
  [1m[36mActiveRecord::InternalMetadata Create (1.4ms)[0m  [1m[32mINSERT INTO "ar_internal_metadata" ("key", "value", "created_at", "updated_at") VALUES ('environment', 'development', '2026-06-08 13:22:43.338282', '2026-06-08 13:22:43.338285') RETURNING "key" /*application='CreditEngine'*/[0m
  [1m[36mActiveRecord::InternalMetadata Load (0.1ms)[0m  [1m[34mSELECT * FROM "ar_internal_metadata" WHERE "ar_internal_metadata"."key" = 'environment' ORDER BY "ar_internal_metadata"."key" ASC LIMIT 1 /*application='CreditEngine'*/[0m
  [1m[36mActiveRecord::InternalMetadata Update (1.4ms)[0m  [1m[33mUPDATE "ar_internal_metadata" SET "value" = 'test', "updated_at" = '2026-06-08 13:22:43.341681' WHERE "ar_internal_metadata"."key" = 'environment' /*application='CreditEngine'*/[0m
  [1m[36mActiveRecord::InternalMetadata Load (0.1ms)[0m  [1m[34mSELECT * FROM "ar_internal_metadata" WHERE "ar_internal_metadata"."key" = 'schema_sha1' ORDER BY "ar_internal_metadata"."key" ASC LIMIT 1 /*application='CreditEngine'*/[0m
  [1m[36mActiveRecord::InternalMetadata Create (1.4ms)[0m  [1m[32mINSERT INTO "ar_internal_metadata" ("key", "value", "created_at", "updated_at") VALUES ('schema_sha1', 'd112fe315c5421ec301e3c8b3476bd5be82fde63', '2026-06-08 13:22:43.344287', '2026-06-08 13:22:43.344288') RETURNING "key" /*application='CreditEngine'*/[0m
  [1m[36mActiveRecord::SchemaMigration Load (0.3ms)[0m  [1m[34mSELECT "schema_migrations"."version" FROM "schema_migrations" ORDER BY "schema_migrations"."version" ASC /*application='CreditEngine'*/[0m
  [1m[36mTRANSACTION (0.1ms)[0m  [1m[35mBEGIN /*application='CreditEngine'*/[0m
  [1m[36mTRANSACTION (0.1ms)[0m  [1m[35mSAVEPOINT active_record_1 /*application='CreditEngine'*/[0m
  [1m[36mCurrency Exists? (3.2ms)[0m  [1m[34mSELECT 1 AS one FROM "currencies" WHERE LOWER("currencies"."code") = LOWER('BRL') LIMIT 1 /*application='CreditEngine'*/[0m
  [1m[36mTRANSACTION (0.1ms)[0m  [1m[31mROLLBACK TO SAVEPOINT active_record_1 /*application='CreditEngine'*/[0m
  [1m[36mTRANSACTION (0.1ms)[0m  [1m[31mROLLBACK /*application='CreditEngine'*/[0m
  [1m[36mTRANSACTION (0.1ms)[0m  [1m[35mBEGIN /*application='CreditEngine'*/[0m
  [1m[36mTRANSACTION (0.1ms)[0m  [1m[35mSAVEPOINT active_record_1 /*application='CreditEngine'*/[0m
  [1m[36mCurrency Exists? (1.2ms)[0m  [1m[34mSELECT 1 AS one FROM "currencies" WHERE LOWER("currencies"."code") = LOWER('BRL') LIMIT 1 /*application='CreditEngine'*/[0m
  [1m[36mTRANSACTION (0.1ms)[0m  [1m[31mROLLBACK TO SAVEPOINT active_record_1 /*application='CreditEngine'*/[0m
  [1m[36mTRANSACTION (0.1ms)[0m  [1m[31mROLLBACK /*application='CreditEngine'*/[0m
  [1m[36mTRANSACTION (0.0ms)[0m  [1m[35mBEGIN /*application='CreditEngine'*/[0m
  [1m[36mTRANSACTION (0.1ms)[0m  [1m[35mSAVEPOINT active_record_1 /*application='CreditEngine'*/[0m
  [1m[36mCurrency Exists? (1.2ms)[0m  [1m[34mSELECT 1 AS one FROM "currencies" WHERE LOWER("currencies"."code") = LOWER('BRL') LIMIT 1 /*application='CreditEngine'*/[0m
  [1m[36mTRANSACTION (0.1ms)[0m  [1m[31mROLLBACK TO SAVEPOINT active_record_1 /*application='CreditEngine'*/[0m
  [1m[36mTRANSACTION (0.1ms)[0m  [1m[31mROLLBACK /*application='CreditEngine'*/[0m
  [1m[36mTRANSACTION (0.0ms)[0m  [1m[35mBEGIN /*application='CreditEngine'*/[0m
  [1m[36mTRANSACTION (0.1ms)[0m  [1m[35mSAVEPOINT active_record_1 /*application='CreditEngine'*/[0m
  [1m[36mCurrency Exists? (1.1ms)[0m  [1m[34mSELECT 1 AS one FROM "currencies" WHERE LOWER("currencies"."code") = LOWER('BRL') LIMIT 1 /*application='CreditEngine'*/[0m
  [1m[36mTRANSACTION (0.1ms)[0m  [1m[31mROLLBACK TO SAVEPOINT active_record_1 /*application='CreditEngine'*/[0m
  [1m[36mTRANSACTION (0.1ms)[0m  [1m[31mROLLBACK /*application='CreditEngine'*/[0m
  [1m[36mTRANSACTION (0.0ms)[0m  [1m[35mBEGIN /*application='CreditEngine'*/[0m
  [1m[36mTRANSACTION (0.1ms)[0m  [1m[35mSAVEPOINT active_record_1 /*application='CreditEngine'*/[0m
  [1m[36mCurrency Exists? (1.2ms)[0m  [1m[34mSELECT 1 AS one FROM "currencies" WHERE LOWER("currencies"."code") = LOWER('BRL') LIMIT 1 /*application='CreditEngine'*/[0m
  [1m[36mTRANSACTION (0.1ms)[0m  [1m[31mROLLBACK TO SAVEPOINT active_record_1 /*application='CreditEngine'*/[0m
  [1m[36mTRANSACTION (0.1ms)[0m  [1m[31mROLLBACK /*application='CreditEngine'*/[0m
  [1m[36mTRANSACTION (0.1ms)[0m  [1m[35mBEGIN /*application='CreditEngine'*/[0m
  [1m[36mTRANSACTION (0.0ms)[0m  [1m[35mSAVEPOINT active_record_1 /*application='CreditEngine'*/[0m
  [1m[36mCurrency Exists? (1.2ms)[0m  [1m[34mSELECT 1 AS one FROM "currencies" WHERE LOWER("currencies"."code") = LOWER('BRL') LIMIT 1 /*application='CreditEngine'*/[0m
  [1m[36mTRANSACTION (0.1ms)[0m  [1m[31mROLLBACK TO SAVEPOINT active_record_1 /*application='CreditEngine'*/[0m
  [1m[36mTRANSACTION (0.1ms)[0m  [1m[31mROLLBACK /*application='CreditEngine'*/[0m
  [1m[36mTRANSACTION (0.0ms)[0m  [1m[35mBEGIN /*application='CreditEngine'*/[0m
  [1m[36mTRANSACTION (0.1ms)[0m  [1m[35mSAVEPOINT active_record_1 /*application='CreditEngine'*/[0m
  [1m[36mCurrency Exists? (1.1ms)[0m  [1m[34mSELECT 1 AS one FROM "currencies" WHERE LOWER("currencies"."code") = LOWER('BRL') LIMIT 1 /*application='CreditEngine'*/[0m
  [1m[36mTRANSACTION (0.1ms)[0m  [1m[31mROLLBACK TO SAVEPOINT active_record_1 /*application='CreditEngine'*/[0m
  [1m[36mTRANSACTION (0.1ms)[0m  [1m[31mROLLBACK /*application='CreditEngine'*/[0m
  [1m[36mTRANSACTION (0.1ms)[0m  [1m[35mBEGIN /*application='CreditEngine'*/[0m
  [1m[36mTRANSACTION (0.1ms)[0m  [1m[35mSAVEPOINT active_record_1 /*application='CreditEngine'*/[0m
  [1m[36mCurrency Exists? (1.1ms)[0m  [1m[34mSELECT 1 AS one FROM "currencies" WHERE LOWER("currencies"."code") = LOWER('BRL') LIMIT 1 /*application='CreditEngine'*/[0m
  [1m[36mTRANSACTION (0.1ms)[0m  [1m[31mROLLBACK TO SAVEPOINT active_record_1 /*application='CreditEngine'*/[0m
  [1m[36mTRANSACTION (0.1ms)[0m  [1m[31mROLLBACK /*application='CreditEngine'*/[0m
  [1m[36mTRANSACTION (0.0ms)[0m  [1m[35mBEGIN /*application='CreditEngine'*/[0m
  [1m[36mTRANSACTION (0.1ms)[0m  [1m[35mSAVEPOINT active_record_1 /*application='CreditEngine'*/[0m
  [1m[36mCurrency Exists? (1.7ms)[0m  [1m[34mSELECT 1 AS one FROM "currencies" WHERE LOWER("currencies"."code") = LOWER('BRL') LIMIT 1 /*application='CreditEngine'*/[0m
  [1m[36mTRANSACTION (0.1ms)[0m  [1m[31mROLLBACK TO SAVEPOINT active_record_1 /*application='CreditEngine'*/[0m
  [1m[36mTRANSACTION (0.1ms)[0m  [1m[31mROLLBACK /*application='CreditEngine'*/[0m
  [1m[36mTRANSACTION (0.0ms)[0m  [1m[35mBEGIN /*application='CreditEngine'*/[0m
  [1m[36mTRANSACTION (0.1ms)[0m  [1m[35mSAVEPOINT active_record_1 /*application='CreditEngine'*/[0m
  [1m[36mCurrency Exists? (1.3ms)[0m  [1m[34mSELECT 1 AS one FROM "currencies" WHERE LOWER("currencies"."code") = LOWER('BRL') LIMIT 1 /*application='CreditEngine'*/[0m
  [1m[36mTRANSACTION (0.0ms)[0m  [1m[31mROLLBACK TO SAVEPOINT active_record_1 /*application='CreditEngine'*/[0m
  [1m[36mTRANSACTION (0.1ms)[0m  [1m[31mROLLBACK /*application='CreditEngine'*/[0m
  [1m[36mTRANSACTION (0.0ms)[0m  [1m[35mBEGIN /*application='CreditEngine'*/[0m
  [1m[36mTRANSACTION (0.1ms)[0m  [1m[35mSAVEPOINT active_record_1 /*application='CreditEngine'*/[0m
  [1m[36mCurrency Exists? (1.1ms)[0m  [1m[34mSELECT 1 AS one FROM "currencies" WHERE LOWER("currencies"."code") = LOWER('BRL') LIMIT 1 /*application='CreditEngine'*/[0m
  [1m[36mTRANSACTION (0.1ms)[0m  [1m[31mROLLBACK TO SAVEPOINT active_record_1 /*application='CreditEngine'*/[0m
  [1m[36mTRANSACTION (0.1ms)[0m  [1m[31mROLLBACK /*application='CreditEngine'*/[0m
  [1m[36mActiveRecord::InternalMetadata Load (0.4ms)[0m  [1m[34mSELECT * FROM "ar_internal_metadata" WHERE "ar_internal_metadata"."key" = 'schema_sha1' ORDER BY "ar_internal_metadata"."key" ASC LIMIT 1 /*application='CreditEngine'*/[0m
  [1m[36mActiveRecord::SchemaMigration Load (0.5ms)[0m  [1m[34mSELECT "schema_migrations"."version" FROM "schema_migrations" ORDER BY "schema_migrations"."version" ASC /*application='CreditEngine'*/[0m
  [1m[36mActiveRecord::InternalMetadata Load (0.4ms)[0m  [1m[34mSELECT * FROM "ar_internal_metadata" WHERE "ar_internal_metadata"."key" = 'environment' ORDER BY "ar_internal_metadata"."key" ASC LIMIT 1 /*application='CreditEngine'*/[0m
  [1m[36mActiveRecord::SchemaMigration Load (0.1ms)[0m  [1m[34mSELECT "schema_migrations"."version" FROM "schema_migrations" ORDER BY "schema_migrations"."version" ASC /*application='CreditEngine'*/[0m
  [1m[36mActiveRecord::InternalMetadata Load (0.1ms)[0m  [1m[34mSELECT * FROM "ar_internal_metadata" WHERE "ar_internal_metadata"."key" = 'environment' ORDER BY "ar_internal_metadata"."key" ASC LIMIT 1 /*application='CreditEngine'*/[0m
  [1m[36mActiveRecord::SchemaMigration Load (0.1ms)[0m  [1m[34mSELECT "schema_migrations"."version" FROM "schema_migrations" ORDER BY "schema_migrations"."version" ASC /*application='CreditEngine'*/[0m
  [1m[36mActiveRecord::InternalMetadata Load (0.1ms)[0m  [1m[34mSELECT * FROM "ar_internal_metadata" WHERE "ar_internal_metadata"."key" = 'environment' ORDER BY "ar_internal_metadata"."key" ASC LIMIT 1 /*application='CreditEngine'*/[0m
  [1m[35mSQL (0.1ms)[0m  [1m[35mSET search_path TO public /*application='CreditEngine'*/[0m
  [1m[35m (40.9ms)[0m  [1m[35mDROP DATABASE IF EXISTS "credit_engine_test" /*application='CreditEngine'*/[0m
  [1m[35m (37.9ms)[0m  [1m[35mCREATE DATABASE "credit_engine_test" ENCODING = 'unicode' /*application='CreditEngine'*/[0m
  [1m[35mSQL (25.5ms)[0m  [1m[35mCREATE EXTENSION IF NOT EXISTS "plpgsql" SCHEMA pg_catalog /*application='CreditEngine'*/[0m
  [1m[35m (0.1ms)[0m  [1m[35mDROP TABLE IF EXISTS "currencies" CASCADE /*application='CreditEngine'*/[0m
  [1m[35m (4.2ms)[0m  [1m[35mCREATE TABLE "currencies" ("id" bigserial primary key, "code" character varying NOT NULL, "created_at" timestamp(6) NOT NULL, "name" character varying NOT NULL, "symbol" character varying NOT NULL, "updated_at" timestamp(6) NOT NULL) /*application='CreditEngine'*/[0m
  [1m[35m (2.1ms)[0m  [1m[35mCREATE UNIQUE INDEX "index_currencies_on_code" ON "currencies" ("code") /*application='CreditEngine'*/[0m
  [1m[35m (0.2ms)[0m  [1m[35mDROP TABLE IF EXISTS "exchange_rates" CASCADE /*application='CreditEngine'*/[0m
  [1m[35m (2.9ms)[0m  [1m[35mCREATE TABLE "exchange_rates" ("id" bigserial primary key, "created_at" timestamp(6) NOT NULL, "from_currency_id" bigint NOT NULL, "rate" decimal(18,8) NOT NULL, "reference_date" date NOT NULL, "to_currency_id" bigint NOT NULL, "updated_at" timestamp(6) NOT NULL) /*application='CreditEngine'*/[0m
  [1m[35m (2.0ms)[0m  [1m[35mCREATE UNIQUE INDEX "index_exchange_rates_on_currencies_and_date" ON "exchange_rates" ("from_currency_id", "to_currency_id", "reference_date") /*application='CreditEngine'*/[0m
  [1m[35m (2.0ms)[0m  [1m[35mCREATE INDEX "index_exchange_rates_on_from_currency_id" ON "exchange_rates" ("from_currency_id") /*application='CreditEngine'*/[0m
  [1m[35m (1.9ms)[0m  [1m[35mCREATE INDEX "index_exchange_rates_on_to_currency_id" ON "exchange_rates" ("to_currency_id") /*application='CreditEngine'*/[0m
  [1m[35m (0.1ms)[0m  [1m[35mDROP TABLE IF EXISTS "operations" CASCADE /*application='CreditEngine'*/[0m
  [1m[35m (2.9ms)[0m  [1m[35mCREATE TABLE "operations" ("id" bigserial primary key, "assignee" character varying NOT NULL, "created_at" timestamp(6) NOT NULL, "payment_currency_id" bigint NOT NULL, "total_face_value" decimal(18,4) NOT NULL, "total_net_value" decimal(18,4) NOT NULL, "updated_at" timestamp(6) NOT NULL) /*application='CreditEngine'*/[0m
  [1m[35m (1.9ms)[0m  [1m[35mCREATE INDEX "index_operations_on_payment_currency_id" ON "operations" ("payment_currency_id") /*application='CreditEngine'*/[0m
  [1m[35m (0.1ms)[0m  [1m[35mDROP TABLE IF EXISTS "receivable_types" CASCADE /*application='CreditEngine'*/[0m
  [1m[35m (2.7ms)[0m  [1m[35mCREATE TABLE "receivable_types" ("id" bigserial primary key, "base_spread" decimal(6,4) NOT NULL, "code" character varying NOT NULL, "created_at" timestamp(6) NOT NULL, "name" character varying NOT NULL, "updated_at" timestamp(6) NOT NULL) /*application='CreditEngine'*/[0m
  [1m[35m (1.6ms)[0m  [1m[35mCREATE UNIQUE INDEX "index_receivable_types_on_code" ON "receivable_types" ("code") /*application='CreditEngine'*/[0m
  [1m[35m (0.1ms)[0m  [1m[35mDROP TABLE IF EXISTS "receivables" CASCADE /*application='CreditEngine'*/[0m
  [1m[35m (3.1ms)[0m  [1m[35mCREATE TABLE "receivables" ("id" bigserial primary key, "base_rate_applied" decimal(6,4) NOT NULL, "created_at" timestamp(6) NOT NULL, "currency_id" bigint NOT NULL, "days_to_maturity" integer NOT NULL, "due_date" date NOT NULL, "exchange_rate_applied" decimal(18,8), "face_value" decimal(18,4) NOT NULL, "identifier" character varying NOT NULL, "net_value" decimal(18,4) NOT NULL, "operation_id" bigint NOT NULL, "receivable_type_id" bigint NOT NULL, "spread_applied" decimal(6,4) NOT NULL, "updated_at" timestamp(6) NOT NULL) /*application='CreditEngine'*/[0m
  [1m[35m (2.0ms)[0m  [1m[35mCREATE INDEX "index_receivables_on_currency_id" ON "receivables" ("currency_id") /*application='CreditEngine'*/[0m
  [1m[35m (1.8ms)[0m  [1m[35mCREATE INDEX "index_receivables_on_operation_id" ON "receivables" ("operation_id") /*application='CreditEngine'*/[0m
  [1m[35m (1.7ms)[0m  [1m[35mCREATE INDEX "index_receivables_on_receivable_type_id" ON "receivables" ("receivable_type_id") /*application='CreditEngine'*/[0m
  [1m[35m (2.7ms)[0m  [1m[35mALTER TABLE "exchange_rates" ADD CONSTRAINT "fk_rails_a7a7547392"
FOREIGN KEY ("from_currency_id")
  REFERENCES "currencies" ("id")
 /*application='CreditEngine'*/[0m
  [1m[35m (1.9ms)[0m  [1m[35mALTER TABLE "exchange_rates" ADD CONSTRAINT "fk_rails_096e5ba070"
FOREIGN KEY ("to_currency_id")
  REFERENCES "currencies" ("id")
 /*application='CreditEngine'*/[0m
  [1m[35m (1.8ms)[0m  [1m[35mALTER TABLE "operations" ADD CONSTRAINT "fk_rails_a1ac986f6e"
FOREIGN KEY ("payment_currency_id")
  REFERENCES "currencies" ("id")
 /*application='CreditEngine'*/[0m
  [1m[35m (2.2ms)[0m  [1m[35mALTER TABLE "receivables" ADD CONSTRAINT "fk_rails_99dbe80f49"
FOREIGN KEY ("currency_id")
  REFERENCES "currencies" ("id")
 /*application='CreditEngine'*/[0m
  [1m[35m (2.1ms)[0m  [1m[35mALTER TABLE "receivables" ADD CONSTRAINT "fk_rails_57cc17ca11"
FOREIGN KEY ("operation_id")
  REFERENCES "operations" ("id")
 /*application='CreditEngine'*/[0m
  [1m[35m (1.9ms)[0m  [1m[35mALTER TABLE "receivables" ADD CONSTRAINT "fk_rails_f80775e364"
FOREIGN KEY ("receivable_type_id")
  REFERENCES "receivable_types" ("id")
 /*application='CreditEngine'*/[0m
  [1m[35m (2.3ms)[0m  [1m[35mCREATE TABLE "schema_migrations" ("version" character varying NOT NULL PRIMARY KEY) /*application='CreditEngine'*/[0m
  [1m[36mActiveRecord::SchemaMigration Load (0.2ms)[0m  [1m[34mSELECT "schema_migrations"."version" FROM "schema_migrations" ORDER BY "schema_migrations"."version" ASC /*application='CreditEngine'*/[0m
  [1m[35m (1.5ms)[0m  [1m[32mINSERT INTO "schema_migrations" (version) VALUES (20260608125607) /*application='CreditEngine'*/[0m
  [1m[35m (1.6ms)[0m  [1m[32mINSERT INTO "schema_migrations" (version) VALUES
(20260608125603),
(20260608125600),
(20260608125557),
(20260608125553); /*application='CreditEngine'*/[0m
  [1m[35m (2.6ms)[0m  [1m[35mCREATE TABLE "ar_internal_metadata" ("key" character varying NOT NULL PRIMARY KEY, "value" character varying, "created_at" timestamp(6) NOT NULL, "updated_at" timestamp(6) NOT NULL) /*application='CreditEngine'*/[0m
  [1m[36mActiveRecord::InternalMetadata Load (0.5ms)[0m  [1m[34mSELECT * FROM "ar_internal_metadata" WHERE "ar_internal_metadata"."key" = 'environment' ORDER BY "ar_internal_metadata"."key" ASC LIMIT 1 /*application='CreditEngine'*/[0m
  [1m[36mActiveRecord::InternalMetadata Create (1.6ms)[0m  [1m[32mINSERT INTO "ar_internal_metadata" ("key", "value", "created_at", "updated_at") VALUES ('environment', 'development', '2026-06-08 13:23:06.002297', '2026-06-08 13:23:06.002300') RETURNING "key" /*application='CreditEngine'*/[0m
  [1m[36mActiveRecord::InternalMetadata Load (0.1ms)[0m  [1m[34mSELECT * FROM "ar_internal_metadata" WHERE "ar_internal_metadata"."key" = 'environment' ORDER BY "ar_internal_metadata"."key" ASC LIMIT 1 /*application='CreditEngine'*/[0m
  [1m[36mActiveRecord::InternalMetadata Update (1.4ms)[0m  [1m[33mUPDATE "ar_internal_metadata" SET "value" = 'test', "updated_at" = '2026-06-08 13:23:06.006095' WHERE "ar_internal_metadata"."key" = 'environment' /*application='CreditEngine'*/[0m
  [1m[36mActiveRecord::InternalMetadata Load (0.1ms)[0m  [1m[34mSELECT * FROM "ar_internal_metadata" WHERE "ar_internal_metadata"."key" = 'schema_sha1' ORDER BY "ar_internal_metadata"."key" ASC LIMIT 1 /*application='CreditEngine'*/[0m
  [1m[36mActiveRecord::InternalMetadata Create (1.5ms)[0m  [1m[32mINSERT INTO "ar_internal_metadata" ("key", "value", "created_at", "updated_at") VALUES ('schema_sha1', 'd112fe315c5421ec301e3c8b3476bd5be82fde63', '2026-06-08 13:23:06.008848', '2026-06-08 13:23:06.008850') RETURNING "key" /*application='CreditEngine'*/[0m
  [1m[36mActiveRecord::SchemaMigration Load (0.3ms)[0m  [1m[34mSELECT "schema_migrations"."version" FROM "schema_migrations" ORDER BY "schema_migrations"."version" ASC /*application='CreditEngine'*/[0m
  [1m[36mTRANSACTION (0.1ms)[0m  [1m[35mBEGIN /*application='CreditEngine'*/[0m
  [1m[36mReceivable Delete All (1.8ms)[0m  [1m[31mDELETE FROM "receivables" /*application='CreditEngine'*/[0m
  [1m[36mOperation Delete All (0.5ms)[0m  [1m[31mDELETE FROM "operations" /*application='CreditEngine'*/[0m
  [1m[36mExchangeRate Delete All (1.4ms)[0m  [1m[31mDELETE FROM "exchange_rates" /*application='CreditEngine'*/[0m
  [1m[36mReceivableType Delete All (1.1ms)[0m  [1m[31mDELETE FROM "receivable_types" /*application='CreditEngine'*/[0m
  [1m[36mCurrency Delete All (0.9ms)[0m  [1m[31mDELETE FROM "currencies" /*application='CreditEngine'*/[0m
  [1m[36mTRANSACTION (0.1ms)[0m  [1m[35mSAVEPOINT active_record_1 /*application='CreditEngine'*/[0m
  [1m[36mCurrency Exists? (1.4ms)[0m  [1m[34mSELECT 1 AS one FROM "currencies" WHERE LOWER("currencies"."code") = LOWER('BRL') LIMIT 1 /*application='CreditEngine'*/[0m
  [1m[36mCurrency Create (1.4ms)[0m  [1m[32mINSERT INTO "currencies" ("code", "name", "symbol", "created_at", "updated_at") VALUES ('BRL', 'Real', 'R$', '2026-06-08 13:23:06.117216', '2026-06-08 13:23:06.117216') RETURNING "id" /*application='CreditEngine'*/[0m
  [1m[36mTRANSACTION (0.1ms)[0m  [1m[35mRELEASE SAVEPOINT active_record_1 /*application='CreditEngine'*/[0m
  [1m[36mTRANSACTION (0.1ms)[0m  [1m[35mSAVEPOINT active_record_1 /*application='CreditEngine'*/[0m
  [1m[36mCurrency Exists? (1.1ms)[0m  [1m[34mSELECT 1 AS one FROM "currencies" WHERE LOWER("currencies"."code") = LOWER('USD') LIMIT 1 /*application='CreditEngine'*/[0m
  [1m[36mCurrency Create (0.1ms)[0m  [1m[32mINSERT INTO "currencies" ("code", "name", "symbol", "created_at", "updated_at") VALUES ('USD', 'Dollar', '$', '2026-06-08 13:23:06.123180', '2026-06-08 13:23:06.123180') RETURNING "id" /*application='CreditEngine'*/[0m
  [1m[36mTRANSACTION (0.1ms)[0m  [1m[35mRELEASE SAVEPOINT active_record_1 /*application='CreditEngine'*/[0m
  [1m[36mTRANSACTION (0.1ms)[0m  [1m[35mSAVEPOINT active_record_1 /*application='CreditEngine'*/[0m
  [1m[36mExchangeRate Exists? (1.7ms)[0m  [1m[34mSELECT 1 AS one FROM "exchange_rates" WHERE "exchange_rates"."reference_date" = '2026-06-08' AND "exchange_rates"."from_currency_id" = 4 AND "exchange_rates"."to_currency_id" = 3 LIMIT 1 /*application='CreditEngine'*/[0m
  [1m[36mExchangeRate Create (0.6ms)[0m  [1m[32mINSERT INTO "exchange_rates" ("from_currency_id", "to_currency_id", "rate", "reference_date", "created_at", "updated_at") VALUES (4, 3, 5.0, '2026-06-08', '2026-06-08 13:23:06.133769', '2026-06-08 13:23:06.133769') RETURNING "id" /*application='CreditEngine'*/[0m
  [1m[36mTRANSACTION (0.1ms)[0m  [1m[35mRELEASE SAVEPOINT active_record_1 /*application='CreditEngine'*/[0m
  [1m[36mTRANSACTION (0.1ms)[0m  [1m[35mSAVEPOINT active_record_1 /*application='CreditEngine'*/[0m
  [1m[36mExchangeRate Exists? (1.2ms)[0m  [1m[34mSELECT 1 AS one FROM "exchange_rates" WHERE "exchange_rates"."reference_date" = '2026-06-08' AND "exchange_rates"."from_currency_id" = 3 AND "exchange_rates"."to_currency_id" = 4 LIMIT 1 /*application='CreditEngine'*/[0m
  [1m[36mExchangeRate Create (0.2ms)[0m  [1m[32mINSERT INTO "exchange_rates" ("from_currency_id", "to_currency_id", "rate", "reference_date", "created_at", "updated_at") VALUES (3, 4, 0.2, '2026-06-08', '2026-06-08 13:23:06.138951', '2026-06-08 13:23:06.138951') RETURNING "id" /*application='CreditEngine'*/[0m
  [1m[36mTRANSACTION (0.1ms)[0m  [1m[35mRELEASE SAVEPOINT active_record_1 /*application='CreditEngine'*/[0m
  [1m[36mTRANSACTION (0.1ms)[0m  [1m[35mSAVEPOINT active_record_1 /*application='CreditEngine'*/[0m
  [1m[36mReceivableType Exists? (1.2ms)[0m  [1m[34mSELECT 1 AS one FROM "receivable_types" WHERE LOWER("receivable_types"."code") = LOWER('duplicata') LIMIT 1 /*application='CreditEngine'*/[0m
  [1m[36mReceivableType Create (0.5ms)[0m  [1m[32mINSERT INTO "receivable_types" ("name", "code", "base_spread", "created_at", "updated_at") VALUES ('Duplicata Mercantil', 'duplicata', 0.015, '2026-06-08 13:23:06.146309', '2026-06-08 13:23:06.146309') RETURNING "id" /*application='CreditEngine'*/[0m
  [1m[36mTRANSACTION (0.1ms)[0m  [1m[35mRELEASE SAVEPOINT active_record_1 /*application='CreditEngine'*/[0m
  [1m[36mTRANSACTION (0.1ms)[0m  [1m[35mSAVEPOINT active_record_1 /*application='CreditEngine'*/[0m
  [1m[36mReceivableType Exists? (1.1ms)[0m  [1m[34mSELECT 1 AS one FROM "receivable_types" WHERE LOWER("receivable_types"."code") = LOWER('cheque') LIMIT 1 /*application='CreditEngine'*/[0m
  [1m[36mReceivableType Create (0.1ms)[0m  [1m[32mINSERT INTO "receivable_types" ("name", "code", "base_spread", "created_at", "updated_at") VALUES ('Cheque Pré-datado', 'cheque', 0.025, '2026-06-08 13:23:06.150784', '2026-06-08 13:23:06.150784') RETURNING "id" /*application='CreditEngine'*/[0m
  [1m[36mTRANSACTION (0.1ms)[0m  [1m[35mRELEASE SAVEPOINT active_record_1 /*application='CreditEngine'*/[0m
[ActionDispatch::HostAuthorization::DefaultResponseApp] Blocked hosts: www.example.com
  [1m[36mTRANSACTION (0.2ms)[0m  [1m[31mROLLBACK /*application='CreditEngine'*/[0m
  [1m[36mTRANSACTION (0.1ms)[0m  [1m[35mBEGIN /*application='CreditEngine'*/[0m
  [1m[36mReceivable Delete All (0.1ms)[0m  [1m[31mDELETE FROM "receivables" /*application='CreditEngine'*/[0m
  [1m[36mOperation Delete All (0.1ms)[0m  [1m[31mDELETE FROM "operations" /*application='CreditEngine'*/[0m
  [1m[36mExchangeRate Delete All (0.1ms)[0m  [1m[31mDELETE FROM "exchange_rates" /*application='CreditEngine'*/[0m
  [1m[36mReceivableType Delete All (0.3ms)[0m  [1m[31mDELETE FROM "receivable_types" /*application='CreditEngine'*/[0m
  [1m[36mCurrency Delete All (0.4ms)[0m  [1m[31mDELETE FROM "currencies" /*application='CreditEngine'*/[0m
  [1m[36mTRANSACTION (0.1ms)[0m  [1m[35mSAVEPOINT active_record_1 /*application='CreditEngine'*/[0m
  [1m[36mCurrency Exists? (1.3ms)[0m  [1m[34mSELECT 1 AS one FROM "currencies" WHERE LOWER("currencies"."code") = LOWER('BRL') LIMIT 1 /*application='CreditEngine'*/[0m
  [1m[36mCurrency Create (0.3ms)[0m  [1m[32mINSERT INTO "currencies" ("code", "name", "symbol", "created_at", "updated_at") VALUES ('BRL', 'Real', 'R$', '2026-06-08 13:23:06.194436', '2026-06-08 13:23:06.194436') RETURNING "id" /*application='CreditEngine'*/[0m
  [1m[36mTRANSACTION (0.1ms)[0m  [1m[35mRELEASE SAVEPOINT active_record_1 /*application='CreditEngine'*/[0m
  [1m[36mTRANSACTION (0.1ms)[0m  [1m[35mSAVEPOINT active_record_1 /*application='CreditEngine'*/[0m
  [1m[36mCurrency Exists? (1.1ms)[0m  [1m[34mSELECT 1 AS one FROM "currencies" WHERE LOWER("currencies"."code") = LOWER('USD') LIMIT 1 /*application='CreditEngine'*/[0m
  [1m[36mCurrency Create (0.1ms)[0m  [1m[32mINSERT INTO "currencies" ("code", "name", "symbol", "created_at", "updated_at") VALUES ('USD', 'Dollar', '$', '2026-06-08 13:23:06.199229', '2026-06-08 13:23:06.199229') RETURNING "id" /*application='CreditEngine'*/[0m
  [1m[36mTRANSACTION (0.1ms)[0m  [1m[35mRELEASE SAVEPOINT active_record_1 /*application='CreditEngine'*/[0m
  [1m[36mTRANSACTION (0.1ms)[0m  [1m[35mSAVEPOINT active_record_1 /*application='CreditEngine'*/[0m
  [1m[36mExchangeRate Exists? (31.9ms)[0m  [1m[34mSELECT 1 AS one FROM "exchange_rates" WHERE "exchange_rates"."reference_date" = '2026-06-08' AND "exchange_rates"."from_currency_id" = 6 AND "exchange_rates"."to_currency_id" = 5 LIMIT 1 /*application='CreditEngine'*/[0m
  [1m[36mExchangeRate Create (0.3ms)[0m  [1m[32mINSERT INTO "exchange_rates" ("from_currency_id", "to_currency_id", "rate", "reference_date", "created_at", "updated_at") VALUES (6, 5, 5.0, '2026-06-08', '2026-06-08 13:23:06.234708', '2026-06-08 13:23:06.234708') RETURNING "id" /*application='CreditEngine'*/[0m
  [1m[36mTRANSACTION (0.1ms)[0m  [1m[35mRELEASE SAVEPOINT active_record_1 /*application='CreditEngine'*/[0m
  [1m[36mTRANSACTION (0.1ms)[0m  [1m[35mSAVEPOINT active_record_1 /*application='CreditEngine'*/[0m
  [1m[36mExchangeRate Exists? (1.1ms)[0m  [1m[34mSELECT 1 AS one FROM "exchange_rates" WHERE "exchange_rates"."reference_date" = '2026-06-08' AND "exchange_rates"."from_currency_id" = 5 AND "exchange_rates"."to_currency_id" = 6 LIMIT 1 /*application='CreditEngine'*/[0m
  [1m[36mExchangeRate Create (0.2ms)[0m  [1m[32mINSERT INTO "exchange_rates" ("from_currency_id", "to_currency_id", "rate", "reference_date", "created_at", "updated_at") VALUES (5, 6, 0.2, '2026-06-08', '2026-06-08 13:23:06.241191', '2026-06-08 13:23:06.241191') RETURNING "id" /*application='CreditEngine'*/[0m
  [1m[36mTRANSACTION (0.1ms)[0m  [1m[35mRELEASE SAVEPOINT active_record_1 /*application='CreditEngine'*/[0m
  [1m[36mTRANSACTION (0.1ms)[0m  [1m[35mSAVEPOINT active_record_1 /*application='CreditEngine'*/[0m
  [1m[36mReceivableType Exists? (1.2ms)[0m  [1m[34mSELECT 1 AS one FROM "receivable_types" WHERE LOWER("receivable_types"."code") = LOWER('duplicata') LIMIT 1 /*application='CreditEngine'*/[0m
  [1m[36mReceivableType Create (0.1ms)[0m  [1m[32mINSERT INTO "receivable_types" ("name", "code", "base_spread", "created_at", "updated_at") VALUES ('Duplicata Mercantil', 'duplicata', 0.015, '2026-06-08 13:23:06.245526', '2026-06-08 13:23:06.245526') RETURNING "id" /*application='CreditEngine'*/[0m
  [1m[36mTRANSACTION (0.1ms)[0m  [1m[35mRELEASE SAVEPOINT active_record_1 /*application='CreditEngine'*/[0m
  [1m[36mTRANSACTION (0.1ms)[0m  [1m[35mSAVEPOINT active_record_1 /*application='CreditEngine'*/[0m
  [1m[36mReceivableType Exists? (1.0ms)[0m  [1m[34mSELECT 1 AS one FROM "receivable_types" WHERE LOWER("receivable_types"."code") = LOWER('cheque') LIMIT 1 /*application='CreditEngine'*/[0m
  [1m[36mReceivableType Create (0.2ms)[0m  [1m[32mINSERT INTO "receivable_types" ("name", "code", "base_spread", "created_at", "updated_at") VALUES ('Cheque Pré-datado', 'cheque', 0.025, '2026-06-08 13:23:06.250491', '2026-06-08 13:23:06.250491') RETURNING "id" /*application='CreditEngine'*/[0m
  [1m[36mTRANSACTION (0.1ms)[0m  [1m[35mRELEASE SAVEPOINT active_record_1 /*application='CreditEngine'*/[0m
[ActionDispatch::HostAuthorization::DefaultResponseApp] Blocked hosts: www.example.com
  [1m[36mTRANSACTION (0.1ms)[0m  [1m[31mROLLBACK /*application='CreditEngine'*/[0m
  [1m[36mTRANSACTION (0.1ms)[0m  [1m[35mBEGIN /*application='CreditEngine'*/[0m
  [1m[36mReceivable Delete All (0.1ms)[0m  [1m[31mDELETE FROM "receivables" /*application='CreditEngine'*/[0m
  [1m[36mOperation Delete All (0.1ms)[0m  [1m[31mDELETE FROM "operations" /*application='CreditEngine'*/[0m
  [1m[36mExchangeRate Delete All (0.1ms)[0m  [1m[31mDELETE FROM "exchange_rates" /*application='CreditEngine'*/[0m
  [1m[36mReceivableType Delete All (0.2ms)[0m  [1m[31mDELETE FROM "receivable_types" /*application='CreditEngine'*/[0m
  [1m[36mCurrency Delete All (0.5ms)[0m  [1m[31mDELETE FROM "currencies" /*application='CreditEngine'*/[0m
  [1m[36mTRANSACTION (0.1ms)[0m  [1m[35mSAVEPOINT active_record_1 /*application='CreditEngine'*/[0m
  [1m[36mCurrency Exists? (1.0ms)[0m  [1m[34mSELECT 1 AS one FROM "currencies" WHERE LOWER("currencies"."code") = LOWER('BRL') LIMIT 1 /*application='CreditEngine'*/[0m
  [1m[36mCurrency Create (0.1ms)[0m  [1m[32mINSERT INTO "currencies" ("code", "name", "symbol", "created_at", "updated_at") VALUES ('BRL', 'Real', 'R$', '2026-06-08 13:23:06.265744', '2026-06-08 13:23:06.265744') RETURNING "id" /*application='CreditEngine'*/[0m
  [1m[36mTRANSACTION (0.1ms)[0m  [1m[35mRELEASE SAVEPOINT active_record_1 /*application='CreditEngine'*/[0m
  [1m[36mTRANSACTION (0.1ms)[0m  [1m[35mSAVEPOINT active_record_1 /*application='CreditEngine'*/[0m
  [1m[36mCurrency Exists? (1.0ms)[0m  [1m[34mSELECT 1 AS one FROM "currencies" WHERE LOWER("currencies"."code") = LOWER('USD') LIMIT 1 /*application='CreditEngine'*/[0m
  [1m[36mCurrency Create (0.1ms)[0m  [1m[32mINSERT INTO "currencies" ("code", "name", "symbol", "created_at", "updated_at") VALUES ('USD', 'Dollar', '$', '2026-06-08 13:23:06.270795', '2026-06-08 13:23:06.270795') RETURNING "id" /*application='CreditEngine'*/[0m
  [1m[36mTRANSACTION (0.1ms)[0m  [1m[35mRELEASE SAVEPOINT active_record_1 /*application='CreditEngine'*/[0m
  [1m[36mTRANSACTION (0.1ms)[0m  [1m[35mSAVEPOINT active_record_1 /*application='CreditEngine'*/[0m
  [1m[36mExchangeRate Exists? (1.9ms)[0m  [1m[34mSELECT 1 AS one FROM "exchange_rates" WHERE "exchange_rates"."reference_date" = '2026-06-08' AND "exchange_rates"."from_currency_id" = 8 AND "exchange_rates"."to_currency_id" = 7 LIMIT 1 /*application='CreditEngine'*/[0m
  [1m[36mExchangeRate Create (0.4ms)[0m  [1m[32mINSERT INTO "exchange_rates" ("from_currency_id", "to_currency_id", "rate", "reference_date", "created_at", "updated_at") VALUES (8, 7, 5.0, '2026-06-08', '2026-06-08 13:23:06.276521', '2026-06-08 13:23:06.276521') RETURNING "id" /*application='CreditEngine'*/[0m
  [1m[36mTRANSACTION (0.1ms)[0m  [1m[35mRELEASE SAVEPOINT active_record_1 /*application='CreditEngine'*/[0m
  [1m[36mTRANSACTION (0.1ms)[0m  [1m[35mSAVEPOINT active_record_1 /*application='CreditEngine'*/[0m
  [1m[36mExchangeRate Exists? (1.2ms)[0m  [1m[34mSELECT 1 AS one FROM "exchange_rates" WHERE "exchange_rates"."reference_date" = '2026-06-08' AND "exchange_rates"."from_currency_id" = 7 AND "exchange_rates"."to_currency_id" = 8 LIMIT 1 /*application='CreditEngine'*/[0m
  [1m[36mExchangeRate Create (0.2ms)[0m  [1m[32mINSERT INTO "exchange_rates" ("from_currency_id", "to_currency_id", "rate", "reference_date", "created_at", "updated_at") VALUES (7, 8, 0.2, '2026-06-08', '2026-06-08 13:23:06.282535', '2026-06-08 13:23:06.282535') RETURNING "id" /*application='CreditEngine'*/[0m
  [1m[36mTRANSACTION (0.1ms)[0m  [1m[35mRELEASE SAVEPOINT active_record_1 /*application='CreditEngine'*/[0m
  [1m[36mTRANSACTION (0.1ms)[0m  [1m[35mSAVEPOINT active_record_1 /*application='CreditEngine'*/[0m
  [1m[36mReceivableType Exists? (1.5ms)[0m  [1m[34mSELECT 1 AS one FROM "receivable_types" WHERE LOWER("receivable_types"."code") = LOWER('duplicata') LIMIT 1 /*application='CreditEngine'*/[0m
  [1m[36mReceivableType Create (0.2ms)[0m  [1m[32mINSERT INTO "receivable_types" ("name", "code", "base_spread", "created_at", "updated_at") VALUES ('Duplicata Mercantil', 'duplicata', 0.015, '2026-06-08 13:23:06.287788', '2026-06-08 13:23:06.287788') RETURNING "id" /*application='CreditEngine'*/[0m
  [1m[36mTRANSACTION (0.1ms)[0m  [1m[35mRELEASE SAVEPOINT active_record_1 /*application='CreditEngine'*/[0m
  [1m[36mTRANSACTION (0.1ms)[0m  [1m[35mSAVEPOINT active_record_1 /*application='CreditEngine'*/[0m
  [1m[36mReceivableType Exists? (1.3ms)[0m  [1m[34mSELECT 1 AS one FROM "receivable_types" WHERE LOWER("receivable_types"."code") = LOWER('cheque') LIMIT 1 /*application='CreditEngine'*/[0m
  [1m[36mReceivableType Create (0.3ms)[0m  [1m[32mINSERT INTO "receivable_types" ("name", "code", "base_spread", "created_at", "updated_at") VALUES ('Cheque Pré-datado', 'cheque', 0.025, '2026-06-08 13:23:06.293440', '2026-06-08 13:23:06.293440') RETURNING "id" /*application='CreditEngine'*/[0m
  [1m[36mTRANSACTION (0.1ms)[0m  [1m[35mRELEASE SAVEPOINT active_record_1 /*application='CreditEngine'*/[0m
[ActionDispatch::HostAuthorization::DefaultResponseApp] Blocked hosts: www.example.com
  [1m[36mTRANSACTION (0.1ms)[0m  [1m[31mROLLBACK /*application='CreditEngine'*/[0m
  [1m[36mTRANSACTION (0.1ms)[0m  [1m[35mBEGIN /*application='CreditEngine'*/[0m
  [1m[36mReceivable Delete All (0.1ms)[0m  [1m[31mDELETE FROM "receivables" /*application='CreditEngine'*/[0m
  [1m[36mOperation Delete All (0.1ms)[0m  [1m[31mDELETE FROM "operations" /*application='CreditEngine'*/[0m
  [1m[36mExchangeRate Delete All (0.1ms)[0m  [1m[31mDELETE FROM "exchange_rates" /*application='CreditEngine'*/[0m
  [1m[36mReceivableType Delete All (0.1ms)[0m  [1m[31mDELETE FROM "receivable_types" /*application='CreditEngine'*/[0m
  [1m[36mCurrency Delete All (0.2ms)[0m  [1m[31mDELETE FROM "currencies" /*application='CreditEngine'*/[0m
  [1m[36mTRANSACTION (0.1ms)[0m  [1m[35mSAVEPOINT active_record_1 /*application='CreditEngine'*/[0m
  [1m[36mCurrency Exists? (1.2ms)[0m  [1m[34mSELECT 1 AS one FROM "currencies" WHERE LOWER("currencies"."code") = LOWER('BRL') LIMIT 1 /*application='CreditEngine'*/[0m
  [1m[36mCurrency Create (0.1ms)[0m  [1m[32mINSERT INTO "currencies" ("code", "name", "symbol", "created_at", "updated_at") VALUES ('BRL', 'Real', 'R$', '2026-06-08 13:23:06.306476', '2026-06-08 13:23:06.306476') RETURNING "id" /*application='CreditEngine'*/[0m
  [1m[36mTRANSACTION (0.1ms)[0m  [1m[35mRELEASE SAVEPOINT active_record_1 /*application='CreditEngine'*/[0m
  [1m[36mTRANSACTION (0.1ms)[0m  [1m[35mSAVEPOINT active_record_1 /*application='CreditEngine'*/[0m
  [1m[36mCurrency Exists? (1.2ms)[0m  [1m[34mSELECT 1 AS one FROM "currencies" WHERE LOWER("currencies"."code") = LOWER('USD') LIMIT 1 /*application='CreditEngine'*/[0m
  [1m[36mCurrency Create (0.1ms)[0m  [1m[32mINSERT INTO "currencies" ("code", "name", "symbol", "created_at", "updated_at") VALUES ('USD', 'Dollar', '$', '2026-06-08 13:23:06.311004', '2026-06-08 13:23:06.311004') RETURNING "id" /*application='CreditEngine'*/[0m
  [1m[36mTRANSACTION (0.1ms)[0m  [1m[35mRELEASE SAVEPOINT active_record_1 /*application='CreditEngine'*/[0m
  [1m[36mTRANSACTION (0.1ms)[0m  [1m[35mSAVEPOINT active_record_1 /*application='CreditEngine'*/[0m
  [1m[36mExchangeRate Exists? (1.1ms)[0m  [1m[34mSELECT 1 AS one FROM "exchange_rates" WHERE "exchange_rates"."reference_date" = '2026-06-08' AND "exchange_rates"."from_currency_id" = 10 AND "exchange_rates"."to_currency_id" = 9 LIMIT 1 /*application='CreditEngine'*/[0m
  [1m[36mExchangeRate Create (0.8ms)[0m  [1m[32mINSERT INTO "exchange_rates" ("from_currency_id", "to_currency_id", "rate", "reference_date", "created_at", "updated_at") VALUES (10, 9, 5.0, '2026-06-08', '2026-06-08 13:23:06.333874', '2026-06-08 13:23:06.333874') RETURNING "id" /*application='CreditEngine'*/[0m
  [1m[36mTRANSACTION (0.1ms)[0m  [1m[35mRELEASE SAVEPOINT active_record_1 /*application='CreditEngine'*/[0m
  [1m[36mTRANSACTION (0.1ms)[0m  [1m[35mSAVEPOINT active_record_1 /*application='CreditEngine'*/[0m
  [1m[36mExchangeRate Exists? (1.5ms)[0m  [1m[34mSELECT 1 AS one FROM "exchange_rates" WHERE "exchange_rates"."reference_date" = '2026-06-08' AND "exchange_rates"."from_currency_id" = 9 AND "exchange_rates"."to_currency_id" = 10 LIMIT 1 /*application='CreditEngine'*/[0m
  [1m[36mExchangeRate Create (0.3ms)[0m  [1m[32mINSERT INTO "exchange_rates" ("from_currency_id", "to_currency_id", "rate", "reference_date", "created_at", "updated_at") VALUES (9, 10, 0.2, '2026-06-08', '2026-06-08 13:23:06.340502', '2026-06-08 13:23:06.340502') RETURNING "id" /*application='CreditEngine'*/[0m
  [1m[36mTRANSACTION (0.1ms)[0m  [1m[35mRELEASE SAVEPOINT active_record_1 /*application='CreditEngine'*/[0m
  [1m[36mTRANSACTION (0.1ms)[0m  [1m[35mSAVEPOINT active_record_1 /*application='CreditEngine'*/[0m
  [1m[36mReceivableType Exists? (1.3ms)[0m  [1m[34mSELECT 1 AS one FROM "receivable_types" WHERE LOWER("receivable_types"."code") = LOWER('duplicata') LIMIT 1 /*application='CreditEngine'*/[0m
  [1m[36mReceivableType Create (0.2ms)[0m  [1m[32mINSERT INTO "receivable_types" ("name", "code", "base_spread", "created_at", "updated_at") VALUES ('Duplicata Mercantil', 'duplicata', 0.015, '2026-06-08 13:23:06.345644', '2026-06-08 13:23:06.345644') RETURNING "id" /*application='CreditEngine'*/[0m
  [1m[36mTRANSACTION (0.1ms)[0m  [1m[35mRELEASE SAVEPOINT active_record_1 /*application='CreditEngine'*/[0m
  [1m[36mTRANSACTION (0.1ms)[0m  [1m[35mSAVEPOINT active_record_1 /*application='CreditEngine'*/[0m
  [1m[36mReceivableType Exists? (1.0ms)[0m  [1m[34mSELECT 1 AS one FROM "receivable_types" WHERE LOWER("receivable_types"."code") = LOWER('cheque') LIMIT 1 /*application='CreditEngine'*/[0m
  [1m[36mReceivableType Create (0.1ms)[0m  [1m[32mINSERT INTO "receivable_types" ("name", "code", "base_spread", "created_at", "updated_at") VALUES ('Cheque Pré-datado', 'cheque', 0.025, '2026-06-08 13:23:06.350319', '2026-06-08 13:23:06.350319') RETURNING "id" /*application='CreditEngine'*/[0m
  [1m[36mTRANSACTION (0.1ms)[0m  [1m[35mRELEASE SAVEPOINT active_record_1 /*application='CreditEngine'*/[0m
  [1m[36mOperation Count (4.4ms)[0m  [1m[34mSELECT COUNT(*) FROM "operations" /*application='CreditEngine'*/[0m
  [1m[36mReceivable Count (0.2ms)[0m  [1m[34mSELECT COUNT(*) FROM "receivables" /*application='CreditEngine'*/[0m
[ActionDispatch::HostAuthorization::DefaultResponseApp] Blocked hosts: www.example.com
  [1m[36mOperation Count (0.1ms)[0m  [1m[34mSELECT COUNT(*) FROM "operations" /*application='CreditEngine'*/[0m
  [1m[36mReceivable Count (0.1ms)[0m  [1m[34mSELECT COUNT(*) FROM "receivables" /*application='CreditEngine'*/[0m
  [1m[36mTRANSACTION (0.1ms)[0m  [1m[31mROLLBACK /*application='CreditEngine'*/[0m
  [1m[36mTRANSACTION (0.1ms)[0m  [1m[35mBEGIN /*application='CreditEngine'*/[0m
  [1m[36mReceivable Delete All (0.1ms)[0m  [1m[31mDELETE FROM "receivables" /*application='CreditEngine'*/[0m
  [1m[36mOperation Delete All (0.1ms)[0m  [1m[31mDELETE FROM "operations" /*application='CreditEngine'*/[0m
  [1m[36mExchangeRate Delete All (0.1ms)[0m  [1m[31mDELETE FROM "exchange_rates" /*application='CreditEngine'*/[0m
  [1m[36mReceivableType Delete All (0.2ms)[0m  [1m[31mDELETE FROM "receivable_types" /*application='CreditEngine'*/[0m
  [1m[36mCurrency Delete All (0.2ms)[0m  [1m[31mDELETE FROM "currencies" /*application='CreditEngine'*/[0m
  [1m[36mTRANSACTION (0.1ms)[0m  [1m[35mSAVEPOINT active_record_1 /*application='CreditEngine'*/[0m
  [1m[36mCurrency Exists? (1.7ms)[0m  [1m[34mSELECT 1 AS one FROM "currencies" WHERE LOWER("currencies"."code") = LOWER('BRL') LIMIT 1 /*application='CreditEngine'*/[0m
  [1m[36mCurrency Create (0.1ms)[0m  [1m[32mINSERT INTO "currencies" ("code", "name", "symbol", "created_at", "updated_at") VALUES ('BRL', 'Real', 'R$', '2026-06-08 13:23:06.373889', '2026-06-08 13:23:06.373889') RETURNING "id" /*application='CreditEngine'*/[0m
  [1m[36mTRANSACTION (0.1ms)[0m  [1m[35mRELEASE SAVEPOINT active_record_1 /*application='CreditEngine'*/[0m
  [1m[36mTRANSACTION (0.1ms)[0m  [1m[35mSAVEPOINT active_record_1 /*application='CreditEngine'*/[0m
  [1m[36mCurrency Exists? (1.1ms)[0m  [1m[34mSELECT 1 AS one FROM "currencies" WHERE LOWER("currencies"."code") = LOWER('USD') LIMIT 1 /*application='CreditEngine'*/[0m
  [1m[36mCurrency Create (0.1ms)[0m  [1m[32mINSERT INTO "currencies" ("code", "name", "symbol", "created_at", "updated_at") VALUES ('USD', 'Dollar', '$', '2026-06-08 13:23:06.377921', '2026-06-08 13:23:06.377921') RETURNING "id" /*application='CreditEngine'*/[0m
  [1m[36mTRANSACTION (0.1ms)[0m  [1m[35mRELEASE SAVEPOINT active_record_1 /*application='CreditEngine'*/[0m
  [1m[36mTRANSACTION (0.1ms)[0m  [1m[35mSAVEPOINT active_record_1 /*application='CreditEngine'*/[0m
  [1m[36mExchangeRate Exists? (1.1ms)[0m  [1m[34mSELECT 1 AS one FROM "exchange_rates" WHERE "exchange_rates"."reference_date" = '2026-06-08' AND "exchange_rates"."from_currency_id" = 12 AND "exchange_rates"."to_currency_id" = 11 LIMIT 1 /*application='CreditEngine'*/[0m
  [1m[36mExchangeRate Create (0.2ms)[0m  [1m[32mINSERT INTO "exchange_rates" ("from_currency_id", "to_currency_id", "rate", "reference_date", "created_at", "updated_at") VALUES (12, 11, 5.0, '2026-06-08', '2026-06-08 13:23:06.382519', '2026-06-08 13:23:06.382519') RETURNING "id" /*application='CreditEngine'*/[0m
  [1m[36mTRANSACTION (0.1ms)[0m  [1m[35mRELEASE SAVEPOINT active_record_1 /*application='CreditEngine'*/[0m
  [1m[36mTRANSACTION (0.1ms)[0m  [1m[35mSAVEPOINT active_record_1 /*application='CreditEngine'*/[0m
  [1m[36mExchangeRate Exists? (1.0ms)[0m  [1m[34mSELECT 1 AS one FROM "exchange_rates" WHERE "exchange_rates"."reference_date" = '2026-06-08' AND "exchange_rates"."from_currency_id" = 11 AND "exchange_rates"."to_currency_id" = 12 LIMIT 1 /*application='CreditEngine'*/[0m
  [1m[36mExchangeRate Create (0.2ms)[0m  [1m[32mINSERT INTO "exchange_rates" ("from_currency_id", "to_currency_id", "rate", "reference_date", "created_at", "updated_at") VALUES (11, 12, 0.2, '2026-06-08', '2026-06-08 13:23:06.386799', '2026-06-08 13:23:06.386799') RETURNING "id" /*application='CreditEngine'*/[0m
  [1m[36mTRANSACTION (0.1ms)[0m  [1m[35mRELEASE SAVEPOINT active_record_1 /*application='CreditEngine'*/[0m
  [1m[36mTRANSACTION (0.1ms)[0m  [1m[35mSAVEPOINT active_record_1 /*application='CreditEngine'*/[0m
  [1m[36mReceivableType Exists? (1.9ms)[0m  [1m[34mSELECT 1 AS one FROM "receivable_types" WHERE LOWER("receivable_types"."code") = LOWER('duplicata') LIMIT 1 /*application='CreditEngine'*/[0m
  [1m[36mReceivableType Create (0.2ms)[0m  [1m[32mINSERT INTO "receivable_types" ("name", "code", "base_spread", "created_at", "updated_at") VALUES ('Duplicata Mercantil', 'duplicata', 0.015, '2026-06-08 13:23:06.392246', '2026-06-08 13:23:06.392246') RETURNING "id" /*application='CreditEngine'*/[0m
  [1m[36mTRANSACTION (0.1ms)[0m  [1m[35mRELEASE SAVEPOINT active_record_1 /*application='CreditEngine'*/[0m
  [1m[36mTRANSACTION (0.1ms)[0m  [1m[35mSAVEPOINT active_record_1 /*application='CreditEngine'*/[0m
  [1m[36mReceivableType Exists? (1.2ms)[0m  [1m[34mSELECT 1 AS one FROM "receivable_types" WHERE LOWER("receivable_types"."code") = LOWER('cheque') LIMIT 1 /*application='CreditEngine'*/[0m
  [1m[36mReceivableType Create (0.1ms)[0m  [1m[32mINSERT INTO "receivable_types" ("name", "code", "base_spread", "created_at", "updated_at") VALUES ('Cheque Pré-datado', 'cheque', 0.025, '2026-06-08 13:23:06.397051', '2026-06-08 13:23:06.397051') RETURNING "id" /*application='CreditEngine'*/[0m
  [1m[36mTRANSACTION (0.1ms)[0m  [1m[35mRELEASE SAVEPOINT active_record_1 /*application='CreditEngine'*/[0m
  [1m[36mReceivable Count (0.1ms)[0m  [1m[34mSELECT COUNT(*) FROM "receivables" /*application='CreditEngine'*/[0m
  [1m[36mOperation Count (0.1ms)[0m  [1m[34mSELECT COUNT(*) FROM "operations" /*application='CreditEngine'*/[0m
[ActionDispatch::HostAuthorization::DefaultResponseApp] Blocked hosts: www.example.com
  [1m[36mOperation Count (0.1ms)[0m  [1m[34mSELECT COUNT(*) FROM "operations" /*application='CreditEngine'*/[0m
  [1m[36mReceivable Count (0.1ms)[0m  [1m[34mSELECT COUNT(*) FROM "receivables" /*application='CreditEngine'*/[0m
  [1m[36mTRANSACTION (0.2ms)[0m  [1m[31mROLLBACK /*application='CreditEngine'*/[0m
  [1m[36mTRANSACTION (0.1ms)[0m  [1m[35mBEGIN /*application='CreditEngine'*/[0m
  [1m[36mReceivable Delete All (0.1ms)[0m  [1m[31mDELETE FROM "receivables" /*application='CreditEngine'*/[0m
  [1m[36mOperation Delete All (0.1ms)[0m  [1m[31mDELETE FROM "operations" /*application='CreditEngine'*/[0m
  [1m[36mExchangeRate Delete All (0.1ms)[0m  [1m[31mDELETE FROM "exchange_rates" /*application='CreditEngine'*/[0m
  [1m[36mReceivableType Delete All (0.1ms)[0m  [1m[31mDELETE FROM "receivable_types" /*application='CreditEngine'*/[0m
  [1m[36mCurrency Delete All (0.2ms)[0m  [1m[31mDELETE FROM "currencies" /*application='CreditEngine'*/[0m
  [1m[36mTRANSACTION (0.1ms)[0m  [1m[35mSAVEPOINT active_record_1 /*application='CreditEngine'*/[0m
  [1m[36mCurrency Exists? (1.1ms)[0m  [1m[34mSELECT 1 AS one FROM "currencies" WHERE LOWER("currencies"."code") = LOWER('BRL') LIMIT 1 /*application='CreditEngine'*/[0m
  [1m[36mCurrency Create (0.1ms)[0m  [1m[32mINSERT INTO "currencies" ("code", "name", "symbol", "created_at", "updated_at") VALUES ('BRL', 'Real', 'R$', '2026-06-08 13:23:06.424935', '2026-06-08 13:23:06.424935') RETURNING "id" /*application='CreditEngine'*/[0m
  [1m[36mTRANSACTION (0.1ms)[0m  [1m[35mRELEASE SAVEPOINT active_record_1 /*application='CreditEngine'*/[0m
  [1m[36mTRANSACTION (0.1ms)[0m  [1m[35mSAVEPOINT active_record_1 /*application='CreditEngine'*/[0m
  [1m[36mCurrency Exists? (1.2ms)[0m  [1m[34mSELECT 1 AS one FROM "currencies" WHERE LOWER("currencies"."code") = LOWER('USD') LIMIT 1 /*application='CreditEngine'*/[0m
  [1m[36mCurrency Create (0.2ms)[0m  [1m[32mINSERT INTO "currencies" ("code", "name", "symbol", "created_at", "updated_at") VALUES ('USD', 'Dollar', '$', '2026-06-08 13:23:06.429281', '2026-06-08 13:23:06.429281') RETURNING "id" /*application='CreditEngine'*/[0m
  [1m[36mTRANSACTION (0.1ms)[0m  [1m[35mRELEASE SAVEPOINT active_record_1 /*application='CreditEngine'*/[0m
  [1m[36mTRANSACTION (0.1ms)[0m  [1m[35mSAVEPOINT active_record_1 /*application='CreditEngine'*/[0m
  [1m[36mExchangeRate Exists? (18.3ms)[0m  [1m[34mSELECT 1 AS one FROM "exchange_rates" WHERE "exchange_rates"."reference_date" = '2026-06-08' AND "exchange_rates"."from_currency_id" = 14 AND "exchange_rates"."to_currency_id" = 13 LIMIT 1 /*application='CreditEngine'*/[0m
  [1m[36mExchangeRate Create (0.2ms)[0m  [1m[32mINSERT INTO "exchange_rates" ("from_currency_id", "to_currency_id", "rate", "reference_date", "created_at", "updated_at") VALUES (14, 13, 5.0, '2026-06-08', '2026-06-08 13:23:06.451618', '2026-06-08 13:23:06.451618') RETURNING "id" /*application='CreditEngine'*/[0m
  [1m[36mTRANSACTION (0.1ms)[0m  [1m[35mRELEASE SAVEPOINT active_record_1 /*application='CreditEngine'*/[0m
  [1m[36mTRANSACTION (0.1ms)[0m  [1m[35mSAVEPOINT active_record_1 /*application='CreditEngine'*/[0m
  [1m[36mExchangeRate Exists? (1.2ms)[0m  [1m[34mSELECT 1 AS one FROM "exchange_rates" WHERE "exchange_rates"."reference_date" = '2026-06-08' AND "exchange_rates"."from_currency_id" = 13 AND "exchange_rates"."to_currency_id" = 14 LIMIT 1 /*application='CreditEngine'*/[0m
  [1m[36mExchangeRate Create (0.2ms)[0m  [1m[32mINSERT INTO "exchange_rates" ("from_currency_id", "to_currency_id", "rate", "reference_date", "created_at", "updated_at") VALUES (13, 14, 0.2, '2026-06-08', '2026-06-08 13:23:06.456892', '2026-06-08 13:23:06.456892') RETURNING "id" /*application='CreditEngine'*/[0m
  [1m[36mTRANSACTION (0.1ms)[0m  [1m[35mRELEASE SAVEPOINT active_record_1 /*application='CreditEngine'*/[0m
  [1m[36mTRANSACTION (0.1ms)[0m  [1m[35mSAVEPOINT active_record_1 /*application='CreditEngine'*/[0m
  [1m[36mReceivableType Exists? (1.1ms)[0m  [1m[34mSELECT 1 AS one FROM "receivable_types" WHERE LOWER("receivable_types"."code") = LOWER('duplicata') LIMIT 1 /*application='CreditEngine'*/[0m
  [1m[36mReceivableType Create (0.1ms)[0m  [1m[32mINSERT INTO "receivable_types" ("name", "code", "base_spread", "created_at", "updated_at") VALUES ('Duplicata Mercantil', 'duplicata', 0.015, '2026-06-08 13:23:06.461025', '2026-06-08 13:23:06.461025') RETURNING "id" /*application='CreditEngine'*/[0m
  [1m[36mTRANSACTION (0.1ms)[0m  [1m[35mRELEASE SAVEPOINT active_record_1 /*application='CreditEngine'*/[0m
  [1m[36mTRANSACTION (0.1ms)[0m  [1m[35mSAVEPOINT active_record_1 /*application='CreditEngine'*/[0m
  [1m[36mReceivableType Exists? (1.0ms)[0m  [1m[34mSELECT 1 AS one FROM "receivable_types" WHERE LOWER("receivable_types"."code") = LOWER('cheque') LIMIT 1 /*application='CreditEngine'*/[0m
  [1m[36mReceivableType Create (0.1ms)[0m  [1m[32mINSERT INTO "receivable_types" ("name", "code", "base_spread", "created_at", "updated_at") VALUES ('Cheque Pré-datado', 'cheque', 0.025, '2026-06-08 13:23:06.465454', '2026-06-08 13:23:06.465454') RETURNING "id" /*application='CreditEngine'*/[0m
  [1m[36mTRANSACTION (0.1ms)[0m  [1m[35mRELEASE SAVEPOINT active_record_1 /*application='CreditEngine'*/[0m
  [1m[36mOperation Count (0.1ms)[0m  [1m[34mSELECT COUNT(*) FROM "operations" /*application='CreditEngine'*/[0m
  [1m[36mReceivable Count (0.1ms)[0m  [1m[34mSELECT COUNT(*) FROM "receivables" /*application='CreditEngine'*/[0m
[ActionDispatch::HostAuthorization::DefaultResponseApp] Blocked hosts: www.example.com
  [1m[36mOperation Count (0.1ms)[0m  [1m[34mSELECT COUNT(*) FROM "operations" /*application='CreditEngine'*/[0m
  [1m[36mReceivable Count (0.1ms)[0m  [1m[34mSELECT COUNT(*) FROM "receivables" /*application='CreditEngine'*/[0m
  [1m[36mTRANSACTION (0.1ms)[0m  [1m[31mROLLBACK /*application='CreditEngine'*/[0m
  [1m[36mTRANSACTION (0.1ms)[0m  [1m[35mBEGIN /*application='CreditEngine'*/[0m
  [1m[36mReceivable Delete All (0.1ms)[0m  [1m[31mDELETE FROM "receivables" /*application='CreditEngine'*/[0m
  [1m[36mOperation Delete All (0.1ms)[0m  [1m[31mDELETE FROM "operations" /*application='CreditEngine'*/[0m
  [1m[36mExchangeRate Delete All (0.1ms)[0m  [1m[31mDELETE FROM "exchange_rates" /*application='CreditEngine'*/[0m
  [1m[36mReceivableType Delete All (0.1ms)[0m  [1m[31mDELETE FROM "receivable_types" /*application='CreditEngine'*/[0m
  [1m[36mCurrency Delete All (0.2ms)[0m  [1m[31mDELETE FROM "currencies" /*application='CreditEngine'*/[0m
  [1m[36mTRANSACTION (0.1ms)[0m  [1m[35mSAVEPOINT active_record_1 /*application='CreditEngine'*/[0m
  [1m[36mCurrency Exists? (1.5ms)[0m  [1m[34mSELECT 1 AS one FROM "currencies" WHERE LOWER("currencies"."code") = LOWER('BRL') LIMIT 1 /*application='CreditEngine'*/[0m
  [1m[36mCurrency Create (0.2ms)[0m  [1m[32mINSERT INTO "currencies" ("code", "name", "symbol", "created_at", "updated_at") VALUES ('BRL', 'Real', 'R$', '2026-06-08 13:23:06.482344', '2026-06-08 13:23:06.482344') RETURNING "id" /*application='CreditEngine'*/[0m
  [1m[36mTRANSACTION (0.1ms)[0m  [1m[35mRELEASE SAVEPOINT active_record_1 /*application='CreditEngine'*/[0m
  [1m[36mTRANSACTION (0.1ms)[0m  [1m[35mSAVEPOINT active_record_1 /*application='CreditEngine'*/[0m
  [1m[36mCurrency Exists? (1.0ms)[0m  [1m[34mSELECT 1 AS one FROM "currencies" WHERE LOWER("currencies"."code") = LOWER('USD') LIMIT 1 /*application='CreditEngine'*/[0m
  [1m[36mCurrency Create (0.1ms)[0m  [1m[32mINSERT INTO "currencies" ("code", "name", "symbol", "created_at", "updated_at") VALUES ('USD', 'Dollar', '$', '2026-06-08 13:23:06.486975', '2026-06-08 13:23:06.486975') RETURNING "id" /*application='CreditEngine'*/[0m
  [1m[36mTRANSACTION (0.1ms)[0m  [1m[35mRELEASE SAVEPOINT active_record_1 /*application='CreditEngine'*/[0m
  [1m[36mTRANSACTION (0.1ms)[0m  [1m[35mSAVEPOINT active_record_1 /*application='CreditEngine'*/[0m
  [1m[36mExchangeRate Exists? (1.2ms)[0m  [1m[34mSELECT 1 AS one FROM "exchange_rates" WHERE "exchange_rates"."reference_date" = '2026-06-08' AND "exchange_rates"."from_currency_id" = 16 AND "exchange_rates"."to_currency_id" = 15 LIMIT 1 /*application='CreditEngine'*/[0m
  [1m[36mExchangeRate Create (0.2ms)[0m  [1m[32mINSERT INTO "exchange_rates" ("from_currency_id", "to_currency_id", "rate", "reference_date", "created_at", "updated_at") VALUES (16, 15, 5.0, '2026-06-08', '2026-06-08 13:23:06.491467', '2026-06-08 13:23:06.491467') RETURNING "id" /*application='CreditEngine'*/[0m
  [1m[36mTRANSACTION (0.1ms)[0m  [1m[35mRELEASE SAVEPOINT active_record_1 /*application='CreditEngine'*/[0m
  [1m[36mTRANSACTION (0.1ms)[0m  [1m[35mSAVEPOINT active_record_1 /*application='CreditEngine'*/[0m
  [1m[36mExchangeRate Exists? (1.3ms)[0m  [1m[34mSELECT 1 AS one FROM "exchange_rates" WHERE "exchange_rates"."reference_date" = '2026-06-08' AND "exchange_rates"."from_currency_id" = 15 AND "exchange_rates"."to_currency_id" = 16 LIMIT 1 /*application='CreditEngine'*/[0m
  [1m[36mExchangeRate Create (0.2ms)[0m  [1m[32mINSERT INTO "exchange_rates" ("from_currency_id", "to_currency_id", "rate", "reference_date", "created_at", "updated_at") VALUES (15, 16, 0.2, '2026-06-08', '2026-06-08 13:23:06.496805', '2026-06-08 13:23:06.496805') RETURNING "id" /*application='CreditEngine'*/[0m
  [1m[36mTRANSACTION (0.1ms)[0m  [1m[35mRELEASE SAVEPOINT active_record_1 /*application='CreditEngine'*/[0m
  [1m[36mTRANSACTION (0.1ms)[0m  [1m[35mSAVEPOINT active_record_1 /*application='CreditEngine'*/[0m
  [1m[36mReceivableType Exists? (1.6ms)[0m  [1m[34mSELECT 1 AS one FROM "receivable_types" WHERE LOWER("receivable_types"."code") = LOWER('duplicata') LIMIT 1 /*application='CreditEngine'*/[0m
  [1m[36mReceivableType Create (0.1ms)[0m  [1m[32mINSERT INTO "receivable_types" ("name", "code", "base_spread", "created_at", "updated_at") VALUES ('Duplicata Mercantil', 'duplicata', 0.015, '2026-06-08 13:23:06.502396', '2026-06-08 13:23:06.502396') RETURNING "id" /*application='CreditEngine'*/[0m
  [1m[36mTRANSACTION (0.1ms)[0m  [1m[35mRELEASE SAVEPOINT active_record_1 /*application='CreditEngine'*/[0m
  [1m[36mTRANSACTION (0.1ms)[0m  [1m[35mSAVEPOINT active_record_1 /*application='CreditEngine'*/[0m
  [1m[36mReceivableType Exists? (1.1ms)[0m  [1m[34mSELECT 1 AS one FROM "receivable_types" WHERE LOWER("receivable_types"."code") = LOWER('cheque') LIMIT 1 /*application='CreditEngine'*/[0m
  [1m[36mReceivableType Create (0.1ms)[0m  [1m[32mINSERT INTO "receivable_types" ("name", "code", "base_spread", "created_at", "updated_at") VALUES ('Cheque Pré-datado', 'cheque', 0.025, '2026-06-08 13:23:06.506294', '2026-06-08 13:23:06.506294') RETURNING "id" /*application='CreditEngine'*/[0m
  [1m[36mTRANSACTION (0.1ms)[0m  [1m[35mRELEASE SAVEPOINT active_record_1 /*application='CreditEngine'*/[0m
  [1m[36mReceivableType Load (0.2ms)[0m  [1m[34mSELECT "receivable_types".* FROM "receivable_types" WHERE "receivable_types"."code" = 'duplicata' LIMIT 1 /*application='CreditEngine'*/[0m
  ↳ app/services/pricing_engine/calculator.rb:21:in 'PricingEngine::Calculator.calculate_receivable'
  [1m[36mCurrency Load (0.2ms)[0m  [1m[34mSELECT "currencies".* FROM "currencies" WHERE "currencies"."code" = 'BRL' LIMIT 1 /*application='CreditEngine'*/[0m
  ↳ app/services/pricing_engine/calculator.rb:60:in 'PricingEngine::Calculator.calculate_receivable'
  [1m[36mTRANSACTION (0.1ms)[0m  [1m[31mROLLBACK /*application='CreditEngine'*/[0m
  [1m[36mTRANSACTION (0.1ms)[0m  [1m[35mBEGIN /*application='CreditEngine'*/[0m
  [1m[36mReceivable Delete All (0.1ms)[0m  [1m[31mDELETE FROM "receivables" /*application='CreditEngine'*/[0m
  [1m[36mOperation Delete All (0.1ms)[0m  [1m[31mDELETE FROM "operations" /*application='CreditEngine'*/[0m
  [1m[36mExchangeRate Delete All (0.1ms)[0m  [1m[31mDELETE FROM "exchange_rates" /*application='CreditEngine'*/[0m
  [1m[36mReceivableType Delete All (0.2ms)[0m  [1m[31mDELETE FROM "receivable_types" /*application='CreditEngine'*/[0m
  [1m[36mCurrency Delete All (0.2ms)[0m  [1m[31mDELETE FROM "currencies" /*application='CreditEngine'*/[0m
  [1m[36mTRANSACTION (0.1ms)[0m  [1m[35mSAVEPOINT active_record_1 /*application='CreditEngine'*/[0m
  [1m[36mCurrency Exists? (1.1ms)[0m  [1m[34mSELECT 1 AS one FROM "currencies" WHERE LOWER("currencies"."code") = LOWER('BRL') LIMIT 1 /*application='CreditEngine'*/[0m
  [1m[36mCurrency Create (0.2ms)[0m  [1m[32mINSERT INTO "currencies" ("code", "name", "symbol", "created_at", "updated_at") VALUES ('BRL', 'Real', 'R$', '2026-06-08 13:23:06.518927', '2026-06-08 13:23:06.518927') RETURNING "id" /*application='CreditEngine'*/[0m
  [1m[36mTRANSACTION (0.1ms)[0m  [1m[35mRELEASE SAVEPOINT active_record_1 /*application='CreditEngine'*/[0m
  [1m[36mTRANSACTION (0.1ms)[0m  [1m[35mSAVEPOINT active_record_1 /*application='CreditEngine'*/[0m
  [1m[36mCurrency Exists? (1.1ms)[0m  [1m[34mSELECT 1 AS one FROM "currencies" WHERE LOWER("currencies"."code") = LOWER('USD') LIMIT 1 /*application='CreditEngine'*/[0m
  [1m[36mCurrency Create (0.1ms)[0m  [1m[32mINSERT INTO "currencies" ("code", "name", "symbol", "created_at", "updated_at") VALUES ('USD', 'Dollar', '$', '2026-06-08 13:23:06.523051', '2026-06-08 13:23:06.523051') RETURNING "id" /*application='CreditEngine'*/[0m
  [1m[36mTRANSACTION (0.1ms)[0m  [1m[35mRELEASE SAVEPOINT active_record_1 /*application='CreditEngine'*/[0m
  [1m[36mTRANSACTION (0.1ms)[0m  [1m[35mSAVEPOINT active_record_1 /*application='CreditEngine'*/[0m
  [1m[36mExchangeRate Exists? (10.8ms)[0m  [1m[34mSELECT 1 AS one FROM "exchange_rates" WHERE "exchange_rates"."reference_date" = '2026-06-08' AND "exchange_rates"."from_currency_id" = 18 AND "exchange_rates"."to_currency_id" = 17 LIMIT 1 /*application='CreditEngine'*/[0m
  [1m[36mExchangeRate Create (0.3ms)[0m  [1m[32mINSERT INTO "exchange_rates" ("from_currency_id", "to_currency_id", "rate", "reference_date", "created_at", "updated_at") VALUES (18, 17, 5.0, '2026-06-08', '2026-06-08 13:23:06.537051', '2026-06-08 13:23:06.537051') RETURNING "id" /*application='CreditEngine'*/[0m
  [1m[36mTRANSACTION (0.1ms)[0m  [1m[35mRELEASE SAVEPOINT active_record_1 /*application='CreditEngine'*/[0m
  [1m[36mTRANSACTION (0.1ms)[0m  [1m[35mSAVEPOINT active_record_1 /*application='CreditEngine'*/[0m
  [1m[36mExchangeRate Exists? (1.3ms)[0m  [1m[34mSELECT 1 AS one FROM "exchange_rates" WHERE "exchange_rates"."reference_date" = '2026-06-08' AND "exchange_rates"."from_currency_id" = 17 AND "exchange_rates"."to_currency_id" = 18 LIMIT 1 /*application='CreditEngine'*/[0m
  [1m[36mExchangeRate Create (0.4ms)[0m  [1m[32mINSERT INTO "exchange_rates" ("from_currency_id", "to_currency_id", "rate", "reference_date", "created_at", "updated_at") VALUES (17, 18, 0.2, '2026-06-08', '2026-06-08 13:23:06.542787', '2026-06-08 13:23:06.542787') RETURNING "id" /*application='CreditEngine'*/[0m
  [1m[36mTRANSACTION (0.1ms)[0m  [1m[35mRELEASE SAVEPOINT active_record_1 /*application='CreditEngine'*/[0m
  [1m[36mTRANSACTION (0.1ms)[0m  [1m[35mSAVEPOINT active_record_1 /*application='CreditEngine'*/[0m
  [1m[36mReceivableType Exists? (4.1ms)[0m  [1m[34mSELECT 1 AS one FROM "receivable_types" WHERE LOWER("receivable_types"."code") = LOWER('duplicata') LIMIT 1 /*application='CreditEngine'*/[0m
  [1m[36mReceivableType Create (0.4ms)[0m  [1m[32mINSERT INTO "receivable_types" ("name", "code", "base_spread", "created_at", "updated_at") VALUES ('Duplicata Mercantil', 'duplicata', 0.015, '2026-06-08 13:23:06.551417', '2026-06-08 13:23:06.551417') RETURNING "id" /*application='CreditEngine'*/[0m
  [1m[36mTRANSACTION (0.2ms)[0m  [1m[35mRELEASE SAVEPOINT active_record_1 /*application='CreditEngine'*/[0m
  [1m[36mTRANSACTION (0.1ms)[0m  [1m[35mSAVEPOINT active_record_1 /*application='CreditEngine'*/[0m
  [1m[36mReceivableType Exists? (1.6ms)[0m  [1m[34mSELECT 1 AS one FROM "receivable_types" WHERE LOWER("receivable_types"."code") = LOWER('cheque') LIMIT 1 /*application='CreditEngine'*/[0m
  [1m[36mReceivableType Create (0.3ms)[0m  [1m[32mINSERT INTO "receivable_types" ("name", "code", "base_spread", "created_at", "updated_at") VALUES ('Cheque Pré-datado', 'cheque', 0.025, '2026-06-08 13:23:06.559028', '2026-06-08 13:23:06.559028') RETURNING "id" /*application='CreditEngine'*/[0m
  [1m[36mTRANSACTION (0.2ms)[0m  [1m[35mRELEASE SAVEPOINT active_record_1 /*application='CreditEngine'*/[0m
  [1m[36mReceivableType Load (0.4ms)[0m  [1m[34mSELECT "receivable_types".* FROM "receivable_types" WHERE "receivable_types"."code" = 'cheque' LIMIT 1 /*application='CreditEngine'*/[0m
  ↳ app/services/pricing_engine/calculator.rb:21:in 'PricingEngine::Calculator.calculate_receivable'
  [1m[36mCurrency Load (0.2ms)[0m  [1m[34mSELECT "currencies".* FROM "currencies" WHERE "currencies"."code" = 'BRL' LIMIT 1 /*application='CreditEngine'*/[0m
  ↳ app/services/pricing_engine/calculator.rb:60:in 'PricingEngine::Calculator.calculate_receivable'
  [1m[36mTRANSACTION (0.1ms)[0m  [1m[31mROLLBACK /*application='CreditEngine'*/[0m
  [1m[36mTRANSACTION (0.1ms)[0m  [1m[35mBEGIN /*application='CreditEngine'*/[0m
  [1m[36mReceivable Delete All (0.2ms)[0m  [1m[31mDELETE FROM "receivables" /*application='CreditEngine'*/[0m
  [1m[36mOperation Delete All (0.1ms)[0m  [1m[31mDELETE FROM "operations" /*application='CreditEngine'*/[0m
  [1m[36mExchangeRate Delete All (0.2ms)[0m  [1m[31mDELETE FROM "exchange_rates" /*application='CreditEngine'*/[0m
  [1m[36mReceivableType Delete All (0.3ms)[0m  [1m[31mDELETE FROM "receivable_types" /*application='CreditEngine'*/[0m
  [1m[36mCurrency Delete All (0.5ms)[0m  [1m[31mDELETE FROM "currencies" /*application='CreditEngine'*/[0m
  [1m[36mTRANSACTION (0.1ms)[0m  [1m[35mSAVEPOINT active_record_1 /*application='CreditEngine'*/[0m
  [1m[36mCurrency Exists? (1.6ms)[0m  [1m[34mSELECT 1 AS one FROM "currencies" WHERE LOWER("currencies"."code") = LOWER('BRL') LIMIT 1 /*application='CreditEngine'*/[0m
  [1m[36mCurrency Create (0.3ms)[0m  [1m[32mINSERT INTO "currencies" ("code", "name", "symbol", "created_at", "updated_at") VALUES ('BRL', 'Real', 'R$', '2026-06-08 13:23:06.577490', '2026-06-08 13:23:06.577490') RETURNING "id" /*application='CreditEngine'*/[0m
  [1m[36mTRANSACTION (0.1ms)[0m  [1m[35mRELEASE SAVEPOINT active_record_1 /*application='CreditEngine'*/[0m
  [1m[36mTRANSACTION (0.1ms)[0m  [1m[35mSAVEPOINT active_record_1 /*application='CreditEngine'*/[0m
  [1m[36mCurrency Exists? (1.5ms)[0m  [1m[34mSELECT 1 AS one FROM "currencies" WHERE LOWER("currencies"."code") = LOWER('USD') LIMIT 1 /*application='CreditEngine'*/[0m
  [1m[36mCurrency Create (0.3ms)[0m  [1m[32mINSERT INTO "currencies" ("code", "name", "symbol", "created_at", "updated_at") VALUES ('USD', 'Dollar', '$', '2026-06-08 13:23:06.584076', '2026-06-08 13:23:06.584076') RETURNING "id" /*application='CreditEngine'*/[0m
  [1m[36mTRANSACTION (0.1ms)[0m  [1m[35mRELEASE SAVEPOINT active_record_1 /*application='CreditEngine'*/[0m
  [1m[36mTRANSACTION (0.2ms)[0m  [1m[35mSAVEPOINT active_record_1 /*application='CreditEngine'*/[0m
  [1m[36mExchangeRate Exists? (3.6ms)[0m  [1m[34mSELECT 1 AS one FROM "exchange_rates" WHERE "exchange_rates"."reference_date" = '2026-06-08' AND "exchange_rates"."from_currency_id" = 20 AND "exchange_rates"."to_currency_id" = 19 LIMIT 1 /*application='CreditEngine'*/[0m
  [1m[36mExchangeRate Create (0.4ms)[0m  [1m[32mINSERT INTO "exchange_rates" ("from_currency_id", "to_currency_id", "rate", "reference_date", "created_at", "updated_at") VALUES (20, 19, 5.0, '2026-06-08', '2026-06-08 13:23:06.594348', '2026-06-08 13:23:06.594348') RETURNING "id" /*application='CreditEngine'*/[0m
  [1m[36mTRANSACTION (0.1ms)[0m  [1m[35mRELEASE SAVEPOINT active_record_1 /*application='CreditEngine'*/[0m
  [1m[36mTRANSACTION (0.1ms)[0m  [1m[35mSAVEPOINT active_record_1 /*application='CreditEngine'*/[0m
  [1m[36mExchangeRate Exists? (1.3ms)[0m  [1m[34mSELECT 1 AS one FROM "exchange_rates" WHERE "exchange_rates"."reference_date" = '2026-06-08' AND "exchange_rates"."from_currency_id" = 19 AND "exchange_rates"."to_currency_id" = 20 LIMIT 1 /*application='CreditEngine'*/[0m
  [1m[36mExchangeRate Create (0.2ms)[0m  [1m[32mINSERT INTO "exchange_rates" ("from_currency_id", "to_currency_id", "rate", "reference_date", "created_at", "updated_at") VALUES (19, 20, 0.2, '2026-06-08', '2026-06-08 13:23:06.600372', '2026-06-08 13:23:06.600372') RETURNING "id" /*application='CreditEngine'*/[0m
  [1m[36mTRANSACTION (0.1ms)[0m  [1m[35mRELEASE SAVEPOINT active_record_1 /*application='CreditEngine'*/[0m
  [1m[36mTRANSACTION (0.1ms)[0m  [1m[35mSAVEPOINT active_record_1 /*application='CreditEngine'*/[0m
  [1m[36mReceivableType Exists? (1.3ms)[0m  [1m[34mSELECT 1 AS one FROM "receivable_types" WHERE LOWER("receivable_types"."code") = LOWER('duplicata') LIMIT 1 /*application='CreditEngine'*/[0m
  [1m[36mReceivableType Create (0.2ms)[0m  [1m[32mINSERT INTO "receivable_types" ("name", "code", "base_spread", "created_at", "updated_at") VALUES ('Duplicata Mercantil', 'duplicata', 0.015, '2026-06-08 13:23:06.605377', '2026-06-08 13:23:06.605377') RETURNING "id" /*application='CreditEngine'*/[0m
  [1m[36mTRANSACTION (0.1ms)[0m  [1m[35mRELEASE SAVEPOINT active_record_1 /*application='CreditEngine'*/[0m
  [1m[36mTRANSACTION (0.3ms)[0m  [1m[35mSAVEPOINT active_record_1 /*application='CreditEngine'*/[0m
  [1m[36mReceivableType Exists? (4.6ms)[0m  [1m[34mSELECT 1 AS one FROM "receivable_types" WHERE LOWER("receivable_types"."code") = LOWER('cheque') LIMIT 1 /*application='CreditEngine'*/[0m
  [1m[36mReceivableType Create (0.6ms)[0m  [1m[32mINSERT INTO "receivable_types" ("name", "code", "base_spread", "created_at", "updated_at") VALUES ('Cheque Pré-datado', 'cheque', 0.025, '2026-06-08 13:23:06.616189', '2026-06-08 13:23:06.616189') RETURNING "id" /*application='CreditEngine'*/[0m
  [1m[36mTRANSACTION (0.3ms)[0m  [1m[35mRELEASE SAVEPOINT active_record_1 /*application='CreditEngine'*/[0m
  [1m[36mReceivableType Load (0.5ms)[0m  [1m[34mSELECT "receivable_types".* FROM "receivable_types" WHERE "receivable_types"."code" = 'duplicata' LIMIT 1 /*application='CreditEngine'*/[0m
  ↳ app/services/pricing_engine/calculator.rb:21:in 'PricingEngine::Calculator.calculate_receivable'
  [1m[36mCurrency Load (0.2ms)[0m  [1m[34mSELECT "currencies".* FROM "currencies" WHERE "currencies"."code" = 'BRL' LIMIT 1 /*application='CreditEngine'*/[0m
  ↳ app/services/pricing_engine/calculator.rb:98:in 'PricingEngine::Calculator.find_exchange_rate'
  [1m[36mCurrency Load (0.1ms)[0m  [1m[34mSELECT "currencies".* FROM "currencies" WHERE "currencies"."code" = 'USD' LIMIT 1 /*application='CreditEngine'*/[0m
  ↳ app/services/pricing_engine/calculator.rb:99:in 'PricingEngine::Calculator.find_exchange_rate'
  [1m[36mExchangeRate Load (0.3ms)[0m  [1m[34mSELECT "exchange_rates".* FROM "exchange_rates" WHERE "exchange_rates"."from_currency_id" = 19 AND "exchange_rates"."to_currency_id" = 20 AND (reference_date <= '2026-06-08') ORDER BY "exchange_rates"."reference_date" DESC LIMIT 1 /*application='CreditEngine'*/[0m
  ↳ app/services/pricing_engine/calculator.rb:108:in 'PricingEngine::Calculator.find_exchange_rate'
  [1m[36mCurrency Load (0.1ms)[0m  [1m[34mSELECT "currencies".* FROM "currencies" WHERE "currencies"."code" = 'BRL' LIMIT 1 /*application='CreditEngine'*/[0m
  ↳ app/services/pricing_engine/calculator.rb:60:in 'PricingEngine::Calculator.calculate_receivable'
  [1m[36mTRANSACTION (0.1ms)[0m  [1m[31mROLLBACK /*application='CreditEngine'*/[0m
  [1m[36mTRANSACTION (0.1ms)[0m  [1m[35mBEGIN /*application='CreditEngine'*/[0m
  [1m[36mReceivable Delete All (0.1ms)[0m  [1m[31mDELETE FROM "receivables" /*application='CreditEngine'*/[0m
  [1m[36mOperation Delete All (0.1ms)[0m  [1m[31mDELETE FROM "operations" /*application='CreditEngine'*/[0m
  [1m[36mExchangeRate Delete All (0.1ms)[0m  [1m[31mDELETE FROM "exchange_rates" /*application='CreditEngine'*/[0m
  [1m[36mReceivableType Delete All (0.2ms)[0m  [1m[31mDELETE FROM "receivable_types" /*application='CreditEngine'*/[0m
  [1m[36mCurrency Delete All (0.2ms)[0m  [1m[31mDELETE FROM "currencies" /*application='CreditEngine'*/[0m
  [1m[36mTRANSACTION (0.1ms)[0m  [1m[35mSAVEPOINT active_record_1 /*application='CreditEngine'*/[0m
  [1m[36mCurrency Exists? (1.1ms)[0m  [1m[34mSELECT 1 AS one FROM "currencies" WHERE LOWER("currencies"."code") = LOWER('BRL') LIMIT 1 /*application='CreditEngine'*/[0m
  [1m[36mCurrency Create (0.1ms)[0m  [1m[32mINSERT INTO "currencies" ("code", "name", "symbol", "created_at", "updated_at") VALUES ('BRL', 'Real', 'R$', '2026-06-08 13:23:06.634252', '2026-06-08 13:23:06.634252') RETURNING "id" /*application='CreditEngine'*/[0m
  [1m[36mTRANSACTION (0.1ms)[0m  [1m[35mRELEASE SAVEPOINT active_record_1 /*application='CreditEngine'*/[0m
  [1m[36mTRANSACTION (0.1ms)[0m  [1m[35mSAVEPOINT active_record_1 /*application='CreditEngine'*/[0m
  [1m[36mCurrency Exists? (1.1ms)[0m  [1m[34mSELECT 1 AS one FROM "currencies" WHERE LOWER("currencies"."code") = LOWER('USD') LIMIT 1 /*application='CreditEngine'*/[0m
  [1m[36mCurrency Create (0.1ms)[0m  [1m[32mINSERT INTO "currencies" ("code", "name", "symbol", "created_at", "updated_at") VALUES ('USD', 'Dollar', '$', '2026-06-08 13:23:06.638252', '2026-06-08 13:23:06.638252') RETURNING "id" /*application='CreditEngine'*/[0m
  [1m[36mTRANSACTION (0.1ms)[0m  [1m[35mRELEASE SAVEPOINT active_record_1 /*application='CreditEngine'*/[0m
  [1m[36mTRANSACTION (0.1ms)[0m  [1m[35mSAVEPOINT active_record_1 /*application='CreditEngine'*/[0m
  [1m[36mExchangeRate Exists? (1.3ms)[0m  [1m[34mSELECT 1 AS one FROM "exchange_rates" WHERE "exchange_rates"."reference_date" = '2026-06-08' AND "exchange_rates"."from_currency_id" = 22 AND "exchange_rates"."to_currency_id" = 21 LIMIT 1 /*application='CreditEngine'*/[0m
  [1m[36mExchangeRate Create (0.3ms)[0m  [1m[32mINSERT INTO "exchange_rates" ("from_currency_id", "to_currency_id", "rate", "reference_date", "created_at", "updated_at") VALUES (22, 21, 5.0, '2026-06-08', '2026-06-08 13:23:06.642778', '2026-06-08 13:23:06.642778') RETURNING "id" /*application='CreditEngine'*/[0m
  [1m[36mTRANSACTION (0.1ms)[0m  [1m[35mRELEASE SAVEPOINT active_record_1 /*application='CreditEngine'*/[0m
  [1m[36mTRANSACTION (0.1ms)[0m  [1m[35mSAVEPOINT active_record_1 /*application='CreditEngine'*/[0m
  [1m[36mExchangeRate Exists? (4.4ms)[0m  [1m[34mSELECT 1 AS one FROM "exchange_rates" WHERE "exchange_rates"."reference_date" = '2026-06-08' AND "exchange_rates"."from_currency_id" = 21 AND "exchange_rates"."to_currency_id" = 22 LIMIT 1 /*application='CreditEngine'*/[0m
  [1m[36mExchangeRate Create (0.2ms)[0m  [1m[32mINSERT INTO "exchange_rates" ("from_currency_id", "to_currency_id", "rate", "reference_date", "created_at", "updated_at") VALUES (21, 22, 0.2, '2026-06-08', '2026-06-08 13:23:06.650842', '2026-06-08 13:23:06.650842') RETURNING "id" /*application='CreditEngine'*/[0m
  [1m[36mTRANSACTION (0.1ms)[0m  [1m[35mRELEASE SAVEPOINT active_record_1 /*application='CreditEngine'*/[0m
  [1m[36mTRANSACTION (0.1ms)[0m  [1m[35mSAVEPOINT active_record_1 /*application='CreditEngine'*/[0m
  [1m[36mReceivableType Exists? (1.0ms)[0m  [1m[34mSELECT 1 AS one FROM "receivable_types" WHERE LOWER("receivable_types"."code") = LOWER('duplicata') LIMIT 1 /*application='CreditEngine'*/[0m
  [1m[36mReceivableType Create (0.1ms)[0m  [1m[32mINSERT INTO "receivable_types" ("name", "code", "base_spread", "created_at", "updated_at") VALUES ('Duplicata Mercantil', 'duplicata', 0.015, '2026-06-08 13:23:06.655543', '2026-06-08 13:23:06.655543') RETURNING "id" /*application='CreditEngine'*/[0m
  [1m[36mTRANSACTION (0.1ms)[0m  [1m[35mRELEASE SAVEPOINT active_record_1 /*application='CreditEngine'*/[0m
  [1m[36mTRANSACTION (0.1ms)[0m  [1m[35mSAVEPOINT active_record_1 /*application='CreditEngine'*/[0m
  [1m[36mReceivableType Exists? (1.0ms)[0m  [1m[34mSELECT 1 AS one FROM "receivable_types" WHERE LOWER("receivable_types"."code") = LOWER('cheque') LIMIT 1 /*application='CreditEngine'*/[0m
  [1m[36mReceivableType Create (0.2ms)[0m  [1m[32mINSERT INTO "receivable_types" ("name", "code", "base_spread", "created_at", "updated_at") VALUES ('Cheque Pré-datado', 'cheque', 0.025, '2026-06-08 13:23:06.659314', '2026-06-08 13:23:06.659314') RETURNING "id" /*application='CreditEngine'*/[0m
  [1m[36mTRANSACTION (0.1ms)[0m  [1m[35mRELEASE SAVEPOINT active_record_1 /*application='CreditEngine'*/[0m
  [1m[36mTRANSACTION (0.1ms)[0m  [1m[31mROLLBACK /*application='CreditEngine'*/[0m
  [1m[36mTRANSACTION (0.1ms)[0m  [1m[35mBEGIN /*application='CreditEngine'*/[0m
  [1m[36mReceivable Delete All (0.1ms)[0m  [1m[31mDELETE FROM "receivables" /*application='CreditEngine'*/[0m
  [1m[36mOperation Delete All (0.1ms)[0m  [1m[31mDELETE FROM "operations" /*application='CreditEngine'*/[0m
  [1m[36mExchangeRate Delete All (0.1ms)[0m  [1m[31mDELETE FROM "exchange_rates" /*application='CreditEngine'*/[0m
  [1m[36mReceivableType Delete All (0.1ms)[0m  [1m[31mDELETE FROM "receivable_types" /*application='CreditEngine'*/[0m
  [1m[36mCurrency Delete All (0.2ms)[0m  [1m[31mDELETE FROM "currencies" /*application='CreditEngine'*/[0m
  [1m[36mTRANSACTION (0.1ms)[0m  [1m[35mSAVEPOINT active_record_1 /*application='CreditEngine'*/[0m
  [1m[36mCurrency Exists? (1.0ms)[0m  [1m[34mSELECT 1 AS one FROM "currencies" WHERE LOWER("currencies"."code") = LOWER('BRL') LIMIT 1 /*application='CreditEngine'*/[0m
  [1m[36mCurrency Create (0.2ms)[0m  [1m[32mINSERT INTO "currencies" ("code", "name", "symbol", "created_at", "updated_at") VALUES ('BRL', 'Real', 'R$', '2026-06-08 13:23:06.671093', '2026-06-08 13:23:06.671093') RETURNING "id" /*application='CreditEngine'*/[0m
  [1m[36mTRANSACTION (0.1ms)[0m  [1m[35mRELEASE SAVEPOINT active_record_1 /*application='CreditEngine'*/[0m
  [1m[36mTRANSACTION (0.1ms)[0m  [1m[35mSAVEPOINT active_record_1 /*application='CreditEngine'*/[0m
  [1m[36mCurrency Exists? (1.0ms)[0m  [1m[34mSELECT 1 AS one FROM "currencies" WHERE LOWER("currencies"."code") = LOWER('USD') LIMIT 1 /*application='CreditEngine'*/[0m
  [1m[36mCurrency Create (0.1ms)[0m  [1m[32mINSERT INTO "currencies" ("code", "name", "symbol", "created_at", "updated_at") VALUES ('USD', 'Dollar', '$', '2026-06-08 13:23:06.675322', '2026-06-08 13:23:06.675322') RETURNING "id" /*application='CreditEngine'*/[0m
  [1m[36mTRANSACTION (0.1ms)[0m  [1m[35mRELEASE SAVEPOINT active_record_1 /*application='CreditEngine'*/[0m
  [1m[36mTRANSACTION (0.1ms)[0m  [1m[35mSAVEPOINT active_record_1 /*application='CreditEngine'*/[0m
  [1m[36mExchangeRate Exists? (1.0ms)[0m  [1m[34mSELECT 1 AS one FROM "exchange_rates" WHERE "exchange_rates"."reference_date" = '2026-06-08' AND "exchange_rates"."from_currency_id" = 24 AND "exchange_rates"."to_currency_id" = 23 LIMIT 1 /*application='CreditEngine'*/[0m
  [1m[36mExchangeRate Create (0.2ms)[0m  [1m[32mINSERT INTO "exchange_rates" ("from_currency_id", "to_currency_id", "rate", "reference_date", "created_at", "updated_at") VALUES (24, 23, 5.0, '2026-06-08', '2026-06-08 13:23:06.679863', '2026-06-08 13:23:06.679863') RETURNING "id" /*application='CreditEngine'*/[0m
  [1m[36mTRANSACTION (0.1ms)[0m  [1m[35mRELEASE SAVEPOINT active_record_1 /*application='CreditEngine'*/[0m
  [1m[36mTRANSACTION (0.1ms)[0m  [1m[35mSAVEPOINT active_record_1 /*application='CreditEngine'*/[0m
  [1m[36mExchangeRate Exists? (1.4ms)[0m  [1m[34mSELECT 1 AS one FROM "exchange_rates" WHERE "exchange_rates"."reference_date" = '2026-06-08' AND "exchange_rates"."from_currency_id" = 23 AND "exchange_rates"."to_currency_id" = 24 LIMIT 1 /*application='CreditEngine'*/[0m
  [1m[36mExchangeRate Create (0.1ms)[0m  [1m[32mINSERT INTO "exchange_rates" ("from_currency_id", "to_currency_id", "rate", "reference_date", "created_at", "updated_at") VALUES (23, 24, 0.2, '2026-06-08', '2026-06-08 13:23:06.684102', '2026-06-08 13:23:06.684102') RETURNING "id" /*application='CreditEngine'*/[0m
  [1m[36mTRANSACTION (0.1ms)[0m  [1m[35mRELEASE SAVEPOINT active_record_1 /*application='CreditEngine'*/[0m
  [1m[36mTRANSACTION (0.1ms)[0m  [1m[35mSAVEPOINT active_record_1 /*application='CreditEngine'*/[0m
  [1m[36mReceivableType Exists? (1.0ms)[0m  [1m[34mSELECT 1 AS one FROM "receivable_types" WHERE LOWER("receivable_types"."code") = LOWER('duplicata') LIMIT 1 /*application='CreditEngine'*/[0m
  [1m[36mReceivableType Create (0.1ms)[0m  [1m[32mINSERT INTO "receivable_types" ("name", "code", "base_spread", "created_at", "updated_at") VALUES ('Duplicata Mercantil', 'duplicata', 0.015, '2026-06-08 13:23:06.688236', '2026-06-08 13:23:06.688236') RETURNING "id" /*application='CreditEngine'*/[0m
  [1m[36mTRANSACTION (0.1ms)[0m  [1m[35mRELEASE SAVEPOINT active_record_1 /*application='CreditEngine'*/[0m
  [1m[36mTRANSACTION (0.1ms)[0m  [1m[35mSAVEPOINT active_record_1 /*application='CreditEngine'*/[0m
  [1m[36mReceivableType Exists? (1.2ms)[0m  [1m[34mSELECT 1 AS one FROM "receivable_types" WHERE LOWER("receivable_types"."code") = LOWER('cheque') LIMIT 1 /*application='CreditEngine'*/[0m
  [1m[36mReceivableType Create (0.2ms)[0m  [1m[32mINSERT INTO "receivable_types" ("name", "code", "base_spread", "created_at", "updated_at") VALUES ('Cheque Pré-datado', 'cheque', 0.025, '2026-06-08 13:23:06.692647', '2026-06-08 13:23:06.692647') RETURNING "id" /*application='CreditEngine'*/[0m
  [1m[36mTRANSACTION (0.1ms)[0m  [1m[35mRELEASE SAVEPOINT active_record_1 /*application='CreditEngine'*/[0m
  [1m[36mCurrency Load (0.2ms)[0m  [1m[34mSELECT "currencies".* FROM "currencies" WHERE "currencies"."code" = 'USD' LIMIT 1 /*application='CreditEngine'*/[0m
  ↳ app/services/pricing_engine/calculator.rb:66:in 'PricingEngine::Calculator.calculate_operation'
  [1m[36mReceivableType Load (0.1ms)[0m  [1m[34mSELECT "receivable_types".* FROM "receivable_types" WHERE "receivable_types"."code" = 'duplicata' LIMIT 1 /*application='CreditEngine'*/[0m
  ↳ app/services/pricing_engine/calculator.rb:21:in 'PricingEngine::Calculator.calculate_receivable'
  [1m[36mCurrency Load (0.1ms)[0m  [1m[34mSELECT "currencies".* FROM "currencies" WHERE "currencies"."code" = 'BRL' LIMIT 1 /*application='CreditEngine'*/[0m
  ↳ app/services/pricing_engine/calculator.rb:98:in 'PricingEngine::Calculator.find_exchange_rate'
  [1m[36mCurrency Load (0.1ms)[0m  [1m[34mSELECT "currencies".* FROM "currencies" WHERE "currencies"."code" = 'USD' LIMIT 1 /*application='CreditEngine'*/[0m
  ↳ app/services/pricing_engine/calculator.rb:99:in 'PricingEngine::Calculator.find_exchange_rate'
  [1m[36mExchangeRate Load (0.2ms)[0m  [1m[34mSELECT "exchange_rates".* FROM "exchange_rates" WHERE "exchange_rates"."from_currency_id" = 23 AND "exchange_rates"."to_currency_id" = 24 AND (reference_date <= '2026-06-08') ORDER BY "exchange_rates"."reference_date" DESC LIMIT 1 /*application='CreditEngine'*/[0m
  ↳ app/services/pricing_engine/calculator.rb:108:in 'PricingEngine::Calculator.find_exchange_rate'
  [1m[36mCurrency Load (0.1ms)[0m  [1m[34mSELECT "currencies".* FROM "currencies" WHERE "currencies"."code" = 'BRL' LIMIT 1 /*application='CreditEngine'*/[0m
  ↳ app/services/pricing_engine/calculator.rb:60:in 'PricingEngine::Calculator.calculate_receivable'
  [1m[36mReceivableType Load (0.1ms)[0m  [1m[34mSELECT "receivable_types".* FROM "receivable_types" WHERE "receivable_types"."code" = 'cheque' LIMIT 1 /*application='CreditEngine'*/[0m
  ↳ app/services/pricing_engine/calculator.rb:21:in 'PricingEngine::Calculator.calculate_receivable'
  [1m[36mCurrency Load (0.1ms)[0m  [1m[34mSELECT "currencies".* FROM "currencies" WHERE "currencies"."code" = 'BRL' LIMIT 1 /*application='CreditEngine'*/[0m
  ↳ app/services/pricing_engine/calculator.rb:98:in 'PricingEngine::Calculator.find_exchange_rate'
  [1m[36mCurrency Load (0.1ms)[0m  [1m[34mSELECT "currencies".* FROM "currencies" WHERE "currencies"."code" = 'USD' LIMIT 1 /*application='CreditEngine'*/[0m
  ↳ app/services/pricing_engine/calculator.rb:99:in 'PricingEngine::Calculator.find_exchange_rate'
  [1m[36mExchangeRate Load (0.1ms)[0m  [1m[34mSELECT "exchange_rates".* FROM "exchange_rates" WHERE "exchange_rates"."from_currency_id" = 23 AND "exchange_rates"."to_currency_id" = 24 AND (reference_date <= '2026-06-08') ORDER BY "exchange_rates"."reference_date" DESC LIMIT 1 /*application='CreditEngine'*/[0m
  ↳ app/services/pricing_engine/calculator.rb:108:in 'PricingEngine::Calculator.find_exchange_rate'
  [1m[36mCurrency Load (0.1ms)[0m  [1m[34mSELECT "currencies".* FROM "currencies" WHERE "currencies"."code" = 'BRL' LIMIT 1 /*application='CreditEngine'*/[0m
  ↳ app/services/pricing_engine/calculator.rb:60:in 'PricingEngine::Calculator.calculate_receivable'
  [1m[36mTRANSACTION (0.1ms)[0m  [1m[31mROLLBACK /*application='CreditEngine'*/[0m
  [1m[36mActiveRecord::InternalMetadata Load (0.4ms)[0m  [1m[34mSELECT * FROM "ar_internal_metadata" WHERE "ar_internal_metadata"."key" = 'schema_sha1' ORDER BY "ar_internal_metadata"."key" ASC LIMIT 1 /*application='CreditEngine'*/[0m
  [1m[36mActiveRecord::SchemaMigration Load (0.4ms)[0m  [1m[34mSELECT "schema_migrations"."version" FROM "schema_migrations" ORDER BY "schema_migrations"."version" ASC /*application='CreditEngine'*/[0m
  [1m[36mActiveRecord::InternalMetadata Load (0.4ms)[0m  [1m[34mSELECT * FROM "ar_internal_metadata" WHERE "ar_internal_metadata"."key" = 'environment' ORDER BY "ar_internal_metadata"."key" ASC LIMIT 1 /*application='CreditEngine'*/[0m
  [1m[36mActiveRecord::SchemaMigration Load (0.1ms)[0m  [1m[34mSELECT "schema_migrations"."version" FROM "schema_migrations" ORDER BY "schema_migrations"."version" ASC /*application='CreditEngine'*/[0m
  [1m[36mActiveRecord::InternalMetadata Load (0.1ms)[0m  [1m[34mSELECT * FROM "ar_internal_metadata" WHERE "ar_internal_metadata"."key" = 'environment' ORDER BY "ar_internal_metadata"."key" ASC LIMIT 1 /*application='CreditEngine'*/[0m
  [1m[36mActiveRecord::SchemaMigration Load (0.1ms)[0m  [1m[34mSELECT "schema_migrations"."version" FROM "schema_migrations" ORDER BY "schema_migrations"."version" ASC /*application='CreditEngine'*/[0m
  [1m[36mActiveRecord::InternalMetadata Load (0.1ms)[0m  [1m[34mSELECT * FROM "ar_internal_metadata" WHERE "ar_internal_metadata"."key" = 'environment' ORDER BY "ar_internal_metadata"."key" ASC LIMIT 1 /*application='CreditEngine'*/[0m
  [1m[35mSQL (0.1ms)[0m  [1m[35mSET search_path TO public /*application='CreditEngine'*/[0m
  [1m[35m (57.0ms)[0m  [1m[35mDROP DATABASE IF EXISTS "credit_engine_test" /*application='CreditEngine'*/[0m
  [1m[35m (33.3ms)[0m  [1m[35mCREATE DATABASE "credit_engine_test" ENCODING = 'unicode' /*application='CreditEngine'*/[0m
  [1m[35mSQL (15.7ms)[0m  [1m[35mCREATE EXTENSION IF NOT EXISTS "plpgsql" SCHEMA pg_catalog /*application='CreditEngine'*/[0m
  [1m[35m (0.1ms)[0m  [1m[35mDROP TABLE IF EXISTS "currencies" CASCADE /*application='CreditEngine'*/[0m
  [1m[35m (3.6ms)[0m  [1m[35mCREATE TABLE "currencies" ("id" bigserial primary key, "code" character varying NOT NULL, "created_at" timestamp(6) NOT NULL, "name" character varying NOT NULL, "symbol" character varying NOT NULL, "updated_at" timestamp(6) NOT NULL) /*application='CreditEngine'*/[0m
  [1m[35m (1.8ms)[0m  [1m[35mCREATE UNIQUE INDEX "index_currencies_on_code" ON "currencies" ("code") /*application='CreditEngine'*/[0m
  [1m[35m (0.1ms)[0m  [1m[35mDROP TABLE IF EXISTS "exchange_rates" CASCADE /*application='CreditEngine'*/[0m
  [1m[35m (2.4ms)[0m  [1m[35mCREATE TABLE "exchange_rates" ("id" bigserial primary key, "created_at" timestamp(6) NOT NULL, "from_currency_id" bigint NOT NULL, "rate" decimal(18,8) NOT NULL, "reference_date" date NOT NULL, "to_currency_id" bigint NOT NULL, "updated_at" timestamp(6) NOT NULL) /*application='CreditEngine'*/[0m
  [1m[35m (1.7ms)[0m  [1m[35mCREATE UNIQUE INDEX "index_exchange_rates_on_currencies_and_date" ON "exchange_rates" ("from_currency_id", "to_currency_id", "reference_date") /*application='CreditEngine'*/[0m
  [1m[35m (1.9ms)[0m  [1m[35mCREATE INDEX "index_exchange_rates_on_from_currency_id" ON "exchange_rates" ("from_currency_id") /*application='CreditEngine'*/[0m
  [1m[35m (1.6ms)[0m  [1m[35mCREATE INDEX "index_exchange_rates_on_to_currency_id" ON "exchange_rates" ("to_currency_id") /*application='CreditEngine'*/[0m
  [1m[35m (0.1ms)[0m  [1m[35mDROP TABLE IF EXISTS "operations" CASCADE /*application='CreditEngine'*/[0m
  [1m[35m (2.8ms)[0m  [1m[35mCREATE TABLE "operations" ("id" bigserial primary key, "assignee" character varying NOT NULL, "created_at" timestamp(6) NOT NULL, "payment_currency_id" bigint NOT NULL, "total_face_value" decimal(18,4) NOT NULL, "total_net_value" decimal(18,4) NOT NULL, "updated_at" timestamp(6) NOT NULL) /*application='CreditEngine'*/[0m
  [1m[35m (1.7ms)[0m  [1m[35mCREATE INDEX "index_operations_on_payment_currency_id" ON "operations" ("payment_currency_id") /*application='CreditEngine'*/[0m
  [1m[35m (0.1ms)[0m  [1m[35mDROP TABLE IF EXISTS "receivable_types" CASCADE /*application='CreditEngine'*/[0m
  [1m[35m (2.6ms)[0m  [1m[35mCREATE TABLE "receivable_types" ("id" bigserial primary key, "base_spread" decimal(6,4) NOT NULL, "code" character varying NOT NULL, "created_at" timestamp(6) NOT NULL, "name" character varying NOT NULL, "updated_at" timestamp(6) NOT NULL) /*application='CreditEngine'*/[0m
  [1m[35m (1.7ms)[0m  [1m[35mCREATE UNIQUE INDEX "index_receivable_types_on_code" ON "receivable_types" ("code") /*application='CreditEngine'*/[0m
  [1m[35m (0.1ms)[0m  [1m[35mDROP TABLE IF EXISTS "receivables" CASCADE /*application='CreditEngine'*/[0m
  [1m[35m (3.0ms)[0m  [1m[35mCREATE TABLE "receivables" ("id" bigserial primary key, "base_rate_applied" decimal(6,4) NOT NULL, "created_at" timestamp(6) NOT NULL, "currency_id" bigint NOT NULL, "days_to_maturity" integer NOT NULL, "due_date" date NOT NULL, "exchange_rate_applied" decimal(18,8), "face_value" decimal(18,4) NOT NULL, "identifier" character varying NOT NULL, "net_value" decimal(18,4) NOT NULL, "operation_id" bigint NOT NULL, "receivable_type_id" bigint NOT NULL, "spread_applied" decimal(6,4) NOT NULL, "updated_at" timestamp(6) NOT NULL) /*application='CreditEngine'*/[0m
  [1m[35m (1.6ms)[0m  [1m[35mCREATE INDEX "index_receivables_on_currency_id" ON "receivables" ("currency_id") /*application='CreditEngine'*/[0m
  [1m[35m (1.6ms)[0m  [1m[35mCREATE INDEX "index_receivables_on_operation_id" ON "receivables" ("operation_id") /*application='CreditEngine'*/[0m
  [1m[35m (1.8ms)[0m  [1m[35mCREATE INDEX "index_receivables_on_receivable_type_id" ON "receivables" ("receivable_type_id") /*application='CreditEngine'*/[0m
  [1m[35m (2.5ms)[0m  [1m[35mALTER TABLE "exchange_rates" ADD CONSTRAINT "fk_rails_a7a7547392"
FOREIGN KEY ("from_currency_id")
  REFERENCES "currencies" ("id")
 /*application='CreditEngine'*/[0m
  [1m[35m (1.8ms)[0m  [1m[35mALTER TABLE "exchange_rates" ADD CONSTRAINT "fk_rails_096e5ba070"
FOREIGN KEY ("to_currency_id")
  REFERENCES "currencies" ("id")
 /*application='CreditEngine'*/[0m
  [1m[35m (1.8ms)[0m  [1m[35mALTER TABLE "operations" ADD CONSTRAINT "fk_rails_a1ac986f6e"
FOREIGN KEY ("payment_currency_id")
  REFERENCES "currencies" ("id")
 /*application='CreditEngine'*/[0m
  [1m[35m (2.3ms)[0m  [1m[35mALTER TABLE "receivables" ADD CONSTRAINT "fk_rails_99dbe80f49"
FOREIGN KEY ("currency_id")
  REFERENCES "currencies" ("id")
 /*application='CreditEngine'*/[0m
  [1m[35m (1.7ms)[0m  [1m[35mALTER TABLE "receivables" ADD CONSTRAINT "fk_rails_57cc17ca11"
FOREIGN KEY ("operation_id")
  REFERENCES "operations" ("id")
 /*application='CreditEngine'*/[0m
  [1m[35m (2.4ms)[0m  [1m[35mALTER TABLE "receivables" ADD CONSTRAINT "fk_rails_f80775e364"
FOREIGN KEY ("receivable_type_id")
  REFERENCES "receivable_types" ("id")
 /*application='CreditEngine'*/[0m
  [1m[35m (2.3ms)[0m  [1m[35mCREATE TABLE "schema_migrations" ("version" character varying NOT NULL PRIMARY KEY) /*application='CreditEngine'*/[0m
  [1m[36mActiveRecord::SchemaMigration Load (0.3ms)[0m  [1m[34mSELECT "schema_migrations"."version" FROM "schema_migrations" ORDER BY "schema_migrations"."version" ASC /*application='CreditEngine'*/[0m
  [1m[35m (1.4ms)[0m  [1m[32mINSERT INTO "schema_migrations" (version) VALUES (20260608125607) /*application='CreditEngine'*/[0m
  [1m[35m (1.7ms)[0m  [1m[32mINSERT INTO "schema_migrations" (version) VALUES
(20260608125603),
(20260608125600),
(20260608125557),
(20260608125553); /*application='CreditEngine'*/[0m
  [1m[35m (2.4ms)[0m  [1m[35mCREATE TABLE "ar_internal_metadata" ("key" character varying NOT NULL PRIMARY KEY, "value" character varying, "created_at" timestamp(6) NOT NULL, "updated_at" timestamp(6) NOT NULL) /*application='CreditEngine'*/[0m
  [1m[36mActiveRecord::InternalMetadata Load (0.4ms)[0m  [1m[34mSELECT * FROM "ar_internal_metadata" WHERE "ar_internal_metadata"."key" = 'environment' ORDER BY "ar_internal_metadata"."key" ASC LIMIT 1 /*application='CreditEngine'*/[0m
  [1m[36mActiveRecord::InternalMetadata Create (1.7ms)[0m  [1m[32mINSERT INTO "ar_internal_metadata" ("key", "value", "created_at", "updated_at") VALUES ('environment', 'development', '2026-06-08 13:23:46.040475', '2026-06-08 13:23:46.040478') RETURNING "key" /*application='CreditEngine'*/[0m
  [1m[36mActiveRecord::InternalMetadata Load (0.1ms)[0m  [1m[34mSELECT * FROM "ar_internal_metadata" WHERE "ar_internal_metadata"."key" = 'environment' ORDER BY "ar_internal_metadata"."key" ASC LIMIT 1 /*application='CreditEngine'*/[0m
  [1m[36mActiveRecord::InternalMetadata Update (1.4ms)[0m  [1m[33mUPDATE "ar_internal_metadata" SET "value" = 'test', "updated_at" = '2026-06-08 13:23:46.044268' WHERE "ar_internal_metadata"."key" = 'environment' /*application='CreditEngine'*/[0m
  [1m[36mActiveRecord::InternalMetadata Load (0.1ms)[0m  [1m[34mSELECT * FROM "ar_internal_metadata" WHERE "ar_internal_metadata"."key" = 'schema_sha1' ORDER BY "ar_internal_metadata"."key" ASC LIMIT 1 /*application='CreditEngine'*/[0m
  [1m[36mActiveRecord::InternalMetadata Create (1.5ms)[0m  [1m[32mINSERT INTO "ar_internal_metadata" ("key", "value", "created_at", "updated_at") VALUES ('schema_sha1', 'd112fe315c5421ec301e3c8b3476bd5be82fde63', '2026-06-08 13:23:46.047082', '2026-06-08 13:23:46.047084') RETURNING "key" /*application='CreditEngine'*/[0m
  [1m[36mActiveRecord::SchemaMigration Load (0.3ms)[0m  [1m[34mSELECT "schema_migrations"."version" FROM "schema_migrations" ORDER BY "schema_migrations"."version" ASC /*application='CreditEngine'*/[0m
  [1m[36mTRANSACTION (0.1ms)[0m  [1m[35mBEGIN /*application='CreditEngine'*/[0m
  [1m[36mReceivable Delete All (0.3ms)[0m  [1m[31mDELETE FROM "receivables" /*application='CreditEngine'*/[0m
  [1m[36mOperation Delete All (0.2ms)[0m  [1m[31mDELETE FROM "operations" /*application='CreditEngine'*/[0m
  [1m[36mExchangeRate Delete All (0.3ms)[0m  [1m[31mDELETE FROM "exchange_rates" /*application='CreditEngine'*/[0m
  [1m[36mReceivableType Delete All (0.5ms)[0m  [1m[31mDELETE FROM "receivable_types" /*application='CreditEngine'*/[0m
  [1m[36mCurrency Delete All (0.8ms)[0m  [1m[31mDELETE FROM "currencies" /*application='CreditEngine'*/[0m
  [1m[36mTRANSACTION (0.2ms)[0m  [1m[35mSAVEPOINT active_record_1 /*application='CreditEngine'*/[0m
  [1m[36mCurrency Exists? (10.1ms)[0m  [1m[34mSELECT 1 AS one FROM "currencies" WHERE LOWER("currencies"."code") = LOWER('BRL') LIMIT 1 /*application='CreditEngine'*/[0m
  [1m[36mCurrency Create (0.5ms)[0m  [1m[32mINSERT INTO "currencies" ("code", "name", "symbol", "created_at", "updated_at") VALUES ('BRL', 'Real', 'R$', '2026-06-08 13:23:46.192881', '2026-06-08 13:23:46.192881') RETURNING "id" /*application='CreditEngine'*/[0m
  [1m[36mTRANSACTION (0.1ms)[0m  [1m[35mRELEASE SAVEPOINT active_record_1 /*application='CreditEngine'*/[0m
  [1m[36mTRANSACTION (0.1ms)[0m  [1m[35mSAVEPOINT active_record_1 /*application='CreditEngine'*/[0m
  [1m[36mCurrency Exists? (1.1ms)[0m  [1m[34mSELECT 1 AS one FROM "currencies" WHERE LOWER("currencies"."code") = LOWER('USD') LIMIT 1 /*application='CreditEngine'*/[0m
  [1m[36mCurrency Create (0.2ms)[0m  [1m[32mINSERT INTO "currencies" ("code", "name", "symbol", "created_at", "updated_at") VALUES ('USD', 'Dollar', '$', '2026-06-08 13:23:46.202079', '2026-06-08 13:23:46.202079') RETURNING "id" /*application='CreditEngine'*/[0m
  [1m[36mTRANSACTION (0.1ms)[0m  [1m[35mRELEASE SAVEPOINT active_record_1 /*application='CreditEngine'*/[0m
  [1m[36mTRANSACTION (0.1ms)[0m  [1m[35mSAVEPOINT active_record_1 /*application='CreditEngine'*/[0m
  [1m[36mExchangeRate Exists? (1.3ms)[0m  [1m[34mSELECT 1 AS one FROM "exchange_rates" WHERE "exchange_rates"."reference_date" = '2026-06-08' AND "exchange_rates"."from_currency_id" = 26 AND "exchange_rates"."to_currency_id" = 25 LIMIT 1 /*application='CreditEngine'*/[0m
  [1m[36mExchangeRate Create (0.3ms)[0m  [1m[32mINSERT INTO "exchange_rates" ("from_currency_id", "to_currency_id", "rate", "reference_date", "created_at", "updated_at") VALUES (26, 25, 5.0, '2026-06-08', '2026-06-08 13:23:46.214774', '2026-06-08 13:23:46.214774') RETURNING "id" /*application='CreditEngine'*/[0m
  [1m[36mTRANSACTION (0.1ms)[0m  [1m[35mRELEASE SAVEPOINT active_record_1 /*application='CreditEngine'*/[0m
  [1m[36mTRANSACTION (0.1ms)[0m  [1m[35mSAVEPOINT active_record_1 /*application='CreditEngine'*/[0m
  [1m[36mExchangeRate Exists? (1.2ms)[0m  [1m[34mSELECT 1 AS one FROM "exchange_rates" WHERE "exchange_rates"."reference_date" = '2026-06-08' AND "exchange_rates"."from_currency_id" = 25 AND "exchange_rates"."to_currency_id" = 26 LIMIT 1 /*application='CreditEngine'*/[0m
  [1m[36mExchangeRate Create (0.2ms)[0m  [1m[32mINSERT INTO "exchange_rates" ("from_currency_id", "to_currency_id", "rate", "reference_date", "created_at", "updated_at") VALUES (25, 26, 0.2, '2026-06-08', '2026-06-08 13:23:46.220433', '2026-06-08 13:23:46.220433') RETURNING "id" /*application='CreditEngine'*/[0m
  [1m[36mTRANSACTION (0.1ms)[0m  [1m[35mRELEASE SAVEPOINT active_record_1 /*application='CreditEngine'*/[0m
  [1m[36mTRANSACTION (0.1ms)[0m  [1m[35mSAVEPOINT active_record_1 /*application='CreditEngine'*/[0m
  [1m[36mReceivableType Exists? (1.2ms)[0m  [1m[34mSELECT 1 AS one FROM "receivable_types" WHERE LOWER("receivable_types"."code") = LOWER('duplicata') LIMIT 1 /*application='CreditEngine'*/[0m
  [1m[36mReceivableType Create (0.2ms)[0m  [1m[32mINSERT INTO "receivable_types" ("name", "code", "base_spread", "created_at", "updated_at") VALUES ('Duplicata Mercantil', 'duplicata', 0.015, '2026-06-08 13:23:46.227416', '2026-06-08 13:23:46.227416') RETURNING "id" /*application='CreditEngine'*/[0m
  [1m[36mTRANSACTION (0.2ms)[0m  [1m[35mRELEASE SAVEPOINT active_record_1 /*application='CreditEngine'*/[0m
  [1m[36mTRANSACTION (0.1ms)[0m  [1m[35mSAVEPOINT active_record_1 /*application='CreditEngine'*/[0m
  [1m[36mReceivableType Exists? (1.2ms)[0m  [1m[34mSELECT 1 AS one FROM "receivable_types" WHERE LOWER("receivable_types"."code") = LOWER('cheque') LIMIT 1 /*application='CreditEngine'*/[0m
  [1m[36mReceivableType Create (0.2ms)[0m  [1m[32mINSERT INTO "receivable_types" ("name", "code", "base_spread", "created_at", "updated_at") VALUES ('Cheque Pré-datado', 'cheque', 0.025, '2026-06-08 13:23:46.240922', '2026-06-08 13:23:46.240922') RETURNING "id" /*application='CreditEngine'*/[0m
  [1m[36mTRANSACTION (0.1ms)[0m  [1m[35mRELEASE SAVEPOINT active_record_1 /*application='CreditEngine'*/[0m
[ActionDispatch::HostAuthorization::DefaultResponseApp] Blocked hosts: www.example.com
  [1m[36mTRANSACTION (0.3ms)[0m  [1m[31mROLLBACK /*application='CreditEngine'*/[0m
  [1m[36mTRANSACTION (0.1ms)[0m  [1m[35mBEGIN /*application='CreditEngine'*/[0m
  [1m[36mReceivable Delete All (0.2ms)[0m  [1m[31mDELETE FROM "receivables" /*application='CreditEngine'*/[0m
  [1m[36mOperation Delete All (0.1ms)[0m  [1m[31mDELETE FROM "operations" /*application='CreditEngine'*/[0m
  [1m[36mExchangeRate Delete All (0.1ms)[0m  [1m[31mDELETE FROM "exchange_rates" /*application='CreditEngine'*/[0m
  [1m[36mReceivableType Delete All (0.2ms)[0m  [1m[31mDELETE FROM "receivable_types" /*application='CreditEngine'*/[0m
  [1m[36mCurrency Delete All (0.5ms)[0m  [1m[31mDELETE FROM "currencies" /*application='CreditEngine'*/[0m
  [1m[36mTRANSACTION (0.1ms)[0m  [1m[35mSAVEPOINT active_record_1 /*application='CreditEngine'*/[0m
  [1m[36mCurrency Exists? (1.0ms)[0m  [1m[34mSELECT 1 AS one FROM "currencies" WHERE LOWER("currencies"."code") = LOWER('BRL') LIMIT 1 /*application='CreditEngine'*/[0m
  [1m[36mCurrency Create (0.1ms)[0m  [1m[32mINSERT INTO "currencies" ("code", "name", "symbol", "created_at", "updated_at") VALUES ('BRL', 'Real', 'R$', '2026-06-08 13:23:46.297355', '2026-06-08 13:23:46.297355') RETURNING "id" /*application='CreditEngine'*/[0m
  [1m[36mTRANSACTION (0.1ms)[0m  [1m[35mRELEASE SAVEPOINT active_record_1 /*application='CreditEngine'*/[0m
  [1m[36mTRANSACTION (0.1ms)[0m  [1m[35mSAVEPOINT active_record_1 /*application='CreditEngine'*/[0m
  [1m[36mCurrency Exists? (1.2ms)[0m  [1m[34mSELECT 1 AS one FROM "currencies" WHERE LOWER("currencies"."code") = LOWER('USD') LIMIT 1 /*application='CreditEngine'*/[0m
  [1m[36mCurrency Create (0.1ms)[0m  [1m[32mINSERT INTO "currencies" ("code", "name", "symbol", "created_at", "updated_at") VALUES ('USD', 'Dollar', '$', '2026-06-08 13:23:46.302065', '2026-06-08 13:23:46.302065') RETURNING "id" /*application='CreditEngine'*/[0m
  [1m[36mTRANSACTION (0.1ms)[0m  [1m[35mRELEASE SAVEPOINT active_record_1 /*application='CreditEngine'*/[0m
  [1m[36mTRANSACTION (0.1ms)[0m  [1m[35mSAVEPOINT active_record_1 /*application='CreditEngine'*/[0m
  [1m[36mExchangeRate Exists? (1.2ms)[0m  [1m[34mSELECT 1 AS one FROM "exchange_rates" WHERE "exchange_rates"."reference_date" = '2026-06-08' AND "exchange_rates"."from_currency_id" = 28 AND "exchange_rates"."to_currency_id" = 27 LIMIT 1 /*application='CreditEngine'*/[0m
  [1m[36mExchangeRate Create (0.2ms)[0m  [1m[32mINSERT INTO "exchange_rates" ("from_currency_id", "to_currency_id", "rate", "reference_date", "created_at", "updated_at") VALUES (28, 27, 5.0, '2026-06-08', '2026-06-08 13:23:46.306474', '2026-06-08 13:23:46.306474') RETURNING "id" /*application='CreditEngine'*/[0m
  [1m[36mTRANSACTION (0.1ms)[0m  [1m[35mRELEASE SAVEPOINT active_record_1 /*application='CreditEngine'*/[0m
  [1m[36mTRANSACTION (0.1ms)[0m  [1m[35mSAVEPOINT active_record_1 /*application='CreditEngine'*/[0m
  [1m[36mExchangeRate Exists? (1.2ms)[0m  [1m[34mSELECT 1 AS one FROM "exchange_rates" WHERE "exchange_rates"."reference_date" = '2026-06-08' AND "exchange_rates"."from_currency_id" = 27 AND "exchange_rates"."to_currency_id" = 28 LIMIT 1 /*application='CreditEngine'*/[0m
  [1m[36mExchangeRate Create (0.2ms)[0m  [1m[32mINSERT INTO "exchange_rates" ("from_currency_id", "to_currency_id", "rate", "reference_date", "created_at", "updated_at") VALUES (27, 28, 0.2, '2026-06-08', '2026-06-08 13:23:46.311270', '2026-06-08 13:23:46.311270') RETURNING "id" /*application='CreditEngine'*/[0m
  [1m[36mTRANSACTION (0.1ms)[0m  [1m[35mRELEASE SAVEPOINT active_record_1 /*application='CreditEngine'*/[0m
  [1m[36mTRANSACTION (0.1ms)[0m  [1m[35mSAVEPOINT active_record_1 /*application='CreditEngine'*/[0m
  [1m[36mReceivableType Exists? (1.1ms)[0m  [1m[34mSELECT 1 AS one FROM "receivable_types" WHERE LOWER("receivable_types"."code") = LOWER('duplicata') LIMIT 1 /*application='CreditEngine'*/[0m
  [1m[36mReceivableType Create (0.2ms)[0m  [1m[32mINSERT INTO "receivable_types" ("name", "code", "base_spread", "created_at", "updated_at") VALUES ('Duplicata Mercantil', 'duplicata', 0.015, '2026-06-08 13:23:46.315653', '2026-06-08 13:23:46.315653') RETURNING "id" /*application='CreditEngine'*/[0m
  [1m[36mTRANSACTION (0.1ms)[0m  [1m[35mRELEASE SAVEPOINT active_record_1 /*application='CreditEngine'*/[0m
  [1m[36mTRANSACTION (0.1ms)[0m  [1m[35mSAVEPOINT active_record_1 /*application='CreditEngine'*/[0m
  [1m[36mReceivableType Exists? (1.3ms)[0m  [1m[34mSELECT 1 AS one FROM "receivable_types" WHERE LOWER("receivable_types"."code") = LOWER('cheque') LIMIT 1 /*application='CreditEngine'*/[0m
  [1m[36mReceivableType Create (0.1ms)[0m  [1m[32mINSERT INTO "receivable_types" ("name", "code", "base_spread", "created_at", "updated_at") VALUES ('Cheque Pré-datado', 'cheque', 0.025, '2026-06-08 13:23:46.320867', '2026-06-08 13:23:46.320867') RETURNING "id" /*application='CreditEngine'*/[0m
  [1m[36mTRANSACTION (0.1ms)[0m  [1m[35mRELEASE SAVEPOINT active_record_1 /*application='CreditEngine'*/[0m
[ActionDispatch::HostAuthorization::DefaultResponseApp] Blocked hosts: www.example.com
  [1m[36mTRANSACTION (0.1ms)[0m  [1m[31mROLLBACK /*application='CreditEngine'*/[0m
  [1m[36mTRANSACTION (0.0ms)[0m  [1m[35mBEGIN /*application='CreditEngine'*/[0m
  [1m[36mReceivable Delete All (0.1ms)[0m  [1m[31mDELETE FROM "receivables" /*application='CreditEngine'*/[0m
  [1m[36mOperation Delete All (0.1ms)[0m  [1m[31mDELETE FROM "operations" /*application='CreditEngine'*/[0m
  [1m[36mExchangeRate Delete All (0.1ms)[0m  [1m[31mDELETE FROM "exchange_rates" /*application='CreditEngine'*/[0m
  [1m[36mReceivableType Delete All (0.3ms)[0m  [1m[31mDELETE FROM "receivable_types" /*application='CreditEngine'*/[0m
  [1m[36mCurrency Delete All (0.4ms)[0m  [1m[31mDELETE FROM "currencies" /*application='CreditEngine'*/[0m
  [1m[36mTRANSACTION (0.1ms)[0m  [1m[35mSAVEPOINT active_record_1 /*application='CreditEngine'*/[0m
  [1m[36mCurrency Exists? (1.2ms)[0m  [1m[34mSELECT 1 AS one FROM "currencies" WHERE LOWER("currencies"."code") = LOWER('BRL') LIMIT 1 /*application='CreditEngine'*/[0m
  [1m[36mCurrency Create (0.2ms)[0m  [1m[32mINSERT INTO "currencies" ("code", "name", "symbol", "created_at", "updated_at") VALUES ('BRL', 'Real', 'R$', '2026-06-08 13:23:46.333314', '2026-06-08 13:23:46.333314') RETURNING "id" /*application='CreditEngine'*/[0m
  [1m[36mTRANSACTION (0.1ms)[0m  [1m[35mRELEASE SAVEPOINT active_record_1 /*application='CreditEngine'*/[0m
  [1m[36mTRANSACTION (0.1ms)[0m  [1m[35mSAVEPOINT active_record_1 /*application='CreditEngine'*/[0m
  [1m[36mCurrency Exists? (1.1ms)[0m  [1m[34mSELECT 1 AS one FROM "currencies" WHERE LOWER("currencies"."code") = LOWER('USD') LIMIT 1 /*application='CreditEngine'*/[0m
  [1m[36mCurrency Create (0.1ms)[0m  [1m[32mINSERT INTO "currencies" ("code", "name", "symbol", "created_at", "updated_at") VALUES ('USD', 'Dollar', '$', '2026-06-08 13:23:46.337624', '2026-06-08 13:23:46.337624') RETURNING "id" /*application='CreditEngine'*/[0m
  [1m[36mTRANSACTION (0.1ms)[0m  [1m[35mRELEASE SAVEPOINT active_record_1 /*application='CreditEngine'*/[0m
  [1m[36mTRANSACTION (0.1ms)[0m  [1m[35mSAVEPOINT active_record_1 /*application='CreditEngine'*/[0m
  [1m[36mExchangeRate Exists? (1.3ms)[0m  [1m[34mSELECT 1 AS one FROM "exchange_rates" WHERE "exchange_rates"."reference_date" = '2026-06-08' AND "exchange_rates"."from_currency_id" = 30 AND "exchange_rates"."to_currency_id" = 29 LIMIT 1 /*application='CreditEngine'*/[0m
  [1m[36mExchangeRate Create (0.3ms)[0m  [1m[32mINSERT INTO "exchange_rates" ("from_currency_id", "to_currency_id", "rate", "reference_date", "created_at", "updated_at") VALUES (30, 29, 5.0, '2026-06-08', '2026-06-08 13:23:46.342396', '2026-06-08 13:23:46.342396') RETURNING "id" /*application='CreditEngine'*/[0m
  [1m[36mTRANSACTION (0.1ms)[0m  [1m[35mRELEASE SAVEPOINT active_record_1 /*application='CreditEngine'*/[0m
  [1m[36mTRANSACTION (0.1ms)[0m  [1m[35mSAVEPOINT active_record_1 /*application='CreditEngine'*/[0m
  [1m[36mExchangeRate Exists? (1.2ms)[0m  [1m[34mSELECT 1 AS one FROM "exchange_rates" WHERE "exchange_rates"."reference_date" = '2026-06-08' AND "exchange_rates"."from_currency_id" = 29 AND "exchange_rates"."to_currency_id" = 30 LIMIT 1 /*application='CreditEngine'*/[0m
  [1m[36mExchangeRate Create (0.2ms)[0m  [1m[32mINSERT INTO "exchange_rates" ("from_currency_id", "to_currency_id", "rate", "reference_date", "created_at", "updated_at") VALUES (29, 30, 0.2, '2026-06-08', '2026-06-08 13:23:46.347185', '2026-06-08 13:23:46.347185') RETURNING "id" /*application='CreditEngine'*/[0m
  [1m[36mTRANSACTION (0.1ms)[0m  [1m[35mRELEASE SAVEPOINT active_record_1 /*application='CreditEngine'*/[0m
  [1m[36mTRANSACTION (0.1ms)[0m  [1m[35mSAVEPOINT active_record_1 /*application='CreditEngine'*/[0m
  [1m[36mReceivableType Exists? (1.2ms)[0m  [1m[34mSELECT 1 AS one FROM "receivable_types" WHERE LOWER("receivable_types"."code") = LOWER('duplicata') LIMIT 1 /*application='CreditEngine'*/[0m
  [1m[36mReceivableType Create (0.2ms)[0m  [1m[32mINSERT INTO "receivable_types" ("name", "code", "base_spread", "created_at", "updated_at") VALUES ('Duplicata Mercantil', 'duplicata', 0.015, '2026-06-08 13:23:46.351613', '2026-06-08 13:23:46.351613') RETURNING "id" /*application='CreditEngine'*/[0m
  [1m[36mTRANSACTION (0.1ms)[0m  [1m[35mRELEASE SAVEPOINT active_record_1 /*application='CreditEngine'*/[0m
  [1m[36mTRANSACTION (0.1ms)[0m  [1m[35mSAVEPOINT active_record_1 /*application='CreditEngine'*/[0m
  [1m[36mReceivableType Exists? (1.2ms)[0m  [1m[34mSELECT 1 AS one FROM "receivable_types" WHERE LOWER("receivable_types"."code") = LOWER('cheque') LIMIT 1 /*application='CreditEngine'*/[0m
  [1m[36mReceivableType Create (0.1ms)[0m  [1m[32mINSERT INTO "receivable_types" ("name", "code", "base_spread", "created_at", "updated_at") VALUES ('Cheque Pré-datado', 'cheque', 0.025, '2026-06-08 13:23:46.355802', '2026-06-08 13:23:46.355802') RETURNING "id" /*application='CreditEngine'*/[0m
  [1m[36mTRANSACTION (0.1ms)[0m  [1m[35mRELEASE SAVEPOINT active_record_1 /*application='CreditEngine'*/[0m
[ActionDispatch::HostAuthorization::DefaultResponseApp] Blocked hosts: www.example.com
  [1m[36mTRANSACTION (0.1ms)[0m  [1m[31mROLLBACK /*application='CreditEngine'*/[0m
  [1m[36mTRANSACTION (0.1ms)[0m  [1m[35mBEGIN /*application='CreditEngine'*/[0m
  [1m[36mReceivable Delete All (0.1ms)[0m  [1m[31mDELETE FROM "receivables" /*application='CreditEngine'*/[0m
  [1m[36mOperation Delete All (0.1ms)[0m  [1m[31mDELETE FROM "operations" /*application='CreditEngine'*/[0m
  [1m[36mExchangeRate Delete All (0.1ms)[0m  [1m[31mDELETE FROM "exchange_rates" /*application='CreditEngine'*/[0m
  [1m[36mReceivableType Delete All (0.1ms)[0m  [1m[31mDELETE FROM "receivable_types" /*application='CreditEngine'*/[0m
  [1m[36mCurrency Delete All (0.2ms)[0m  [1m[31mDELETE FROM "currencies" /*application='CreditEngine'*/[0m
  [1m[36mTRANSACTION (0.1ms)[0m  [1m[35mSAVEPOINT active_record_1 /*application='CreditEngine'*/[0m
  [1m[36mCurrency Exists? (1.3ms)[0m  [1m[34mSELECT 1 AS one FROM "currencies" WHERE LOWER("currencies"."code") = LOWER('BRL') LIMIT 1 /*application='CreditEngine'*/[0m
  [1m[36mCurrency Create (0.2ms)[0m  [1m[32mINSERT INTO "currencies" ("code", "name", "symbol", "created_at", "updated_at") VALUES ('BRL', 'Real', 'R$', '2026-06-08 13:23:46.368712', '2026-06-08 13:23:46.368712') RETURNING "id" /*application='CreditEngine'*/[0m
  [1m[36mTRANSACTION (0.1ms)[0m  [1m[35mRELEASE SAVEPOINT active_record_1 /*application='CreditEngine'*/[0m
  [1m[36mTRANSACTION (0.1ms)[0m  [1m[35mSAVEPOINT active_record_1 /*application='CreditEngine'*/[0m
  [1m[36mCurrency Exists? (1.1ms)[0m  [1m[34mSELECT 1 AS one FROM "currencies" WHERE LOWER("currencies"."code") = LOWER('USD') LIMIT 1 /*application='CreditEngine'*/[0m
  [1m[36mCurrency Create (0.2ms)[0m  [1m[32mINSERT INTO "currencies" ("code", "name", "symbol", "created_at", "updated_at") VALUES ('USD', 'Dollar', '$', '2026-06-08 13:23:46.373672', '2026-06-08 13:23:46.373672') RETURNING "id" /*application='CreditEngine'*/[0m
  [1m[36mTRANSACTION (0.1ms)[0m  [1m[35mRELEASE SAVEPOINT active_record_1 /*application='CreditEngine'*/[0m
  [1m[36mTRANSACTION (0.1ms)[0m  [1m[35mSAVEPOINT active_record_1 /*application='CreditEngine'*/[0m
  [1m[36mExchangeRate Exists? (1.1ms)[0m  [1m[34mSELECT 1 AS one FROM "exchange_rates" WHERE "exchange_rates"."reference_date" = '2026-06-08' AND "exchange_rates"."from_currency_id" = 32 AND "exchange_rates"."to_currency_id" = 31 LIMIT 1 /*application='CreditEngine'*/[0m
  [1m[36mExchangeRate Create (0.2ms)[0m  [1m[32mINSERT INTO "exchange_rates" ("from_currency_id", "to_currency_id", "rate", "reference_date", "created_at", "updated_at") VALUES (32, 31, 5.0, '2026-06-08', '2026-06-08 13:23:46.378798', '2026-06-08 13:23:46.378798') RETURNING "id" /*application='CreditEngine'*/[0m
  [1m[36mTRANSACTION (0.1ms)[0m  [1m[35mRELEASE SAVEPOINT active_record_1 /*application='CreditEngine'*/[0m
  [1m[36mTRANSACTION (0.1ms)[0m  [1m[35mSAVEPOINT active_record_1 /*application='CreditEngine'*/[0m
  [1m[36mExchangeRate Exists? (1.1ms)[0m  [1m[34mSELECT 1 AS one FROM "exchange_rates" WHERE "exchange_rates"."reference_date" = '2026-06-08' AND "exchange_rates"."from_currency_id" = 31 AND "exchange_rates"."to_currency_id" = 32 LIMIT 1 /*application='CreditEngine'*/[0m
  [1m[36mExchangeRate Create (0.2ms)[0m  [1m[32mINSERT INTO "exchange_rates" ("from_currency_id", "to_currency_id", "rate", "reference_date", "created_at", "updated_at") VALUES (31, 32, 0.2, '2026-06-08', '2026-06-08 13:23:46.383504', '2026-06-08 13:23:46.383504') RETURNING "id" /*application='CreditEngine'*/[0m
  [1m[36mTRANSACTION (0.1ms)[0m  [1m[35mRELEASE SAVEPOINT active_record_1 /*application='CreditEngine'*/[0m
  [1m[36mTRANSACTION (0.1ms)[0m  [1m[35mSAVEPOINT active_record_1 /*application='CreditEngine'*/[0m
  [1m[36mReceivableType Exists? (1.2ms)[0m  [1m[34mSELECT 1 AS one FROM "receivable_types" WHERE LOWER("receivable_types"."code") = LOWER('duplicata') LIMIT 1 /*application='CreditEngine'*/[0m
  [1m[36mReceivableType Create (0.1ms)[0m  [1m[32mINSERT INTO "receivable_types" ("name", "code", "base_spread", "created_at", "updated_at") VALUES ('Duplicata Mercantil', 'duplicata', 0.015, '2026-06-08 13:23:46.387756', '2026-06-08 13:23:46.387756') RETURNING "id" /*application='CreditEngine'*/[0m
  [1m[36mTRANSACTION (0.1ms)[0m  [1m[35mRELEASE SAVEPOINT active_record_1 /*application='CreditEngine'*/[0m
  [1m[36mTRANSACTION (0.1ms)[0m  [1m[35mSAVEPOINT active_record_1 /*application='CreditEngine'*/[0m
  [1m[36mReceivableType Exists? (1.1ms)[0m  [1m[34mSELECT 1 AS one FROM "receivable_types" WHERE LOWER("receivable_types"."code") = LOWER('cheque') LIMIT 1 /*application='CreditEngine'*/[0m
  [1m[36mReceivableType Create (0.3ms)[0m  [1m[32mINSERT INTO "receivable_types" ("name", "code", "base_spread", "created_at", "updated_at") VALUES ('Cheque Pré-datado', 'cheque', 0.025, '2026-06-08 13:23:46.412061', '2026-06-08 13:23:46.412061') RETURNING "id" /*application='CreditEngine'*/[0m
  [1m[36mTRANSACTION (0.1ms)[0m  [1m[35mRELEASE SAVEPOINT active_record_1 /*application='CreditEngine'*/[0m
  [1m[36mOperation Count (0.2ms)[0m  [1m[34mSELECT COUNT(*) FROM "operations" /*application='CreditEngine'*/[0m
  [1m[36mReceivable Count (0.1ms)[0m  [1m[34mSELECT COUNT(*) FROM "receivables" /*application='CreditEngine'*/[0m
[ActionDispatch::HostAuthorization::DefaultResponseApp] Blocked hosts: www.example.com
  [1m[36mOperation Count (0.2ms)[0m  [1m[34mSELECT COUNT(*) FROM "operations" /*application='CreditEngine'*/[0m
  [1m[36mReceivable Count (0.1ms)[0m  [1m[34mSELECT COUNT(*) FROM "receivables" /*application='CreditEngine'*/[0m
  [1m[36mTRANSACTION (0.1ms)[0m  [1m[31mROLLBACK /*application='CreditEngine'*/[0m
  [1m[36mTRANSACTION (0.1ms)[0m  [1m[35mBEGIN /*application='CreditEngine'*/[0m
  [1m[36mReceivable Delete All (0.1ms)[0m  [1m[31mDELETE FROM "receivables" /*application='CreditEngine'*/[0m
  [1m[36mOperation Delete All (0.1ms)[0m  [1m[31mDELETE FROM "operations" /*application='CreditEngine'*/[0m
  [1m[36mExchangeRate Delete All (0.1ms)[0m  [1m[31mDELETE FROM "exchange_rates" /*application='CreditEngine'*/[0m
  [1m[36mReceivableType Delete All (0.2ms)[0m  [1m[31mDELETE FROM "receivable_types" /*application='CreditEngine'*/[0m
  [1m[36mCurrency Delete All (0.2ms)[0m  [1m[31mDELETE FROM "currencies" /*application='CreditEngine'*/[0m
  [1m[36mTRANSACTION (0.1ms)[0m  [1m[35mSAVEPOINT active_record_1 /*application='CreditEngine'*/[0m
  [1m[36mCurrency Exists? (1.1ms)[0m  [1m[34mSELECT 1 AS one FROM "currencies" WHERE LOWER("currencies"."code") = LOWER('BRL') LIMIT 1 /*application='CreditEngine'*/[0m
  [1m[36mCurrency Create (0.2ms)[0m  [1m[32mINSERT INTO "currencies" ("code", "name", "symbol", "created_at", "updated_at") VALUES ('BRL', 'Real', 'R$', '2026-06-08 13:23:46.431437', '2026-06-08 13:23:46.431437') RETURNING "id" /*application='CreditEngine'*/[0m
  [1m[36mTRANSACTION (0.1ms)[0m  [1m[35mRELEASE SAVEPOINT active_record_1 /*application='CreditEngine'*/[0m
  [1m[36mTRANSACTION (0.1ms)[0m  [1m[35mSAVEPOINT active_record_1 /*application='CreditEngine'*/[0m
  [1m[36mCurrency Exists? (1.1ms)[0m  [1m[34mSELECT 1 AS one FROM "currencies" WHERE LOWER("currencies"."code") = LOWER('USD') LIMIT 1 /*application='CreditEngine'*/[0m
  [1m[36mCurrency Create (0.1ms)[0m  [1m[32mINSERT INTO "currencies" ("code", "name", "symbol", "created_at", "updated_at") VALUES ('USD', 'Dollar', '$', '2026-06-08 13:23:46.436257', '2026-06-08 13:23:46.436257') RETURNING "id" /*application='CreditEngine'*/[0m
  [1m[36mTRANSACTION (0.1ms)[0m  [1m[35mRELEASE SAVEPOINT active_record_1 /*application='CreditEngine'*/[0m
  [1m[36mTRANSACTION (0.1ms)[0m  [1m[35mSAVEPOINT active_record_1 /*application='CreditEngine'*/[0m
  [1m[36mExchangeRate Exists? (1.7ms)[0m  [1m[34mSELECT 1 AS one FROM "exchange_rates" WHERE "exchange_rates"."reference_date" = '2026-06-08' AND "exchange_rates"."from_currency_id" = 34 AND "exchange_rates"."to_currency_id" = 33 LIMIT 1 /*application='CreditEngine'*/[0m
  [1m[36mExchangeRate Create (0.2ms)[0m  [1m[32mINSERT INTO "exchange_rates" ("from_currency_id", "to_currency_id", "rate", "reference_date", "created_at", "updated_at") VALUES (34, 33, 5.0, '2026-06-08', '2026-06-08 13:23:46.441219', '2026-06-08 13:23:46.441219') RETURNING "id" /*application='CreditEngine'*/[0m
  [1m[36mTRANSACTION (0.1ms)[0m  [1m[35mRELEASE SAVEPOINT active_record_1 /*application='CreditEngine'*/[0m
  [1m[36mTRANSACTION (0.1ms)[0m  [1m[35mSAVEPOINT active_record_1 /*application='CreditEngine'*/[0m
  [1m[36mExchangeRate Exists? (1.2ms)[0m  [1m[34mSELECT 1 AS one FROM "exchange_rates" WHERE "exchange_rates"."reference_date" = '2026-06-08' AND "exchange_rates"."from_currency_id" = 33 AND "exchange_rates"."to_currency_id" = 34 LIMIT 1 /*application='CreditEngine'*/[0m
  [1m[36mExchangeRate Create (0.2ms)[0m  [1m[32mINSERT INTO "exchange_rates" ("from_currency_id", "to_currency_id", "rate", "reference_date", "created_at", "updated_at") VALUES (33, 34, 0.2, '2026-06-08', '2026-06-08 13:23:46.446225', '2026-06-08 13:23:46.446225') RETURNING "id" /*application='CreditEngine'*/[0m
  [1m[36mTRANSACTION (0.1ms)[0m  [1m[35mRELEASE SAVEPOINT active_record_1 /*application='CreditEngine'*/[0m
  [1m[36mTRANSACTION (0.1ms)[0m  [1m[35mSAVEPOINT active_record_1 /*application='CreditEngine'*/[0m
  [1m[36mReceivableType Exists? (1.2ms)[0m  [1m[34mSELECT 1 AS one FROM "receivable_types" WHERE LOWER("receivable_types"."code") = LOWER('duplicata') LIMIT 1 /*application='CreditEngine'*/[0m
  [1m[36mReceivableType Create (0.2ms)[0m  [1m[32mINSERT INTO "receivable_types" ("name", "code", "base_spread", "created_at", "updated_at") VALUES ('Duplicata Mercantil', 'duplicata', 0.015, '2026-06-08 13:23:46.450527', '2026-06-08 13:23:46.450527') RETURNING "id" /*application='CreditEngine'*/[0m
  [1m[36mTRANSACTION (0.1ms)[0m  [1m[35mRELEASE SAVEPOINT active_record_1 /*application='CreditEngine'*/[0m
  [1m[36mTRANSACTION (0.1ms)[0m  [1m[35mSAVEPOINT active_record_1 /*application='CreditEngine'*/[0m
  [1m[36mReceivableType Exists? (1.3ms)[0m  [1m[34mSELECT 1 AS one FROM "receivable_types" WHERE LOWER("receivable_types"."code") = LOWER('cheque') LIMIT 1 /*application='CreditEngine'*/[0m
  [1m[36mReceivableType Create (0.2ms)[0m  [1m[32mINSERT INTO "receivable_types" ("name", "code", "base_spread", "created_at", "updated_at") VALUES ('Cheque Pré-datado', 'cheque', 0.025, '2026-06-08 13:23:46.455552', '2026-06-08 13:23:46.455552') RETURNING "id" /*application='CreditEngine'*/[0m
  [1m[36mTRANSACTION (0.1ms)[0m  [1m[35mRELEASE SAVEPOINT active_record_1 /*application='CreditEngine'*/[0m
  [1m[36mReceivable Count (0.2ms)[0m  [1m[34mSELECT COUNT(*) FROM "receivables" /*application='CreditEngine'*/[0m
  [1m[36mOperation Count (0.1ms)[0m  [1m[34mSELECT COUNT(*) FROM "operations" /*application='CreditEngine'*/[0m
[ActionDispatch::HostAuthorization::DefaultResponseApp] Blocked hosts: www.example.com
  [1m[36mOperation Count (0.1ms)[0m  [1m[34mSELECT COUNT(*) FROM "operations" /*application='CreditEngine'*/[0m
  [1m[36mReceivable Count (0.1ms)[0m  [1m[34mSELECT COUNT(*) FROM "receivables" /*application='CreditEngine'*/[0m
  [1m[36mTRANSACTION (0.2ms)[0m  [1m[31mROLLBACK /*application='CreditEngine'*/[0m
  [1m[36mTRANSACTION (0.1ms)[0m  [1m[35mBEGIN /*application='CreditEngine'*/[0m
  [1m[36mReceivable Delete All (0.1ms)[0m  [1m[31mDELETE FROM "receivables" /*application='CreditEngine'*/[0m
  [1m[36mOperation Delete All (0.1ms)[0m  [1m[31mDELETE FROM "operations" /*application='CreditEngine'*/[0m
  [1m[36mExchangeRate Delete All (0.1ms)[0m  [1m[31mDELETE FROM "exchange_rates" /*application='CreditEngine'*/[0m
  [1m[36mReceivableType Delete All (0.1ms)[0m  [1m[31mDELETE FROM "receivable_types" /*application='CreditEngine'*/[0m
  [1m[36mCurrency Delete All (0.2ms)[0m  [1m[31mDELETE FROM "currencies" /*application='CreditEngine'*/[0m
  [1m[36mTRANSACTION (0.1ms)[0m  [1m[35mSAVEPOINT active_record_1 /*application='CreditEngine'*/[0m
  [1m[36mCurrency Exists? (1.1ms)[0m  [1m[34mSELECT 1 AS one FROM "currencies" WHERE LOWER("currencies"."code") = LOWER('BRL') LIMIT 1 /*application='CreditEngine'*/[0m
  [1m[36mCurrency Create (0.1ms)[0m  [1m[32mINSERT INTO "currencies" ("code", "name", "symbol", "created_at", "updated_at") VALUES ('BRL', 'Real', 'R$', '2026-06-08 13:23:46.484697', '2026-06-08 13:23:46.484697') RETURNING "id" /*application='CreditEngine'*/[0m
  [1m[36mTRANSACTION (0.1ms)[0m  [1m[35mRELEASE SAVEPOINT active_record_1 /*application='CreditEngine'*/[0m
  [1m[36mTRANSACTION (0.1ms)[0m  [1m[35mSAVEPOINT active_record_1 /*application='CreditEngine'*/[0m
  [1m[36mCurrency Exists? (1.1ms)[0m  [1m[34mSELECT 1 AS one FROM "currencies" WHERE LOWER("currencies"."code") = LOWER('USD') LIMIT 1 /*application='CreditEngine'*/[0m
  [1m[36mCurrency Create (0.2ms)[0m  [1m[32mINSERT INTO "currencies" ("code", "name", "symbol", "created_at", "updated_at") VALUES ('USD', 'Dollar', '$', '2026-06-08 13:23:46.489366', '2026-06-08 13:23:46.489366') RETURNING "id" /*application='CreditEngine'*/[0m
  [1m[36mTRANSACTION (0.1ms)[0m  [1m[35mRELEASE SAVEPOINT active_record_1 /*application='CreditEngine'*/[0m
  [1m[36mTRANSACTION (0.1ms)[0m  [1m[35mSAVEPOINT active_record_1 /*application='CreditEngine'*/[0m
  [1m[36mExchangeRate Exists? (1.2ms)[0m  [1m[34mSELECT 1 AS one FROM "exchange_rates" WHERE "exchange_rates"."reference_date" = '2026-06-08' AND "exchange_rates"."from_currency_id" = 36 AND "exchange_rates"."to_currency_id" = 35 LIMIT 1 /*application='CreditEngine'*/[0m
  [1m[36mExchangeRate Create (0.2ms)[0m  [1m[32mINSERT INTO "exchange_rates" ("from_currency_id", "to_currency_id", "rate", "reference_date", "created_at", "updated_at") VALUES (36, 35, 5.0, '2026-06-08', '2026-06-08 13:23:46.494945', '2026-06-08 13:23:46.494945') RETURNING "id" /*application='CreditEngine'*/[0m
  [1m[36mTRANSACTION (0.1ms)[0m  [1m[35mRELEASE SAVEPOINT active_record_1 /*application='CreditEngine'*/[0m
  [1m[36mTRANSACTION (0.1ms)[0m  [1m[35mSAVEPOINT active_record_1 /*application='CreditEngine'*/[0m
  [1m[36mExchangeRate Exists? (1.1ms)[0m  [1m[34mSELECT 1 AS one FROM "exchange_rates" WHERE "exchange_rates"."reference_date" = '2026-06-08' AND "exchange_rates"."from_currency_id" = 35 AND "exchange_rates"."to_currency_id" = 36 LIMIT 1 /*application='CreditEngine'*/[0m
  [1m[36mExchangeRate Create (0.2ms)[0m  [1m[32mINSERT INTO "exchange_rates" ("from_currency_id", "to_currency_id", "rate", "reference_date", "created_at", "updated_at") VALUES (35, 36, 0.2, '2026-06-08', '2026-06-08 13:23:46.499283', '2026-06-08 13:23:46.499283') RETURNING "id" /*application='CreditEngine'*/[0m
  [1m[36mTRANSACTION (0.1ms)[0m  [1m[35mRELEASE SAVEPOINT active_record_1 /*application='CreditEngine'*/[0m
  [1m[36mTRANSACTION (0.1ms)[0m  [1m[35mSAVEPOINT active_record_1 /*application='CreditEngine'*/[0m
  [1m[36mReceivableType Exists? (1.1ms)[0m  [1m[34mSELECT 1 AS one FROM "receivable_types" WHERE LOWER("receivable_types"."code") = LOWER('duplicata') LIMIT 1 /*application='CreditEngine'*/[0m
  [1m[36mReceivableType Create (0.1ms)[0m  [1m[32mINSERT INTO "receivable_types" ("name", "code", "base_spread", "created_at", "updated_at") VALUES ('Duplicata Mercantil', 'duplicata', 0.015, '2026-06-08 13:23:46.503260', '2026-06-08 13:23:46.503260') RETURNING "id" /*application='CreditEngine'*/[0m
  [1m[36mTRANSACTION (0.1ms)[0m  [1m[35mRELEASE SAVEPOINT active_record_1 /*application='CreditEngine'*/[0m
  [1m[36mTRANSACTION (0.1ms)[0m  [1m[35mSAVEPOINT active_record_1 /*application='CreditEngine'*/[0m
  [1m[36mReceivableType Exists? (1.1ms)[0m  [1m[34mSELECT 1 AS one FROM "receivable_types" WHERE LOWER("receivable_types"."code") = LOWER('cheque') LIMIT 1 /*application='CreditEngine'*/[0m
  [1m[36mReceivableType Create (0.1ms)[0m  [1m[32mINSERT INTO "receivable_types" ("name", "code", "base_spread", "created_at", "updated_at") VALUES ('Cheque Pré-datado', 'cheque', 0.025, '2026-06-08 13:23:46.507280', '2026-06-08 13:23:46.507280') RETURNING "id" /*application='CreditEngine'*/[0m
  [1m[36mTRANSACTION (0.1ms)[0m  [1m[35mRELEASE SAVEPOINT active_record_1 /*application='CreditEngine'*/[0m
  [1m[36mOperation Count (0.1ms)[0m  [1m[34mSELECT COUNT(*) FROM "operations" /*application='CreditEngine'*/[0m
  [1m[36mReceivable Count (0.1ms)[0m  [1m[34mSELECT COUNT(*) FROM "receivables" /*application='CreditEngine'*/[0m
[ActionDispatch::HostAuthorization::DefaultResponseApp] Blocked hosts: www.example.com
  [1m[36mOperation Count (0.1ms)[0m  [1m[34mSELECT COUNT(*) FROM "operations" /*application='CreditEngine'*/[0m
  [1m[36mReceivable Count (0.1ms)[0m  [1m[34mSELECT COUNT(*) FROM "receivables" /*application='CreditEngine'*/[0m
  [1m[36mTRANSACTION (0.1ms)[0m  [1m[31mROLLBACK /*application='CreditEngine'*/[0m
  [1m[36mActiveRecord::InternalMetadata Load (0.4ms)[0m  [1m[34mSELECT * FROM "ar_internal_metadata" WHERE "ar_internal_metadata"."key" = 'schema_sha1' ORDER BY "ar_internal_metadata"."key" ASC LIMIT 1 /*application='CreditEngine'*/[0m
  [1m[36mActiveRecord::SchemaMigration Load (0.4ms)[0m  [1m[34mSELECT "schema_migrations"."version" FROM "schema_migrations" ORDER BY "schema_migrations"."version" ASC /*application='CreditEngine'*/[0m
  [1m[36mActiveRecord::InternalMetadata Load (0.4ms)[0m  [1m[34mSELECT * FROM "ar_internal_metadata" WHERE "ar_internal_metadata"."key" = 'environment' ORDER BY "ar_internal_metadata"."key" ASC LIMIT 1 /*application='CreditEngine'*/[0m
  [1m[36mActiveRecord::SchemaMigration Load (0.1ms)[0m  [1m[34mSELECT "schema_migrations"."version" FROM "schema_migrations" ORDER BY "schema_migrations"."version" ASC /*application='CreditEngine'*/[0m
  [1m[36mActiveRecord::InternalMetadata Load (0.1ms)[0m  [1m[34mSELECT * FROM "ar_internal_metadata" WHERE "ar_internal_metadata"."key" = 'environment' ORDER BY "ar_internal_metadata"."key" ASC LIMIT 1 /*application='CreditEngine'*/[0m
  [1m[36mActiveRecord::SchemaMigration Load (0.1ms)[0m  [1m[34mSELECT "schema_migrations"."version" FROM "schema_migrations" ORDER BY "schema_migrations"."version" ASC /*application='CreditEngine'*/[0m
  [1m[36mActiveRecord::InternalMetadata Load (0.1ms)[0m  [1m[34mSELECT * FROM "ar_internal_metadata" WHERE "ar_internal_metadata"."key" = 'environment' ORDER BY "ar_internal_metadata"."key" ASC LIMIT 1 /*application='CreditEngine'*/[0m
  [1m[35mSQL (0.1ms)[0m  [1m[35mSET search_path TO public /*application='CreditEngine'*/[0m
  [1m[35m (54.4ms)[0m  [1m[35mDROP DATABASE IF EXISTS "credit_engine_test" /*application='CreditEngine'*/[0m
  [1m[35m (33.8ms)[0m  [1m[35mCREATE DATABASE "credit_engine_test" ENCODING = 'unicode' /*application='CreditEngine'*/[0m
  [1m[35mSQL (15.2ms)[0m  [1m[35mCREATE EXTENSION IF NOT EXISTS "plpgsql" SCHEMA pg_catalog /*application='CreditEngine'*/[0m
  [1m[35m (0.1ms)[0m  [1m[35mDROP TABLE IF EXISTS "currencies" CASCADE /*application='CreditEngine'*/[0m
  [1m[35m (3.4ms)[0m  [1m[35mCREATE TABLE "currencies" ("id" bigserial primary key, "code" character varying NOT NULL, "created_at" timestamp(6) NOT NULL, "name" character varying NOT NULL, "symbol" character varying NOT NULL, "updated_at" timestamp(6) NOT NULL) /*application='CreditEngine'*/[0m
  [1m[35m (2.0ms)[0m  [1m[35mCREATE UNIQUE INDEX "index_currencies_on_code" ON "currencies" ("code") /*application='CreditEngine'*/[0m
  [1m[35m (0.1ms)[0m  [1m[35mDROP TABLE IF EXISTS "exchange_rates" CASCADE /*application='CreditEngine'*/[0m
  [1m[35m (2.3ms)[0m  [1m[35mCREATE TABLE "exchange_rates" ("id" bigserial primary key, "created_at" timestamp(6) NOT NULL, "from_currency_id" bigint NOT NULL, "rate" decimal(18,8) NOT NULL, "reference_date" date NOT NULL, "to_currency_id" bigint NOT NULL, "updated_at" timestamp(6) NOT NULL) /*application='CreditEngine'*/[0m
  [1m[35m (1.6ms)[0m  [1m[35mCREATE UNIQUE INDEX "index_exchange_rates_on_currencies_and_date" ON "exchange_rates" ("from_currency_id", "to_currency_id", "reference_date") /*application='CreditEngine'*/[0m
  [1m[35m (1.7ms)[0m  [1m[35mCREATE INDEX "index_exchange_rates_on_from_currency_id" ON "exchange_rates" ("from_currency_id") /*application='CreditEngine'*/[0m
  [1m[35m (1.7ms)[0m  [1m[35mCREATE INDEX "index_exchange_rates_on_to_currency_id" ON "exchange_rates" ("to_currency_id") /*application='CreditEngine'*/[0m
  [1m[35m (0.1ms)[0m  [1m[35mDROP TABLE IF EXISTS "operations" CASCADE /*application='CreditEngine'*/[0m
  [1m[35m (2.8ms)[0m  [1m[35mCREATE TABLE "operations" ("id" bigserial primary key, "assignee" character varying NOT NULL, "created_at" timestamp(6) NOT NULL, "payment_currency_id" bigint NOT NULL, "total_face_value" decimal(18,4) NOT NULL, "total_net_value" decimal(18,4) NOT NULL, "updated_at" timestamp(6) NOT NULL) /*application='CreditEngine'*/[0m
  [1m[35m (1.8ms)[0m  [1m[35mCREATE INDEX "index_operations_on_payment_currency_id" ON "operations" ("payment_currency_id") /*application='CreditEngine'*/[0m
  [1m[35m (0.1ms)[0m  [1m[35mDROP TABLE IF EXISTS "receivable_types" CASCADE /*application='CreditEngine'*/[0m
  [1m[35m (2.6ms)[0m  [1m[35mCREATE TABLE "receivable_types" ("id" bigserial primary key, "base_spread" decimal(6,4) NOT NULL, "code" character varying NOT NULL, "created_at" timestamp(6) NOT NULL, "name" character varying NOT NULL, "updated_at" timestamp(6) NOT NULL) /*application='CreditEngine'*/[0m
  [1m[35m (1.9ms)[0m  [1m[35mCREATE UNIQUE INDEX "index_receivable_types_on_code" ON "receivable_types" ("code") /*application='CreditEngine'*/[0m
  [1m[35m (0.2ms)[0m  [1m[35mDROP TABLE IF EXISTS "receivables" CASCADE /*application='CreditEngine'*/[0m
  [1m[35m (3.1ms)[0m  [1m[35mCREATE TABLE "receivables" ("id" bigserial primary key, "base_rate_applied" decimal(6,4) NOT NULL, "created_at" timestamp(6) NOT NULL, "currency_id" bigint NOT NULL, "days_to_maturity" integer NOT NULL, "due_date" date NOT NULL, "exchange_rate_applied" decimal(18,8), "face_value" decimal(18,4) NOT NULL, "identifier" character varying NOT NULL, "net_value" decimal(18,4) NOT NULL, "operation_id" bigint NOT NULL, "receivable_type_id" bigint NOT NULL, "spread_applied" decimal(6,4) NOT NULL, "updated_at" timestamp(6) NOT NULL) /*application='CreditEngine'*/[0m
  [1m[35m (2.1ms)[0m  [1m[35mCREATE INDEX "index_receivables_on_currency_id" ON "receivables" ("currency_id") /*application='CreditEngine'*/[0m
  [1m[35m (1.6ms)[0m  [1m[35mCREATE INDEX "index_receivables_on_operation_id" ON "receivables" ("operation_id") /*application='CreditEngine'*/[0m
  [1m[35m (2.1ms)[0m  [1m[35mCREATE INDEX "index_receivables_on_receivable_type_id" ON "receivables" ("receivable_type_id") /*application='CreditEngine'*/[0m
  [1m[35m (2.6ms)[0m  [1m[35mALTER TABLE "exchange_rates" ADD CONSTRAINT "fk_rails_a7a7547392"
FOREIGN KEY ("from_currency_id")
  REFERENCES "currencies" ("id")
 /*application='CreditEngine'*/[0m
  [1m[35m (2.0ms)[0m  [1m[35mALTER TABLE "exchange_rates" ADD CONSTRAINT "fk_rails_096e5ba070"
FOREIGN KEY ("to_currency_id")
  REFERENCES "currencies" ("id")
 /*application='CreditEngine'*/[0m
  [1m[35m (2.0ms)[0m  [1m[35mALTER TABLE "operations" ADD CONSTRAINT "fk_rails_a1ac986f6e"
FOREIGN KEY ("payment_currency_id")
  REFERENCES "currencies" ("id")
 /*application='CreditEngine'*/[0m
  [1m[35m (2.2ms)[0m  [1m[35mALTER TABLE "receivables" ADD CONSTRAINT "fk_rails_99dbe80f49"
FOREIGN KEY ("currency_id")
  REFERENCES "currencies" ("id")
 /*application='CreditEngine'*/[0m
  [1m[35m (1.9ms)[0m  [1m[35mALTER TABLE "receivables" ADD CONSTRAINT "fk_rails_57cc17ca11"
FOREIGN KEY ("operation_id")
  REFERENCES "operations" ("id")
 /*application='CreditEngine'*/[0m
  [1m[35m (2.1ms)[0m  [1m[35mALTER TABLE "receivables" ADD CONSTRAINT "fk_rails_f80775e364"
FOREIGN KEY ("receivable_type_id")
  REFERENCES "receivable_types" ("id")
 /*application='CreditEngine'*/[0m
  [1m[35m (2.4ms)[0m  [1m[35mCREATE TABLE "schema_migrations" ("version" character varying NOT NULL PRIMARY KEY) /*application='CreditEngine'*/[0m
  [1m[36mActiveRecord::SchemaMigration Load (0.3ms)[0m  [1m[34mSELECT "schema_migrations"."version" FROM "schema_migrations" ORDER BY "schema_migrations"."version" ASC /*application='CreditEngine'*/[0m
  [1m[35m (1.6ms)[0m  [1m[32mINSERT INTO "schema_migrations" (version) VALUES (20260608125607) /*application='CreditEngine'*/[0m
  [1m[35m (1.7ms)[0m  [1m[32mINSERT INTO "schema_migrations" (version) VALUES
(20260608125603),
(20260608125600),
(20260608125557),
(20260608125553); /*application='CreditEngine'*/[0m
  [1m[35m (2.7ms)[0m  [1m[35mCREATE TABLE "ar_internal_metadata" ("key" character varying NOT NULL PRIMARY KEY, "value" character varying, "created_at" timestamp(6) NOT NULL, "updated_at" timestamp(6) NOT NULL) /*application='CreditEngine'*/[0m
  [1m[36mActiveRecord::InternalMetadata Load (0.5ms)[0m  [1m[34mSELECT * FROM "ar_internal_metadata" WHERE "ar_internal_metadata"."key" = 'environment' ORDER BY "ar_internal_metadata"."key" ASC LIMIT 1 /*application='CreditEngine'*/[0m
  [1m[36mActiveRecord::InternalMetadata Create (1.5ms)[0m  [1m[32mINSERT INTO "ar_internal_metadata" ("key", "value", "created_at", "updated_at") VALUES ('environment', 'development', '2026-06-08 13:24:12.482025', '2026-06-08 13:24:12.482027') RETURNING "key" /*application='CreditEngine'*/[0m
  [1m[36mActiveRecord::InternalMetadata Load (0.1ms)[0m  [1m[34mSELECT * FROM "ar_internal_metadata" WHERE "ar_internal_metadata"."key" = 'environment' ORDER BY "ar_internal_metadata"."key" ASC LIMIT 1 /*application='CreditEngine'*/[0m
  [1m[36mActiveRecord::InternalMetadata Update (1.8ms)[0m  [1m[33mUPDATE "ar_internal_metadata" SET "value" = 'test', "updated_at" = '2026-06-08 13:24:12.485516' WHERE "ar_internal_metadata"."key" = 'environment' /*application='CreditEngine'*/[0m
  [1m[36mActiveRecord::InternalMetadata Load (0.1ms)[0m  [1m[34mSELECT * FROM "ar_internal_metadata" WHERE "ar_internal_metadata"."key" = 'schema_sha1' ORDER BY "ar_internal_metadata"."key" ASC LIMIT 1 /*application='CreditEngine'*/[0m
  [1m[36mActiveRecord::InternalMetadata Create (1.5ms)[0m  [1m[32mINSERT INTO "ar_internal_metadata" ("key", "value", "created_at", "updated_at") VALUES ('schema_sha1', 'd112fe315c5421ec301e3c8b3476bd5be82fde63', '2026-06-08 13:24:12.488749', '2026-06-08 13:24:12.488751') RETURNING "key" /*application='CreditEngine'*/[0m
  [1m[36mActiveRecord::SchemaMigration Load (0.3ms)[0m  [1m[34mSELECT "schema_migrations"."version" FROM "schema_migrations" ORDER BY "schema_migrations"."version" ASC /*application='CreditEngine'*/[0m
  [1m[36mTRANSACTION (0.1ms)[0m  [1m[35mBEGIN /*application='CreditEngine'*/[0m
  [1m[36mReceivable Delete All (0.3ms)[0m  [1m[31mDELETE FROM "receivables" /*application='CreditEngine'*/[0m
  [1m[36mOperation Delete All (0.2ms)[0m  [1m[31mDELETE FROM "operations" /*application='CreditEngine'*/[0m
  [1m[36mExchangeRate Delete All (0.3ms)[0m  [1m[31mDELETE FROM "exchange_rates" /*application='CreditEngine'*/[0m
  [1m[36mReceivableType Delete All (0.5ms)[0m  [1m[31mDELETE FROM "receivable_types" /*application='CreditEngine'*/[0m
  [1m[36mCurrency Delete All (0.9ms)[0m  [1m[31mDELETE FROM "currencies" /*application='CreditEngine'*/[0m
  [1m[36mTRANSACTION (0.2ms)[0m  [1m[35mSAVEPOINT active_record_1 /*application='CreditEngine'*/[0m
  [1m[36mCurrency Exists? (9.1ms)[0m  [1m[34mSELECT 1 AS one FROM "currencies" WHERE LOWER("currencies"."code") = LOWER('BRL') LIMIT 1 /*application='CreditEngine'*/[0m
  [1m[36mCurrency Create (0.5ms)[0m  [1m[32mINSERT INTO "currencies" ("code", "name", "symbol", "created_at", "updated_at") VALUES ('BRL', 'Real', 'R$', '2026-06-08 13:24:12.634300', '2026-06-08 13:24:12.634300') RETURNING "id" /*application='CreditEngine'*/[0m
  [1m[36mTRANSACTION (0.1ms)[0m  [1m[35mRELEASE SAVEPOINT active_record_1 /*application='CreditEngine'*/[0m
  [1m[36mTRANSACTION (0.1ms)[0m  [1m[35mSAVEPOINT active_record_1 /*application='CreditEngine'*/[0m
  [1m[36mCurrency Exists? (1.1ms)[0m  [1m[34mSELECT 1 AS one FROM "currencies" WHERE LOWER("currencies"."code") = LOWER('USD') LIMIT 1 /*application='CreditEngine'*/[0m
  [1m[36mCurrency Create (0.1ms)[0m  [1m[32mINSERT INTO "currencies" ("code", "name", "symbol", "created_at", "updated_at") VALUES ('USD', 'Dollar', '$', '2026-06-08 13:24:12.644945', '2026-06-08 13:24:12.644945') RETURNING "id" /*application='CreditEngine'*/[0m
  [1m[36mTRANSACTION (0.1ms)[0m  [1m[35mRELEASE SAVEPOINT active_record_1 /*application='CreditEngine'*/[0m
  [1m[36mTRANSACTION (0.1ms)[0m  [1m[35mSAVEPOINT active_record_1 /*application='CreditEngine'*/[0m
  [1m[36mExchangeRate Exists? (1.4ms)[0m  [1m[34mSELECT 1 AS one FROM "exchange_rates" WHERE "exchange_rates"."reference_date" = '2026-06-08' AND "exchange_rates"."from_currency_id" = 38 AND "exchange_rates"."to_currency_id" = 37 LIMIT 1 /*application='CreditEngine'*/[0m
  [1m[36mExchangeRate Create (0.3ms)[0m  [1m[32mINSERT INTO "exchange_rates" ("from_currency_id", "to_currency_id", "rate", "reference_date", "created_at", "updated_at") VALUES (38, 37, 5.0, '2026-06-08', '2026-06-08 13:24:12.658631', '2026-06-08 13:24:12.658631') RETURNING "id" /*application='CreditEngine'*/[0m
  [1m[36mTRANSACTION (0.1ms)[0m  [1m[35mRELEASE SAVEPOINT active_record_1 /*application='CreditEngine'*/[0m
  [1m[36mTRANSACTION (0.1ms)[0m  [1m[35mSAVEPOINT active_record_1 /*application='CreditEngine'*/[0m
  [1m[36mExchangeRate Exists? (1.1ms)[0m  [1m[34mSELECT 1 AS one FROM "exchange_rates" WHERE "exchange_rates"."reference_date" = '2026-06-08' AND "exchange_rates"."from_currency_id" = 37 AND "exchange_rates"."to_currency_id" = 38 LIMIT 1 /*application='CreditEngine'*/[0m
  [1m[36mExchangeRate Create (0.2ms)[0m  [1m[32mINSERT INTO "exchange_rates" ("from_currency_id", "to_currency_id", "rate", "reference_date", "created_at", "updated_at") VALUES (37, 38, 0.2, '2026-06-08', '2026-06-08 13:24:12.664250', '2026-06-08 13:24:12.664250') RETURNING "id" /*application='CreditEngine'*/[0m
  [1m[36mTRANSACTION (0.1ms)[0m  [1m[35mRELEASE SAVEPOINT active_record_1 /*application='CreditEngine'*/[0m
  [1m[36mTRANSACTION (0.1ms)[0m  [1m[35mSAVEPOINT active_record_1 /*application='CreditEngine'*/[0m
  [1m[36mReceivableType Exists? (1.2ms)[0m  [1m[34mSELECT 1 AS one FROM "receivable_types" WHERE LOWER("receivable_types"."code") = LOWER('duplicata') LIMIT 1 /*application='CreditEngine'*/[0m
  [1m[36mReceivableType Create (0.2ms)[0m  [1m[32mINSERT INTO "receivable_types" ("name", "code", "base_spread", "created_at", "updated_at") VALUES ('Duplicata Mercantil', 'duplicata', 0.015, '2026-06-08 13:24:12.671096', '2026-06-08 13:24:12.671096') RETURNING "id" /*application='CreditEngine'*/[0m
  [1m[36mTRANSACTION (0.1ms)[0m  [1m[35mRELEASE SAVEPOINT active_record_1 /*application='CreditEngine'*/[0m
  [1m[36mTRANSACTION (0.1ms)[0m  [1m[35mSAVEPOINT active_record_1 /*application='CreditEngine'*/[0m
  [1m[36mReceivableType Exists? (1.2ms)[0m  [1m[34mSELECT 1 AS one FROM "receivable_types" WHERE LOWER("receivable_types"."code") = LOWER('cheque') LIMIT 1 /*application='CreditEngine'*/[0m
  [1m[36mReceivableType Create (0.1ms)[0m  [1m[32mINSERT INTO "receivable_types" ("name", "code", "base_spread", "created_at", "updated_at") VALUES ('Cheque Pré-datado', 'cheque', 0.025, '2026-06-08 13:24:12.684544', '2026-06-08 13:24:12.684544') RETURNING "id" /*application='CreditEngine'*/[0m
  [1m[36mTRANSACTION (0.1ms)[0m  [1m[35mRELEASE SAVEPOINT active_record_1 /*application='CreditEngine'*/[0m
[ActionDispatch::HostAuthorization::DefaultResponseApp] Blocked hosts: www.example.com
  [1m[36mTRANSACTION (0.3ms)[0m  [1m[31mROLLBACK /*application='CreditEngine'*/[0m
  [1m[36mTRANSACTION (0.1ms)[0m  [1m[35mBEGIN /*application='CreditEngine'*/[0m
  [1m[36mReceivable Delete All (0.2ms)[0m  [1m[31mDELETE FROM "receivables" /*application='CreditEngine'*/[0m
  [1m[36mOperation Delete All (0.1ms)[0m  [1m[31mDELETE FROM "operations" /*application='CreditEngine'*/[0m
  [1m[36mExchangeRate Delete All (0.1ms)[0m  [1m[31mDELETE FROM "exchange_rates" /*application='CreditEngine'*/[0m
  [1m[36mReceivableType Delete All (0.3ms)[0m  [1m[31mDELETE FROM "receivable_types" /*application='CreditEngine'*/[0m
  [1m[36mCurrency Delete All (0.4ms)[0m  [1m[31mDELETE FROM "currencies" /*application='CreditEngine'*/[0m
  [1m[36mTRANSACTION (0.1ms)[0m  [1m[35mSAVEPOINT active_record_1 /*application='CreditEngine'*/[0m
  [1m[36mCurrency Exists? (1.4ms)[0m  [1m[34mSELECT 1 AS one FROM "currencies" WHERE LOWER("currencies"."code") = LOWER('BRL') LIMIT 1 /*application='CreditEngine'*/[0m
  [1m[36mCurrency Create (0.2ms)[0m  [1m[32mINSERT INTO "currencies" ("code", "name", "symbol", "created_at", "updated_at") VALUES ('BRL', 'Real', 'R$', '2026-06-08 13:24:12.743937', '2026-06-08 13:24:12.743937') RETURNING "id" /*application='CreditEngine'*/[0m
  [1m[36mTRANSACTION (0.1ms)[0m  [1m[35mRELEASE SAVEPOINT active_record_1 /*application='CreditEngine'*/[0m
  [1m[36mTRANSACTION (0.1ms)[0m  [1m[35mSAVEPOINT active_record_1 /*application='CreditEngine'*/[0m
  [1m[36mCurrency Exists? (1.2ms)[0m  [1m[34mSELECT 1 AS one FROM "currencies" WHERE LOWER("currencies"."code") = LOWER('USD') LIMIT 1 /*application='CreditEngine'*/[0m
  [1m[36mCurrency Create (0.1ms)[0m  [1m[32mINSERT INTO "currencies" ("code", "name", "symbol", "created_at", "updated_at") VALUES ('USD', 'Dollar', '$', '2026-06-08 13:24:12.749015', '2026-06-08 13:24:12.749015') RETURNING "id" /*application='CreditEngine'*/[0m
  [1m[36mTRANSACTION (0.1ms)[0m  [1m[35mRELEASE SAVEPOINT active_record_1 /*application='CreditEngine'*/[0m
  [1m[36mTRANSACTION (0.1ms)[0m  [1m[35mSAVEPOINT active_record_1 /*application='CreditEngine'*/[0m
  [1m[36mExchangeRate Exists? (1.1ms)[0m  [1m[34mSELECT 1 AS one FROM "exchange_rates" WHERE "exchange_rates"."reference_date" = '2026-06-08' AND "exchange_rates"."from_currency_id" = 40 AND "exchange_rates"."to_currency_id" = 39 LIMIT 1 /*application='CreditEngine'*/[0m
  [1m[36mExchangeRate Create (0.2ms)[0m  [1m[32mINSERT INTO "exchange_rates" ("from_currency_id", "to_currency_id", "rate", "reference_date", "created_at", "updated_at") VALUES (40, 39, 5.0, '2026-06-08', '2026-06-08 13:24:12.753193', '2026-06-08 13:24:12.753193') RETURNING "id" /*application='CreditEngine'*/[0m
  [1m[36mTRANSACTION (0.1ms)[0m  [1m[35mRELEASE SAVEPOINT active_record_1 /*application='CreditEngine'*/[0m
  [1m[36mTRANSACTION (0.1ms)[0m  [1m[35mSAVEPOINT active_record_1 /*application='CreditEngine'*/[0m
  [1m[36mExchangeRate Exists? (1.3ms)[0m  [1m[34mSELECT 1 AS one FROM "exchange_rates" WHERE "exchange_rates"."reference_date" = '2026-06-08' AND "exchange_rates"."from_currency_id" = 39 AND "exchange_rates"."to_currency_id" = 40 LIMIT 1 /*application='CreditEngine'*/[0m
  [1m[36mExchangeRate Create (0.2ms)[0m  [1m[32mINSERT INTO "exchange_rates" ("from_currency_id", "to_currency_id", "rate", "reference_date", "created_at", "updated_at") VALUES (39, 40, 0.2, '2026-06-08', '2026-06-08 13:24:12.757828', '2026-06-08 13:24:12.757828') RETURNING "id" /*application='CreditEngine'*/[0m
  [1m[36mTRANSACTION (0.1ms)[0m  [1m[35mRELEASE SAVEPOINT active_record_1 /*application='CreditEngine'*/[0m
  [1m[36mTRANSACTION (0.1ms)[0m  [1m[35mSAVEPOINT active_record_1 /*application='CreditEngine'*/[0m
  [1m[36mReceivableType Exists? (1.3ms)[0m  [1m[34mSELECT 1 AS one FROM "receivable_types" WHERE LOWER("receivable_types"."code") = LOWER('duplicata') LIMIT 1 /*application='CreditEngine'*/[0m
  [1m[36mReceivableType Create (0.1ms)[0m  [1m[32mINSERT INTO "receivable_types" ("name", "code", "base_spread", "created_at", "updated_at") VALUES ('Duplicata Mercantil', 'duplicata', 0.015, '2026-06-08 13:24:12.762756', '2026-06-08 13:24:12.762756') RETURNING "id" /*application='CreditEngine'*/[0m
  [1m[36mTRANSACTION (0.1ms)[0m  [1m[35mRELEASE SAVEPOINT active_record_1 /*application='CreditEngine'*/[0m
  [1m[36mTRANSACTION (0.1ms)[0m  [1m[35mSAVEPOINT active_record_1 /*application='CreditEngine'*/[0m
  [1m[36mReceivableType Exists? (1.2ms)[0m  [1m[34mSELECT 1 AS one FROM "receivable_types" WHERE LOWER("receivable_types"."code") = LOWER('cheque') LIMIT 1 /*application='CreditEngine'*/[0m
  [1m[36mReceivableType Create (0.1ms)[0m  [1m[32mINSERT INTO "receivable_types" ("name", "code", "base_spread", "created_at", "updated_at") VALUES ('Cheque Pré-datado', 'cheque', 0.025, '2026-06-08 13:24:12.767846', '2026-06-08 13:24:12.767846') RETURNING "id" /*application='CreditEngine'*/[0m
  [1m[36mTRANSACTION (0.1ms)[0m  [1m[35mRELEASE SAVEPOINT active_record_1 /*application='CreditEngine'*/[0m
[ActionDispatch::HostAuthorization::DefaultResponseApp] Blocked hosts: www.example.com
  [1m[36mTRANSACTION (0.1ms)[0m  [1m[31mROLLBACK /*application='CreditEngine'*/[0m
  [1m[36mTRANSACTION (0.1ms)[0m  [1m[35mBEGIN /*application='CreditEngine'*/[0m
  [1m[36mReceivable Delete All (0.1ms)[0m  [1m[31mDELETE FROM "receivables" /*application='CreditEngine'*/[0m
  [1m[36mOperation Delete All (0.1ms)[0m  [1m[31mDELETE FROM "operations" /*application='CreditEngine'*/[0m
  [1m[36mExchangeRate Delete All (0.1ms)[0m  [1m[31mDELETE FROM "exchange_rates" /*application='CreditEngine'*/[0m
  [1m[36mReceivableType Delete All (0.2ms)[0m  [1m[31mDELETE FROM "receivable_types" /*application='CreditEngine'*/[0m
  [1m[36mCurrency Delete All (0.4ms)[0m  [1m[31mDELETE FROM "currencies" /*application='CreditEngine'*/[0m
  [1m[36mTRANSACTION (0.1ms)[0m  [1m[35mSAVEPOINT active_record_1 /*application='CreditEngine'*/[0m
  [1m[36mCurrency Exists? (1.1ms)[0m  [1m[34mSELECT 1 AS one FROM "currencies" WHERE LOWER("currencies"."code") = LOWER('BRL') LIMIT 1 /*application='CreditEngine'*/[0m
  [1m[36mCurrency Create (0.1ms)[0m  [1m[32mINSERT INTO "currencies" ("code", "name", "symbol", "created_at", "updated_at") VALUES ('BRL', 'Real', 'R$', '2026-06-08 13:24:12.779949', '2026-06-08 13:24:12.779949') RETURNING "id" /*application='CreditEngine'*/[0m
  [1m[36mTRANSACTION (0.1ms)[0m  [1m[35mRELEASE SAVEPOINT active_record_1 /*application='CreditEngine'*/[0m
  [1m[36mTRANSACTION (0.1ms)[0m  [1m[35mSAVEPOINT active_record_1 /*application='CreditEngine'*/[0m
  [1m[36mCurrency Exists? (1.1ms)[0m  [1m[34mSELECT 1 AS one FROM "currencies" WHERE LOWER("currencies"."code") = LOWER('USD') LIMIT 1 /*application='CreditEngine'*/[0m
  [1m[36mCurrency Create (0.1ms)[0m  [1m[32mINSERT INTO "currencies" ("code", "name", "symbol", "created_at", "updated_at") VALUES ('USD', 'Dollar', '$', '2026-06-08 13:24:12.784288', '2026-06-08 13:24:12.784288') RETURNING "id" /*application='CreditEngine'*/[0m
  [1m[36mTRANSACTION (0.1ms)[0m  [1m[35mRELEASE SAVEPOINT active_record_1 /*application='CreditEngine'*/[0m
  [1m[36mTRANSACTION (0.1ms)[0m  [1m[35mSAVEPOINT active_record_1 /*application='CreditEngine'*/[0m
  [1m[36mExchangeRate Exists? (1.2ms)[0m  [1m[34mSELECT 1 AS one FROM "exchange_rates" WHERE "exchange_rates"."reference_date" = '2026-06-08' AND "exchange_rates"."from_currency_id" = 42 AND "exchange_rates"."to_currency_id" = 41 LIMIT 1 /*application='CreditEngine'*/[0m
  [1m[36mExchangeRate Create (0.3ms)[0m  [1m[32mINSERT INTO "exchange_rates" ("from_currency_id", "to_currency_id", "rate", "reference_date", "created_at", "updated_at") VALUES (42, 41, 5.0, '2026-06-08', '2026-06-08 13:24:12.788898', '2026-06-08 13:24:12.788898') RETURNING "id" /*application='CreditEngine'*/[0m
  [1m[36mTRANSACTION (0.1ms)[0m  [1m[35mRELEASE SAVEPOINT active_record_1 /*application='CreditEngine'*/[0m
  [1m[36mTRANSACTION (0.1ms)[0m  [1m[35mSAVEPOINT active_record_1 /*application='CreditEngine'*/[0m
  [1m[36mExchangeRate Exists? (1.2ms)[0m  [1m[34mSELECT 1 AS one FROM "exchange_rates" WHERE "exchange_rates"."reference_date" = '2026-06-08' AND "exchange_rates"."from_currency_id" = 41 AND "exchange_rates"."to_currency_id" = 42 LIMIT 1 /*application='CreditEngine'*/[0m
  [1m[36mExchangeRate Create (0.2ms)[0m  [1m[32mINSERT INTO "exchange_rates" ("from_currency_id", "to_currency_id", "rate", "reference_date", "created_at", "updated_at") VALUES (41, 42, 0.2, '2026-06-08', '2026-06-08 13:24:12.794114', '2026-06-08 13:24:12.794114') RETURNING "id" /*application='CreditEngine'*/[0m
  [1m[36mTRANSACTION (0.1ms)[0m  [1m[35mRELEASE SAVEPOINT active_record_1 /*application='CreditEngine'*/[0m
  [1m[36mTRANSACTION (0.1ms)[0m  [1m[35mSAVEPOINT active_record_1 /*application='CreditEngine'*/[0m
  [1m[36mReceivableType Exists? (1.1ms)[0m  [1m[34mSELECT 1 AS one FROM "receivable_types" WHERE LOWER("receivable_types"."code") = LOWER('duplicata') LIMIT 1 /*application='CreditEngine'*/[0m
  [1m[36mReceivableType Create (0.2ms)[0m  [1m[32mINSERT INTO "receivable_types" ("name", "code", "base_spread", "created_at", "updated_at") VALUES ('Duplicata Mercantil', 'duplicata', 0.015, '2026-06-08 13:24:12.798592', '2026-06-08 13:24:12.798592') RETURNING "id" /*application='CreditEngine'*/[0m
  [1m[36mTRANSACTION (0.1ms)[0m  [1m[35mRELEASE SAVEPOINT active_record_1 /*application='CreditEngine'*/[0m
  [1m[36mTRANSACTION (0.1ms)[0m  [1m[35mSAVEPOINT active_record_1 /*application='CreditEngine'*/[0m
  [1m[36mReceivableType Exists? (1.2ms)[0m  [1m[34mSELECT 1 AS one FROM "receivable_types" WHERE LOWER("receivable_types"."code") = LOWER('cheque') LIMIT 1 /*application='CreditEngine'*/[0m
  [1m[36mReceivableType Create (0.2ms)[0m  [1m[32mINSERT INTO "receivable_types" ("name", "code", "base_spread", "created_at", "updated_at") VALUES ('Cheque Pré-datado', 'cheque', 0.025, '2026-06-08 13:24:12.803258', '2026-06-08 13:24:12.803258') RETURNING "id" /*application='CreditEngine'*/[0m
  [1m[36mTRANSACTION (0.1ms)[0m  [1m[35mRELEASE SAVEPOINT active_record_1 /*application='CreditEngine'*/[0m
[ActionDispatch::HostAuthorization::DefaultResponseApp] Blocked hosts: www.example.com
  [1m[36mTRANSACTION (0.1ms)[0m  [1m[31mROLLBACK /*application='CreditEngine'*/[0m
  [1m[36mTRANSACTION (0.1ms)[0m  [1m[35mBEGIN /*application='CreditEngine'*/[0m
  [1m[36mReceivable Delete All (0.1ms)[0m  [1m[31mDELETE FROM "receivables" /*application='CreditEngine'*/[0m
  [1m[36mOperation Delete All (0.1ms)[0m  [1m[31mDELETE FROM "operations" /*application='CreditEngine'*/[0m
  [1m[36mExchangeRate Delete All (0.1ms)[0m  [1m[31mDELETE FROM "exchange_rates" /*application='CreditEngine'*/[0m
  [1m[36mReceivableType Delete All (0.1ms)[0m  [1m[31mDELETE FROM "receivable_types" /*application='CreditEngine'*/[0m
  [1m[36mCurrency Delete All (0.2ms)[0m  [1m[31mDELETE FROM "currencies" /*application='CreditEngine'*/[0m
  [1m[36mTRANSACTION (0.1ms)[0m  [1m[35mSAVEPOINT active_record_1 /*application='CreditEngine'*/[0m
  [1m[36mCurrency Exists? (1.1ms)[0m  [1m[34mSELECT 1 AS one FROM "currencies" WHERE LOWER("currencies"."code") = LOWER('BRL') LIMIT 1 /*application='CreditEngine'*/[0m
  [1m[36mCurrency Create (0.1ms)[0m  [1m[32mINSERT INTO "currencies" ("code", "name", "symbol", "created_at", "updated_at") VALUES ('BRL', 'Real', 'R$', '2026-06-08 13:24:12.815928', '2026-06-08 13:24:12.815928') RETURNING "id" /*application='CreditEngine'*/[0m
  [1m[36mTRANSACTION (0.1ms)[0m  [1m[35mRELEASE SAVEPOINT active_record_1 /*application='CreditEngine'*/[0m
  [1m[36mTRANSACTION (0.1ms)[0m  [1m[35mSAVEPOINT active_record_1 /*application='CreditEngine'*/[0m
  [1m[36mCurrency Exists? (1.1ms)[0m  [1m[34mSELECT 1 AS one FROM "currencies" WHERE LOWER("currencies"."code") = LOWER('USD') LIMIT 1 /*application='CreditEngine'*/[0m
  [1m[36mCurrency Create (0.1ms)[0m  [1m[32mINSERT INTO "currencies" ("code", "name", "symbol", "created_at", "updated_at") VALUES ('USD', 'Dollar', '$', '2026-06-08 13:24:12.820317', '2026-06-08 13:24:12.820317') RETURNING "id" /*application='CreditEngine'*/[0m
  [1m[36mTRANSACTION (0.1ms)[0m  [1m[35mRELEASE SAVEPOINT active_record_1 /*application='CreditEngine'*/[0m
  [1m[36mTRANSACTION (0.1ms)[0m  [1m[35mSAVEPOINT active_record_1 /*application='CreditEngine'*/[0m
  [1m[36mExchangeRate Exists? (1.1ms)[0m  [1m[34mSELECT 1 AS one FROM "exchange_rates" WHERE "exchange_rates"."reference_date" = '2026-06-08' AND "exchange_rates"."from_currency_id" = 44 AND "exchange_rates"."to_currency_id" = 43 LIMIT 1 /*application='CreditEngine'*/[0m
  [1m[36mExchangeRate Create (0.2ms)[0m  [1m[32mINSERT INTO "exchange_rates" ("from_currency_id", "to_currency_id", "rate", "reference_date", "created_at", "updated_at") VALUES (44, 43, 5.0, '2026-06-08', '2026-06-08 13:24:12.824717', '2026-06-08 13:24:12.824717') RETURNING "id" /*application='CreditEngine'*/[0m
  [1m[36mTRANSACTION (0.1ms)[0m  [1m[35mRELEASE SAVEPOINT active_record_1 /*application='CreditEngine'*/[0m
  [1m[36mTRANSACTION (0.1ms)[0m  [1m[35mSAVEPOINT active_record_1 /*application='CreditEngine'*/[0m
  [1m[36mExchangeRate Exists? (1.2ms)[0m  [1m[34mSELECT 1 AS one FROM "exchange_rates" WHERE "exchange_rates"."reference_date" = '2026-06-08' AND "exchange_rates"."from_currency_id" = 43 AND "exchange_rates"."to_currency_id" = 44 LIMIT 1 /*application='CreditEngine'*/[0m
  [1m[36mExchangeRate Create (0.2ms)[0m  [1m[32mINSERT INTO "exchange_rates" ("from_currency_id", "to_currency_id", "rate", "reference_date", "created_at", "updated_at") VALUES (43, 44, 0.2, '2026-06-08', '2026-06-08 13:24:12.829758', '2026-06-08 13:24:12.829758') RETURNING "id" /*application='CreditEngine'*/[0m
  [1m[36mTRANSACTION (0.1ms)[0m  [1m[35mRELEASE SAVEPOINT active_record_1 /*application='CreditEngine'*/[0m
  [1m[36mTRANSACTION (0.1ms)[0m  [1m[35mSAVEPOINT active_record_1 /*application='CreditEngine'*/[0m
  [1m[36mReceivableType Exists? (1.1ms)[0m  [1m[34mSELECT 1 AS one FROM "receivable_types" WHERE LOWER("receivable_types"."code") = LOWER('duplicata') LIMIT 1 /*application='CreditEngine'*/[0m
  [1m[36mReceivableType Create (0.1ms)[0m  [1m[32mINSERT INTO "receivable_types" ("name", "code", "base_spread", "created_at", "updated_at") VALUES ('Duplicata Mercantil', 'duplicata', 0.015, '2026-06-08 13:24:12.834192', '2026-06-08 13:24:12.834192') RETURNING "id" /*application='CreditEngine'*/[0m
  [1m[36mTRANSACTION (0.1ms)[0m  [1m[35mRELEASE SAVEPOINT active_record_1 /*application='CreditEngine'*/[0m
  [1m[36mTRANSACTION (0.1ms)[0m  [1m[35mSAVEPOINT active_record_1 /*application='CreditEngine'*/[0m
  [1m[36mReceivableType Exists? (1.1ms)[0m  [1m[34mSELECT 1 AS one FROM "receivable_types" WHERE LOWER("receivable_types"."code") = LOWER('cheque') LIMIT 1 /*application='CreditEngine'*/[0m
  [1m[36mReceivableType Create (0.2ms)[0m  [1m[32mINSERT INTO "receivable_types" ("name", "code", "base_spread", "created_at", "updated_at") VALUES ('Cheque Pré-datado', 'cheque', 0.025, '2026-06-08 13:24:12.838683', '2026-06-08 13:24:12.838683') RETURNING "id" /*application='CreditEngine'*/[0m
  [1m[36mTRANSACTION (0.2ms)[0m  [1m[35mRELEASE SAVEPOINT active_record_1 /*application='CreditEngine'*/[0m
  [1m[36mOperation Count (0.3ms)[0m  [1m[34mSELECT COUNT(*) FROM "operations" /*application='CreditEngine'*/[0m
  [1m[36mReceivable Count (0.1ms)[0m  [1m[34mSELECT COUNT(*) FROM "receivables" /*application='CreditEngine'*/[0m
[ActionDispatch::HostAuthorization::DefaultResponseApp] Blocked hosts: www.example.com
  [1m[36mOperation Count (0.2ms)[0m  [1m[34mSELECT COUNT(*) FROM "operations" /*application='CreditEngine'*/[0m
  [1m[36mReceivable Count (0.2ms)[0m  [1m[34mSELECT COUNT(*) FROM "receivables" /*application='CreditEngine'*/[0m
  [1m[36mTRANSACTION (0.1ms)[0m  [1m[31mROLLBACK /*application='CreditEngine'*/[0m
  [1m[36mTRANSACTION (0.1ms)[0m  [1m[35mBEGIN /*application='CreditEngine'*/[0m
  [1m[36mReceivable Delete All (0.1ms)[0m  [1m[31mDELETE FROM "receivables" /*application='CreditEngine'*/[0m
  [1m[36mOperation Delete All (0.1ms)[0m  [1m[31mDELETE FROM "operations" /*application='CreditEngine'*/[0m
  [1m[36mExchangeRate Delete All (0.1ms)[0m  [1m[31mDELETE FROM "exchange_rates" /*application='CreditEngine'*/[0m
  [1m[36mReceivableType Delete All (0.1ms)[0m  [1m[31mDELETE FROM "receivable_types" /*application='CreditEngine'*/[0m
  [1m[36mCurrency Delete All (0.2ms)[0m  [1m[31mDELETE FROM "currencies" /*application='CreditEngine'*/[0m
  [1m[36mTRANSACTION (0.1ms)[0m  [1m[35mSAVEPOINT active_record_1 /*application='CreditEngine'*/[0m
  [1m[36mCurrency Exists? (1.1ms)[0m  [1m[34mSELECT 1 AS one FROM "currencies" WHERE LOWER("currencies"."code") = LOWER('BRL') LIMIT 1 /*application='CreditEngine'*/[0m
  [1m[36mCurrency Create (0.2ms)[0m  [1m[32mINSERT INTO "currencies" ("code", "name", "symbol", "created_at", "updated_at") VALUES ('BRL', 'Real', 'R$', '2026-06-08 13:24:12.876244', '2026-06-08 13:24:12.876244') RETURNING "id" /*application='CreditEngine'*/[0m
  [1m[36mTRANSACTION (0.1ms)[0m  [1m[35mRELEASE SAVEPOINT active_record_1 /*application='CreditEngine'*/[0m
  [1m[36mTRANSACTION (0.1ms)[0m  [1m[35mSAVEPOINT active_record_1 /*application='CreditEngine'*/[0m
  [1m[36mCurrency Exists? (1.6ms)[0m  [1m[34mSELECT 1 AS one FROM "currencies" WHERE LOWER("currencies"."code") = LOWER('USD') LIMIT 1 /*application='CreditEngine'*/[0m
  [1m[36mCurrency Create (0.1ms)[0m  [1m[32mINSERT INTO "currencies" ("code", "name", "symbol", "created_at", "updated_at") VALUES ('USD', 'Dollar', '$', '2026-06-08 13:24:12.880982', '2026-06-08 13:24:12.880982') RETURNING "id" /*application='CreditEngine'*/[0m
  [1m[36mTRANSACTION (0.1ms)[0m  [1m[35mRELEASE SAVEPOINT active_record_1 /*application='CreditEngine'*/[0m
  [1m[36mTRANSACTION (0.1ms)[0m  [1m[35mSAVEPOINT active_record_1 /*application='CreditEngine'*/[0m
  [1m[36mExchangeRate Exists? (1.7ms)[0m  [1m[34mSELECT 1 AS one FROM "exchange_rates" WHERE "exchange_rates"."reference_date" = '2026-06-08' AND "exchange_rates"."from_currency_id" = 46 AND "exchange_rates"."to_currency_id" = 45 LIMIT 1 /*application='CreditEngine'*/[0m
  [1m[36mExchangeRate Create (0.2ms)[0m  [1m[32mINSERT INTO "exchange_rates" ("from_currency_id", "to_currency_id", "rate", "reference_date", "created_at", "updated_at") VALUES (46, 45, 5.0, '2026-06-08', '2026-06-08 13:24:12.885796', '2026-06-08 13:24:12.885796') RETURNING "id" /*application='CreditEngine'*/[0m
  [1m[36mTRANSACTION (0.1ms)[0m  [1m[35mRELEASE SAVEPOINT active_record_1 /*application='CreditEngine'*/[0m
  [1m[36mTRANSACTION (0.1ms)[0m  [1m[35mSAVEPOINT active_record_1 /*application='CreditEngine'*/[0m
  [1m[36mExchangeRate Exists? (1.2ms)[0m  [1m[34mSELECT 1 AS one FROM "exchange_rates" WHERE "exchange_rates"."reference_date" = '2026-06-08' AND "exchange_rates"."from_currency_id" = 45 AND "exchange_rates"."to_currency_id" = 46 LIMIT 1 /*application='CreditEngine'*/[0m
  [1m[36mExchangeRate Create (0.2ms)[0m  [1m[32mINSERT INTO "exchange_rates" ("from_currency_id", "to_currency_id", "rate", "reference_date", "created_at", "updated_at") VALUES (45, 46, 0.2, '2026-06-08', '2026-06-08 13:24:12.890207', '2026-06-08 13:24:12.890207') RETURNING "id" /*application='CreditEngine'*/[0m
  [1m[36mTRANSACTION (0.1ms)[0m  [1m[35mRELEASE SAVEPOINT active_record_1 /*application='CreditEngine'*/[0m
  [1m[36mTRANSACTION (0.1ms)[0m  [1m[35mSAVEPOINT active_record_1 /*application='CreditEngine'*/[0m
  [1m[36mReceivableType Exists? (1.1ms)[0m  [1m[34mSELECT 1 AS one FROM "receivable_types" WHERE LOWER("receivable_types"."code") = LOWER('duplicata') LIMIT 1 /*application='CreditEngine'*/[0m
  [1m[36mReceivableType Create (0.1ms)[0m  [1m[32mINSERT INTO "receivable_types" ("name", "code", "base_spread", "created_at", "updated_at") VALUES ('Duplicata Mercantil', 'duplicata', 0.015, '2026-06-08 13:24:12.895029', '2026-06-08 13:24:12.895029') RETURNING "id" /*application='CreditEngine'*/[0m
  [1m[36mTRANSACTION (0.1ms)[0m  [1m[35mRELEASE SAVEPOINT active_record_1 /*application='CreditEngine'*/[0m
  [1m[36mTRANSACTION (0.1ms)[0m  [1m[35mSAVEPOINT active_record_1 /*application='CreditEngine'*/[0m
  [1m[36mReceivableType Exists? (1.0ms)[0m  [1m[34mSELECT 1 AS one FROM "receivable_types" WHERE LOWER("receivable_types"."code") = LOWER('cheque') LIMIT 1 /*application='CreditEngine'*/[0m
  [1m[36mReceivableType Create (0.1ms)[0m  [1m[32mINSERT INTO "receivable_types" ("name", "code", "base_spread", "created_at", "updated_at") VALUES ('Cheque Pré-datado', 'cheque', 0.025, '2026-06-08 13:24:12.899804', '2026-06-08 13:24:12.899804') RETURNING "id" /*application='CreditEngine'*/[0m
  [1m[36mTRANSACTION (0.1ms)[0m  [1m[35mRELEASE SAVEPOINT active_record_1 /*application='CreditEngine'*/[0m
  [1m[36mReceivable Count (0.1ms)[0m  [1m[34mSELECT COUNT(*) FROM "receivables" /*application='CreditEngine'*/[0m
  [1m[36mOperation Count (0.1ms)[0m  [1m[34mSELECT COUNT(*) FROM "operations" /*application='CreditEngine'*/[0m
[ActionDispatch::HostAuthorization::DefaultResponseApp] Blocked hosts: www.example.com
  [1m[36mOperation Count (0.2ms)[0m  [1m[34mSELECT COUNT(*) FROM "operations" /*application='CreditEngine'*/[0m
  [1m[36mReceivable Count (0.2ms)[0m  [1m[34mSELECT COUNT(*) FROM "receivables" /*application='CreditEngine'*/[0m
  [1m[36mTRANSACTION (0.2ms)[0m  [1m[31mROLLBACK /*application='CreditEngine'*/[0m
  [1m[36mTRANSACTION (0.1ms)[0m  [1m[35mBEGIN /*application='CreditEngine'*/[0m
  [1m[36mReceivable Delete All (0.2ms)[0m  [1m[31mDELETE FROM "receivables" /*application='CreditEngine'*/[0m
  [1m[36mOperation Delete All (0.1ms)[0m  [1m[31mDELETE FROM "operations" /*application='CreditEngine'*/[0m
  [1m[36mExchangeRate Delete All (0.1ms)[0m  [1m[31mDELETE FROM "exchange_rates" /*application='CreditEngine'*/[0m
  [1m[36mReceivableType Delete All (0.2ms)[0m  [1m[31mDELETE FROM "receivable_types" /*application='CreditEngine'*/[0m
  [1m[36mCurrency Delete All (0.3ms)[0m  [1m[31mDELETE FROM "currencies" /*application='CreditEngine'*/[0m
  [1m[36mTRANSACTION (0.1ms)[0m  [1m[35mSAVEPOINT active_record_1 /*application='CreditEngine'*/[0m
  [1m[36mCurrency Exists? (1.2ms)[0m  [1m[34mSELECT 1 AS one FROM "currencies" WHERE LOWER("currencies"."code") = LOWER('BRL') LIMIT 1 /*application='CreditEngine'*/[0m
  [1m[36mCurrency Create (0.1ms)[0m  [1m[32mINSERT INTO "currencies" ("code", "name", "symbol", "created_at", "updated_at") VALUES ('BRL', 'Real', 'R$', '2026-06-08 13:24:12.929901', '2026-06-08 13:24:12.929901') RETURNING "id" /*application='CreditEngine'*/[0m
  [1m[36mTRANSACTION (0.1ms)[0m  [1m[35mRELEASE SAVEPOINT active_record_1 /*application='CreditEngine'*/[0m
  [1m[36mTRANSACTION (0.1ms)[0m  [1m[35mSAVEPOINT active_record_1 /*application='CreditEngine'*/[0m
  [1m[36mCurrency Exists? (1.0ms)[0m  [1m[34mSELECT 1 AS one FROM "currencies" WHERE LOWER("currencies"."code") = LOWER('USD') LIMIT 1 /*application='CreditEngine'*/[0m
  [1m[36mCurrency Create (0.1ms)[0m  [1m[32mINSERT INTO "currencies" ("code", "name", "symbol", "created_at", "updated_at") VALUES ('USD', 'Dollar', '$', '2026-06-08 13:24:12.933938', '2026-06-08 13:24:12.933938') RETURNING "id" /*application='CreditEngine'*/[0m
  [1m[36mTRANSACTION (0.1ms)[0m  [1m[35mRELEASE SAVEPOINT active_record_1 /*application='CreditEngine'*/[0m
  [1m[36mTRANSACTION (0.1ms)[0m  [1m[35mSAVEPOINT active_record_1 /*application='CreditEngine'*/[0m
  [1m[36mExchangeRate Exists? (1.1ms)[0m  [1m[34mSELECT 1 AS one FROM "exchange_rates" WHERE "exchange_rates"."reference_date" = '2026-06-08' AND "exchange_rates"."from_currency_id" = 48 AND "exchange_rates"."to_currency_id" = 47 LIMIT 1 /*application='CreditEngine'*/[0m
  [1m[36mExchangeRate Create (0.3ms)[0m  [1m[32mINSERT INTO "exchange_rates" ("from_currency_id", "to_currency_id", "rate", "reference_date", "created_at", "updated_at") VALUES (48, 47, 5.0, '2026-06-08', '2026-06-08 13:24:12.938245', '2026-06-08 13:24:12.938245') RETURNING "id" /*application='CreditEngine'*/[0m
  [1m[36mTRANSACTION (0.1ms)[0m  [1m[35mRELEASE SAVEPOINT active_record_1 /*application='CreditEngine'*/[0m
  [1m[36mTRANSACTION (0.1ms)[0m  [1m[35mSAVEPOINT active_record_1 /*application='CreditEngine'*/[0m
  [1m[36mExchangeRate Exists? (1.2ms)[0m  [1m[34mSELECT 1 AS one FROM "exchange_rates" WHERE "exchange_rates"."reference_date" = '2026-06-08' AND "exchange_rates"."from_currency_id" = 47 AND "exchange_rates"."to_currency_id" = 48 LIMIT 1 /*application='CreditEngine'*/[0m
  [1m[36mExchangeRate Create (0.2ms)[0m  [1m[32mINSERT INTO "exchange_rates" ("from_currency_id", "to_currency_id", "rate", "reference_date", "created_at", "updated_at") VALUES (47, 48, 0.2, '2026-06-08', '2026-06-08 13:24:12.943102', '2026-06-08 13:24:12.943102') RETURNING "id" /*application='CreditEngine'*/[0m
  [1m[36mTRANSACTION (0.1ms)[0m  [1m[35mRELEASE SAVEPOINT active_record_1 /*application='CreditEngine'*/[0m
  [1m[36mTRANSACTION (0.1ms)[0m  [1m[35mSAVEPOINT active_record_1 /*application='CreditEngine'*/[0m
  [1m[36mReceivableType Exists? (1.1ms)[0m  [1m[34mSELECT 1 AS one FROM "receivable_types" WHERE LOWER("receivable_types"."code") = LOWER('duplicata') LIMIT 1 /*application='CreditEngine'*/[0m
  [1m[36mReceivableType Create (0.1ms)[0m  [1m[32mINSERT INTO "receivable_types" ("name", "code", "base_spread", "created_at", "updated_at") VALUES ('Duplicata Mercantil', 'duplicata', 0.015, '2026-06-08 13:24:12.947290', '2026-06-08 13:24:12.947290') RETURNING "id" /*application='CreditEngine'*/[0m
  [1m[36mTRANSACTION (0.1ms)[0m  [1m[35mRELEASE SAVEPOINT active_record_1 /*application='CreditEngine'*/[0m
  [1m[36mTRANSACTION (0.1ms)[0m  [1m[35mSAVEPOINT active_record_1 /*application='CreditEngine'*/[0m
  [1m[36mReceivableType Exists? (1.0ms)[0m  [1m[34mSELECT 1 AS one FROM "receivable_types" WHERE LOWER("receivable_types"."code") = LOWER('cheque') LIMIT 1 /*application='CreditEngine'*/[0m
  [1m[36mReceivableType Create (0.1ms)[0m  [1m[32mINSERT INTO "receivable_types" ("name", "code", "base_spread", "created_at", "updated_at") VALUES ('Cheque Pré-datado', 'cheque', 0.025, '2026-06-08 13:24:12.951077', '2026-06-08 13:24:12.951077') RETURNING "id" /*application='CreditEngine'*/[0m
  [1m[36mTRANSACTION (0.1ms)[0m  [1m[35mRELEASE SAVEPOINT active_record_1 /*application='CreditEngine'*/[0m
  [1m[36mOperation Count (0.1ms)[0m  [1m[34mSELECT COUNT(*) FROM "operations" /*application='CreditEngine'*/[0m
  [1m[36mReceivable Count (0.1ms)[0m  [1m[34mSELECT COUNT(*) FROM "receivables" /*application='CreditEngine'*/[0m
[ActionDispatch::HostAuthorization::DefaultResponseApp] Blocked hosts: www.example.com
  [1m[36mOperation Count (0.2ms)[0m  [1m[34mSELECT COUNT(*) FROM "operations" /*application='CreditEngine'*/[0m
  [1m[36mReceivable Count (0.1ms)[0m  [1m[34mSELECT COUNT(*) FROM "receivables" /*application='CreditEngine'*/[0m
  [1m[36mTRANSACTION (0.1ms)[0m  [1m[31mROLLBACK /*application='CreditEngine'*/[0m
  [1m[36mActiveRecord::InternalMetadata Load (1.2ms)[0m  [1m[34mSELECT * FROM "ar_internal_metadata" WHERE "ar_internal_metadata"."key" = 'schema_sha1' ORDER BY "ar_internal_metadata"."key" ASC LIMIT 1 /*application='CreditEngine'*/[0m
  [1m[36mActiveRecord::SchemaMigration Load (0.6ms)[0m  [1m[34mSELECT "schema_migrations"."version" FROM "schema_migrations" ORDER BY "schema_migrations"."version" ASC /*application='CreditEngine'*/[0m
  [1m[36mActiveRecord::InternalMetadata Load (0.4ms)[0m  [1m[34mSELECT * FROM "ar_internal_metadata" WHERE "ar_internal_metadata"."key" = 'environment' ORDER BY "ar_internal_metadata"."key" ASC LIMIT 1 /*application='CreditEngine'*/[0m
  [1m[36mActiveRecord::SchemaMigration Load (0.1ms)[0m  [1m[34mSELECT "schema_migrations"."version" FROM "schema_migrations" ORDER BY "schema_migrations"."version" ASC /*application='CreditEngine'*/[0m
  [1m[36mActiveRecord::InternalMetadata Load (0.1ms)[0m  [1m[34mSELECT * FROM "ar_internal_metadata" WHERE "ar_internal_metadata"."key" = 'environment' ORDER BY "ar_internal_metadata"."key" ASC LIMIT 1 /*application='CreditEngine'*/[0m
  [1m[36mActiveRecord::SchemaMigration Load (0.1ms)[0m  [1m[34mSELECT "schema_migrations"."version" FROM "schema_migrations" ORDER BY "schema_migrations"."version" ASC /*application='CreditEngine'*/[0m
  [1m[36mActiveRecord::InternalMetadata Load (0.1ms)[0m  [1m[34mSELECT * FROM "ar_internal_metadata" WHERE "ar_internal_metadata"."key" = 'environment' ORDER BY "ar_internal_metadata"."key" ASC LIMIT 1 /*application='CreditEngine'*/[0m
  [1m[35mSQL (0.1ms)[0m  [1m[35mSET search_path TO public /*application='CreditEngine'*/[0m
  [1m[35m (49.6ms)[0m  [1m[35mDROP DATABASE IF EXISTS "credit_engine_test" /*application='CreditEngine'*/[0m
  [1m[35m (34.4ms)[0m  [1m[35mCREATE DATABASE "credit_engine_test" ENCODING = 'unicode' /*application='CreditEngine'*/[0m
  [1m[35mSQL (16.4ms)[0m  [1m[35mCREATE EXTENSION IF NOT EXISTS "plpgsql" SCHEMA pg_catalog /*application='CreditEngine'*/[0m
  [1m[35m (0.1ms)[0m  [1m[35mDROP TABLE IF EXISTS "currencies" CASCADE /*application='CreditEngine'*/[0m
  [1m[35m (3.2ms)[0m  [1m[35mCREATE TABLE "currencies" ("id" bigserial primary key, "code" character varying NOT NULL, "created_at" timestamp(6) NOT NULL, "name" character varying NOT NULL, "symbol" character varying NOT NULL, "updated_at" timestamp(6) NOT NULL) /*application='CreditEngine'*/[0m
  [1m[35m (1.7ms)[0m  [1m[35mCREATE UNIQUE INDEX "index_currencies_on_code" ON "currencies" ("code") /*application='CreditEngine'*/[0m
  [1m[35m (0.1ms)[0m  [1m[35mDROP TABLE IF EXISTS "exchange_rates" CASCADE /*application='CreditEngine'*/[0m
  [1m[35m (2.2ms)[0m  [1m[35mCREATE TABLE "exchange_rates" ("id" bigserial primary key, "created_at" timestamp(6) NOT NULL, "from_currency_id" bigint NOT NULL, "rate" decimal(18,8) NOT NULL, "reference_date" date NOT NULL, "to_currency_id" bigint NOT NULL, "updated_at" timestamp(6) NOT NULL) /*application='CreditEngine'*/[0m
  [1m[35m (1.7ms)[0m  [1m[35mCREATE UNIQUE INDEX "index_exchange_rates_on_currencies_and_date" ON "exchange_rates" ("from_currency_id", "to_currency_id", "reference_date") /*application='CreditEngine'*/[0m
  [1m[35m (1.8ms)[0m  [1m[35mCREATE INDEX "index_exchange_rates_on_from_currency_id" ON "exchange_rates" ("from_currency_id") /*application='CreditEngine'*/[0m
  [1m[35m (1.6ms)[0m  [1m[35mCREATE INDEX "index_exchange_rates_on_to_currency_id" ON "exchange_rates" ("to_currency_id") /*application='CreditEngine'*/[0m
  [1m[35m (0.1ms)[0m  [1m[35mDROP TABLE IF EXISTS "operations" CASCADE /*application='CreditEngine'*/[0m
  [1m[35m (2.7ms)[0m  [1m[35mCREATE TABLE "operations" ("id" bigserial primary key, "assignee" character varying NOT NULL, "created_at" timestamp(6) NOT NULL, "payment_currency_id" bigint NOT NULL, "total_face_value" decimal(18,4) NOT NULL, "total_net_value" decimal(18,4) NOT NULL, "updated_at" timestamp(6) NOT NULL) /*application='CreditEngine'*/[0m
  [1m[35m (1.6ms)[0m  [1m[35mCREATE INDEX "index_operations_on_payment_currency_id" ON "operations" ("payment_currency_id") /*application='CreditEngine'*/[0m
  [1m[35m (0.1ms)[0m  [1m[35mDROP TABLE IF EXISTS "receivable_types" CASCADE /*application='CreditEngine'*/[0m
  [1m[35m (2.4ms)[0m  [1m[35mCREATE TABLE "receivable_types" ("id" bigserial primary key, "base_spread" decimal(6,4) NOT NULL, "code" character varying NOT NULL, "created_at" timestamp(6) NOT NULL, "name" character varying NOT NULL, "updated_at" timestamp(6) NOT NULL) /*application='CreditEngine'*/[0m
  [1m[35m (1.8ms)[0m  [1m[35mCREATE UNIQUE INDEX "index_receivable_types_on_code" ON "receivable_types" ("code") /*application='CreditEngine'*/[0m
  [1m[35m (0.1ms)[0m  [1m[35mDROP TABLE IF EXISTS "receivables" CASCADE /*application='CreditEngine'*/[0m
  [1m[35m (3.0ms)[0m  [1m[35mCREATE TABLE "receivables" ("id" bigserial primary key, "base_rate_applied" decimal(6,4) NOT NULL, "created_at" timestamp(6) NOT NULL, "currency_id" bigint NOT NULL, "days_to_maturity" integer NOT NULL, "due_date" date NOT NULL, "exchange_rate_applied" decimal(18,8), "face_value" decimal(18,4) NOT NULL, "identifier" character varying NOT NULL, "net_value" decimal(18,4) NOT NULL, "operation_id" bigint NOT NULL, "receivable_type_id" bigint NOT NULL, "spread_applied" decimal(6,4) NOT NULL, "updated_at" timestamp(6) NOT NULL) /*application='CreditEngine'*/[0m
  [1m[35m (1.6ms)[0m  [1m[35mCREATE INDEX "index_receivables_on_currency_id" ON "receivables" ("currency_id") /*application='CreditEngine'*/[0m
  [1m[35m (1.5ms)[0m  [1m[35mCREATE INDEX "index_receivables_on_operation_id" ON "receivables" ("operation_id") /*application='CreditEngine'*/[0m
  [1m[35m (1.6ms)[0m  [1m[35mCREATE INDEX "index_receivables_on_receivable_type_id" ON "receivables" ("receivable_type_id") /*application='CreditEngine'*/[0m
  [1m[35m (2.4ms)[0m  [1m[35mALTER TABLE "exchange_rates" ADD CONSTRAINT "fk_rails_a7a7547392"
FOREIGN KEY ("from_currency_id")
  REFERENCES "currencies" ("id")
 /*application='CreditEngine'*/[0m
  [1m[35m (1.9ms)[0m  [1m[35mALTER TABLE "exchange_rates" ADD CONSTRAINT "fk_rails_096e5ba070"
FOREIGN KEY ("to_currency_id")
  REFERENCES "currencies" ("id")
 /*application='CreditEngine'*/[0m
  [1m[35m (1.8ms)[0m  [1m[35mALTER TABLE "operations" ADD CONSTRAINT "fk_rails_a1ac986f6e"
FOREIGN KEY ("payment_currency_id")
  REFERENCES "currencies" ("id")
 /*application='CreditEngine'*/[0m
  [1m[35m (2.0ms)[0m  [1m[35mALTER TABLE "receivables" ADD CONSTRAINT "fk_rails_99dbe80f49"
FOREIGN KEY ("currency_id")
  REFERENCES "currencies" ("id")
 /*application='CreditEngine'*/[0m
  [1m[35m (1.8ms)[0m  [1m[35mALTER TABLE "receivables" ADD CONSTRAINT "fk_rails_57cc17ca11"
FOREIGN KEY ("operation_id")
  REFERENCES "operations" ("id")
 /*application='CreditEngine'*/[0m
  [1m[35m (2.1ms)[0m  [1m[35mALTER TABLE "receivables" ADD CONSTRAINT "fk_rails_f80775e364"
FOREIGN KEY ("receivable_type_id")
  REFERENCES "receivable_types" ("id")
 /*application='CreditEngine'*/[0m
  [1m[35m (2.1ms)[0m  [1m[35mCREATE TABLE "schema_migrations" ("version" character varying NOT NULL PRIMARY KEY) /*application='CreditEngine'*/[0m
  [1m[36mActiveRecord::SchemaMigration Load (0.3ms)[0m  [1m[34mSELECT "schema_migrations"."version" FROM "schema_migrations" ORDER BY "schema_migrations"."version" ASC /*application='CreditEngine'*/[0m
  [1m[35m (1.5ms)[0m  [1m[32mINSERT INTO "schema_migrations" (version) VALUES (20260608125607) /*application='CreditEngine'*/[0m
  [1m[35m (1.7ms)[0m  [1m[32mINSERT INTO "schema_migrations" (version) VALUES
(20260608125603),
(20260608125600),
(20260608125557),
(20260608125553); /*application='CreditEngine'*/[0m
  [1m[35m (2.5ms)[0m  [1m[35mCREATE TABLE "ar_internal_metadata" ("key" character varying NOT NULL PRIMARY KEY, "value" character varying, "created_at" timestamp(6) NOT NULL, "updated_at" timestamp(6) NOT NULL) /*application='CreditEngine'*/[0m
  [1m[36mActiveRecord::InternalMetadata Load (0.4ms)[0m  [1m[34mSELECT * FROM "ar_internal_metadata" WHERE "ar_internal_metadata"."key" = 'environment' ORDER BY "ar_internal_metadata"."key" ASC LIMIT 1 /*application='CreditEngine'*/[0m
  [1m[36mActiveRecord::InternalMetadata Create (1.5ms)[0m  [1m[32mINSERT INTO "ar_internal_metadata" ("key", "value", "created_at", "updated_at") VALUES ('environment', 'development', '2026-06-08 13:24:46.555451', '2026-06-08 13:24:46.555453') RETURNING "key" /*application='CreditEngine'*/[0m
  [1m[36mActiveRecord::InternalMetadata Load (0.1ms)[0m  [1m[34mSELECT * FROM "ar_internal_metadata" WHERE "ar_internal_metadata"."key" = 'environment' ORDER BY "ar_internal_metadata"."key" ASC LIMIT 1 /*application='CreditEngine'*/[0m
  [1m[36mActiveRecord::InternalMetadata Update (1.4ms)[0m  [1m[33mUPDATE "ar_internal_metadata" SET "value" = 'test', "updated_at" = '2026-06-08 13:24:46.558837' WHERE "ar_internal_metadata"."key" = 'environment' /*application='CreditEngine'*/[0m
  [1m[36mActiveRecord::InternalMetadata Load (0.1ms)[0m  [1m[34mSELECT * FROM "ar_internal_metadata" WHERE "ar_internal_metadata"."key" = 'schema_sha1' ORDER BY "ar_internal_metadata"."key" ASC LIMIT 1 /*application='CreditEngine'*/[0m
  [1m[36mActiveRecord::InternalMetadata Create (1.4ms)[0m  [1m[32mINSERT INTO "ar_internal_metadata" ("key", "value", "created_at", "updated_at") VALUES ('schema_sha1', 'd112fe315c5421ec301e3c8b3476bd5be82fde63', '2026-06-08 13:24:46.561417', '2026-06-08 13:24:46.561418') RETURNING "key" /*application='CreditEngine'*/[0m
  [1m[36mActiveRecord::SchemaMigration Load (0.3ms)[0m  [1m[34mSELECT "schema_migrations"."version" FROM "schema_migrations" ORDER BY "schema_migrations"."version" ASC /*application='CreditEngine'*/[0m
  [1m[36mTRANSACTION (0.1ms)[0m  [1m[35mBEGIN /*application='CreditEngine'*/[0m
  [1m[36mReceivable Delete All (0.3ms)[0m  [1m[31mDELETE FROM "receivables" /*application='CreditEngine'*/[0m
  [1m[36mOperation Delete All (0.3ms)[0m  [1m[31mDELETE FROM "operations" /*application='CreditEngine'*/[0m
  [1m[36mExchangeRate Delete All (0.3ms)[0m  [1m[31mDELETE FROM "exchange_rates" /*application='CreditEngine'*/[0m
  [1m[36mReceivableType Delete All (0.5ms)[0m  [1m[31mDELETE FROM "receivable_types" /*application='CreditEngine'*/[0m
  [1m[36mCurrency Delete All (0.8ms)[0m  [1m[31mDELETE FROM "currencies" /*application='CreditEngine'*/[0m
  [1m[36mTRANSACTION (0.1ms)[0m  [1m[35mSAVEPOINT active_record_1 /*application='CreditEngine'*/[0m
  [1m[36mCurrency Exists? (1.4ms)[0m  [1m[34mSELECT 1 AS one FROM "currencies" WHERE LOWER("currencies"."code") = LOWER('BRL') LIMIT 1 /*application='CreditEngine'*/[0m
  [1m[36mCurrency Create (0.2ms)[0m  [1m[32mINSERT INTO "currencies" ("code", "name", "symbol", "created_at", "updated_at") VALUES ('BRL', 'Real', 'R$', '2026-06-08 13:24:46.717533', '2026-06-08 13:24:46.717533') RETURNING "id" /*application='CreditEngine'*/[0m
  [1m[36mTRANSACTION (0.1ms)[0m  [1m[35mRELEASE SAVEPOINT active_record_1 /*application='CreditEngine'*/[0m
  [1m[36mTRANSACTION (0.1ms)[0m  [1m[35mSAVEPOINT active_record_1 /*application='CreditEngine'*/[0m
  [1m[36mCurrency Exists? (1.3ms)[0m  [1m[34mSELECT 1 AS one FROM "currencies" WHERE LOWER("currencies"."code") = LOWER('USD') LIMIT 1 /*application='CreditEngine'*/[0m
  [1m[36mCurrency Create (0.1ms)[0m  [1m[32mINSERT INTO "currencies" ("code", "name", "symbol", "created_at", "updated_at") VALUES ('USD', 'Dollar', '$', '2026-06-08 13:24:46.723501', '2026-06-08 13:24:46.723501') RETURNING "id" /*application='CreditEngine'*/[0m
  [1m[36mTRANSACTION (0.1ms)[0m  [1m[35mRELEASE SAVEPOINT active_record_1 /*application='CreditEngine'*/[0m
  [1m[36mTRANSACTION (0.1ms)[0m  [1m[35mSAVEPOINT active_record_1 /*application='CreditEngine'*/[0m
  [1m[36mExchangeRate Exists? (1.7ms)[0m  [1m[34mSELECT 1 AS one FROM "exchange_rates" WHERE "exchange_rates"."reference_date" = '2026-06-08' AND "exchange_rates"."from_currency_id" = 50 AND "exchange_rates"."to_currency_id" = 49 LIMIT 1 /*application='CreditEngine'*/[0m
  [1m[36mExchangeRate Create (0.3ms)[0m  [1m[32mINSERT INTO "exchange_rates" ("from_currency_id", "to_currency_id", "rate", "reference_date", "created_at", "updated_at") VALUES (50, 49, 5.0, '2026-06-08', '2026-06-08 13:24:46.734853', '2026-06-08 13:24:46.734853') RETURNING "id" /*application='CreditEngine'*/[0m
  [1m[36mTRANSACTION (0.1ms)[0m  [1m[35mRELEASE SAVEPOINT active_record_1 /*application='CreditEngine'*/[0m
  [1m[36mTRANSACTION (0.1ms)[0m  [1m[35mSAVEPOINT active_record_1 /*application='CreditEngine'*/[0m
  [1m[36mExchangeRate Exists? (1.1ms)[0m  [1m[34mSELECT 1 AS one FROM "exchange_rates" WHERE "exchange_rates"."reference_date" = '2026-06-08' AND "exchange_rates"."from_currency_id" = 49 AND "exchange_rates"."to_currency_id" = 50 LIMIT 1 /*application='CreditEngine'*/[0m
  [1m[36mExchangeRate Create (0.2ms)[0m  [1m[32mINSERT INTO "exchange_rates" ("from_currency_id", "to_currency_id", "rate", "reference_date", "created_at", "updated_at") VALUES (49, 50, 0.2, '2026-06-08', '2026-06-08 13:24:46.740408', '2026-06-08 13:24:46.740408') RETURNING "id" /*application='CreditEngine'*/[0m
  [1m[36mTRANSACTION (0.1ms)[0m  [1m[35mRELEASE SAVEPOINT active_record_1 /*application='CreditEngine'*/[0m
  [1m[36mTRANSACTION (0.1ms)[0m  [1m[35mSAVEPOINT active_record_1 /*application='CreditEngine'*/[0m
  [1m[36mReceivableType Exists? (1.1ms)[0m  [1m[34mSELECT 1 AS one FROM "receivable_types" WHERE LOWER("receivable_types"."code") = LOWER('duplicata') LIMIT 1 /*application='CreditEngine'*/[0m
  [1m[36mReceivableType Create (0.2ms)[0m  [1m[32mINSERT INTO "receivable_types" ("name", "code", "base_spread", "created_at", "updated_at") VALUES ('Duplicata Mercantil', 'duplicata', 0.015, '2026-06-08 13:24:46.747321', '2026-06-08 13:24:46.747321') RETURNING "id" /*application='CreditEngine'*/[0m
  [1m[36mTRANSACTION (0.1ms)[0m  [1m[35mRELEASE SAVEPOINT active_record_1 /*application='CreditEngine'*/[0m
  [1m[36mTRANSACTION (0.1ms)[0m  [1m[35mSAVEPOINT active_record_1 /*application='CreditEngine'*/[0m
  [1m[36mReceivableType Exists? (1.1ms)[0m  [1m[34mSELECT 1 AS one FROM "receivable_types" WHERE LOWER("receivable_types"."code") = LOWER('cheque') LIMIT 1 /*application='CreditEngine'*/[0m
  [1m[36mReceivableType Create (0.1ms)[0m  [1m[32mINSERT INTO "receivable_types" ("name", "code", "base_spread", "created_at", "updated_at") VALUES ('Cheque Pré-datado', 'cheque', 0.025, '2026-06-08 13:24:46.751611', '2026-06-08 13:24:46.751611') RETURNING "id" /*application='CreditEngine'*/[0m
  [1m[36mTRANSACTION (0.1ms)[0m  [1m[35mRELEASE SAVEPOINT active_record_1 /*application='CreditEngine'*/[0m
[ActionDispatch::HostAuthorization::DefaultResponseApp] Blocked hosts: www.example.com
  [1m[36mTRANSACTION (0.2ms)[0m  [1m[31mROLLBACK /*application='CreditEngine'*/[0m
  [1m[36mTRANSACTION (0.1ms)[0m  [1m[35mBEGIN /*application='CreditEngine'*/[0m
  [1m[36mReceivable Delete All (0.1ms)[0m  [1m[31mDELETE FROM "receivables" /*application='CreditEngine'*/[0m
  [1m[36mOperation Delete All (0.1ms)[0m  [1m[31mDELETE FROM "operations" /*application='CreditEngine'*/[0m
  [1m[36mExchangeRate Delete All (0.1ms)[0m  [1m[31mDELETE FROM "exchange_rates" /*application='CreditEngine'*/[0m
  [1m[36mReceivableType Delete All (0.2ms)[0m  [1m[31mDELETE FROM "receivable_types" /*application='CreditEngine'*/[0m
  [1m[36mCurrency Delete All (0.4ms)[0m  [1m[31mDELETE FROM "currencies" /*application='CreditEngine'*/[0m
  [1m[36mTRANSACTION (0.1ms)[0m  [1m[35mSAVEPOINT active_record_1 /*application='CreditEngine'*/[0m
  [1m[36mCurrency Exists? (1.2ms)[0m  [1m[34mSELECT 1 AS one FROM "currencies" WHERE LOWER("currencies"."code") = LOWER('BRL') LIMIT 1 /*application='CreditEngine'*/[0m
  [1m[36mCurrency Create (0.1ms)[0m  [1m[32mINSERT INTO "currencies" ("code", "name", "symbol", "created_at", "updated_at") VALUES ('BRL', 'Real', 'R$', '2026-06-08 13:24:46.783050', '2026-06-08 13:24:46.783050') RETURNING "id" /*application='CreditEngine'*/[0m
  [1m[36mTRANSACTION (0.1ms)[0m  [1m[35mRELEASE SAVEPOINT active_record_1 /*application='CreditEngine'*/[0m
  [1m[36mTRANSACTION (0.1ms)[0m  [1m[35mSAVEPOINT active_record_1 /*application='CreditEngine'*/[0m
  [1m[36mCurrency Exists? (1.2ms)[0m  [1m[34mSELECT 1 AS one FROM "currencies" WHERE LOWER("currencies"."code") = LOWER('USD') LIMIT 1 /*application='CreditEngine'*/[0m
  [1m[36mCurrency Create (0.1ms)[0m  [1m[32mINSERT INTO "currencies" ("code", "name", "symbol", "created_at", "updated_at") VALUES ('USD', 'Dollar', '$', '2026-06-08 13:24:46.787426', '2026-06-08 13:24:46.787426') RETURNING "id" /*application='CreditEngine'*/[0m
  [1m[36mTRANSACTION (0.1ms)[0m  [1m[35mRELEASE SAVEPOINT active_record_1 /*application='CreditEngine'*/[0m
  [1m[36mTRANSACTION (0.1ms)[0m  [1m[35mSAVEPOINT active_record_1 /*application='CreditEngine'*/[0m
  [1m[36mExchangeRate Exists? (1.9ms)[0m  [1m[34mSELECT 1 AS one FROM "exchange_rates" WHERE "exchange_rates"."reference_date" = '2026-06-08' AND "exchange_rates"."from_currency_id" = 52 AND "exchange_rates"."to_currency_id" = 51 LIMIT 1 /*application='CreditEngine'*/[0m
  [1m[36mExchangeRate Create (0.3ms)[0m  [1m[32mINSERT INTO "exchange_rates" ("from_currency_id", "to_currency_id", "rate", "reference_date", "created_at", "updated_at") VALUES (52, 51, 5.0, '2026-06-08', '2026-06-08 13:24:46.794582', '2026-06-08 13:24:46.794582') RETURNING "id" /*application='CreditEngine'*/[0m
  [1m[36mTRANSACTION (0.1ms)[0m  [1m[35mRELEASE SAVEPOINT active_record_1 /*application='CreditEngine'*/[0m
  [1m[36mTRANSACTION (0.1ms)[0m  [1m[35mSAVEPOINT active_record_1 /*application='CreditEngine'*/[0m
  [1m[36mExchangeRate Exists? (1.2ms)[0m  [1m[34mSELECT 1 AS one FROM "exchange_rates" WHERE "exchange_rates"."reference_date" = '2026-06-08' AND "exchange_rates"."from_currency_id" = 51 AND "exchange_rates"."to_currency_id" = 52 LIMIT 1 /*application='CreditEngine'*/[0m
  [1m[36mExchangeRate Create (0.2ms)[0m  [1m[32mINSERT INTO "exchange_rates" ("from_currency_id", "to_currency_id", "rate", "reference_date", "created_at", "updated_at") VALUES (51, 52, 0.2, '2026-06-08', '2026-06-08 13:24:46.799953', '2026-06-08 13:24:46.799953') RETURNING "id" /*application='CreditEngine'*/[0m
  [1m[36mTRANSACTION (0.1ms)[0m  [1m[35mRELEASE SAVEPOINT active_record_1 /*application='CreditEngine'*/[0m
  [1m[36mTRANSACTION (0.1ms)[0m  [1m[35mSAVEPOINT active_record_1 /*application='CreditEngine'*/[0m
  [1m[36mReceivableType Exists? (1.7ms)[0m  [1m[34mSELECT 1 AS one FROM "receivable_types" WHERE LOWER("receivable_types"."code") = LOWER('duplicata') LIMIT 1 /*application='CreditEngine'*/[0m
  [1m[36mReceivableType Create (0.2ms)[0m  [1m[32mINSERT INTO "receivable_types" ("name", "code", "base_spread", "created_at", "updated_at") VALUES ('Duplicata Mercantil', 'duplicata', 0.015, '2026-06-08 13:24:46.805166', '2026-06-08 13:24:46.805166') RETURNING "id" /*application='CreditEngine'*/[0m
  [1m[36mTRANSACTION (0.1ms)[0m  [1m[35mRELEASE SAVEPOINT active_record_1 /*application='CreditEngine'*/[0m
  [1m[36mTRANSACTION (0.1ms)[0m  [1m[35mSAVEPOINT active_record_1 /*application='CreditEngine'*/[0m
  [1m[36mReceivableType Exists? (1.2ms)[0m  [1m[34mSELECT 1 AS one FROM "receivable_types" WHERE LOWER("receivable_types"."code") = LOWER('cheque') LIMIT 1 /*application='CreditEngine'*/[0m
  [1m[36mReceivableType Create (0.1ms)[0m  [1m[32mINSERT INTO "receivable_types" ("name", "code", "base_spread", "created_at", "updated_at") VALUES ('Cheque Pré-datado', 'cheque', 0.025, '2026-06-08 13:24:46.809561', '2026-06-08 13:24:46.809561') RETURNING "id" /*application='CreditEngine'*/[0m
  [1m[36mTRANSACTION (0.1ms)[0m  [1m[35mRELEASE SAVEPOINT active_record_1 /*application='CreditEngine'*/[0m
[ActionDispatch::HostAuthorization::DefaultResponseApp] Blocked hosts: www.example.com
  [1m[36mTRANSACTION (0.1ms)[0m  [1m[31mROLLBACK /*application='CreditEngine'*/[0m
  [1m[36mTRANSACTION (0.1ms)[0m  [1m[35mBEGIN /*application='CreditEngine'*/[0m
  [1m[36mReceivable Delete All (0.1ms)[0m  [1m[31mDELETE FROM "receivables" /*application='CreditEngine'*/[0m
  [1m[36mOperation Delete All (0.1ms)[0m  [1m[31mDELETE FROM "operations" /*application='CreditEngine'*/[0m
  [1m[36mExchangeRate Delete All (0.1ms)[0m  [1m[31mDELETE FROM "exchange_rates" /*application='CreditEngine'*/[0m
  [1m[36mReceivableType Delete All (0.2ms)[0m  [1m[31mDELETE FROM "receivable_types" /*application='CreditEngine'*/[0m
  [1m[36mCurrency Delete All (0.4ms)[0m  [1m[31mDELETE FROM "currencies" /*application='CreditEngine'*/[0m
  [1m[36mTRANSACTION (0.1ms)[0m  [1m[35mSAVEPOINT active_record_1 /*application='CreditEngine'*/[0m
  [1m[36mCurrency Exists? (1.1ms)[0m  [1m[34mSELECT 1 AS one FROM "currencies" WHERE LOWER("currencies"."code") = LOWER('BRL') LIMIT 1 /*application='CreditEngine'*/[0m
  [1m[36mCurrency Create (0.2ms)[0m  [1m[32mINSERT INTO "currencies" ("code", "name", "symbol", "created_at", "updated_at") VALUES ('BRL', 'Real', 'R$', '2026-06-08 13:24:46.822174', '2026-06-08 13:24:46.822174') RETURNING "id" /*application='CreditEngine'*/[0m
  [1m[36mTRANSACTION (0.1ms)[0m  [1m[35mRELEASE SAVEPOINT active_record_1 /*application='CreditEngine'*/[0m
  [1m[36mTRANSACTION (0.1ms)[0m  [1m[35mSAVEPOINT active_record_1 /*application='CreditEngine'*/[0m
  [1m[36mCurrency Exists? (1.1ms)[0m  [1m[34mSELECT 1 AS one FROM "currencies" WHERE LOWER("currencies"."code") = LOWER('USD') LIMIT 1 /*application='CreditEngine'*/[0m
  [1m[36mCurrency Create (0.1ms)[0m  [1m[32mINSERT INTO "currencies" ("code", "name", "symbol", "created_at", "updated_at") VALUES ('USD', 'Dollar', '$', '2026-06-08 13:24:46.826327', '2026-06-08 13:24:46.826327') RETURNING "id" /*application='CreditEngine'*/[0m
  [1m[36mTRANSACTION (0.1ms)[0m  [1m[35mRELEASE SAVEPOINT active_record_1 /*application='CreditEngine'*/[0m
  [1m[36mTRANSACTION (0.1ms)[0m  [1m[35mSAVEPOINT active_record_1 /*application='CreditEngine'*/[0m
  [1m[36mExchangeRate Exists? (1.1ms)[0m  [1m[34mSELECT 1 AS one FROM "exchange_rates" WHERE "exchange_rates"."reference_date" = '2026-06-08' AND "exchange_rates"."from_currency_id" = 54 AND "exchange_rates"."to_currency_id" = 53 LIMIT 1 /*application='CreditEngine'*/[0m
  [1m[36mExchangeRate Create (0.2ms)[0m  [1m[32mINSERT INTO "exchange_rates" ("from_currency_id", "to_currency_id", "rate", "reference_date", "created_at", "updated_at") VALUES (54, 53, 5.0, '2026-06-08', '2026-06-08 13:24:46.830587', '2026-06-08 13:24:46.830587') RETURNING "id" /*application='CreditEngine'*/[0m
  [1m[36mTRANSACTION (0.1ms)[0m  [1m[35mRELEASE SAVEPOINT active_record_1 /*application='CreditEngine'*/[0m
  [1m[36mTRANSACTION (0.1ms)[0m  [1m[35mSAVEPOINT active_record_1 /*application='CreditEngine'*/[0m
  [1m[36mExchangeRate Exists? (1.1ms)[0m  [1m[34mSELECT 1 AS one FROM "exchange_rates" WHERE "exchange_rates"."reference_date" = '2026-06-08' AND "exchange_rates"."from_currency_id" = 53 AND "exchange_rates"."to_currency_id" = 54 LIMIT 1 /*application='CreditEngine'*/[0m
  [1m[36mExchangeRate Create (0.2ms)[0m  [1m[32mINSERT INTO "exchange_rates" ("from_currency_id", "to_currency_id", "rate", "reference_date", "created_at", "updated_at") VALUES (53, 54, 0.2, '2026-06-08', '2026-06-08 13:24:46.835007', '2026-06-08 13:24:46.835007') RETURNING "id" /*application='CreditEngine'*/[0m
  [1m[36mTRANSACTION (0.1ms)[0m  [1m[35mRELEASE SAVEPOINT active_record_1 /*application='CreditEngine'*/[0m
  [1m[36mTRANSACTION (0.1ms)[0m  [1m[35mSAVEPOINT active_record_1 /*application='CreditEngine'*/[0m
  [1m[36mReceivableType Exists? (1.2ms)[0m  [1m[34mSELECT 1 AS one FROM "receivable_types" WHERE LOWER("receivable_types"."code") = LOWER('duplicata') LIMIT 1 /*application='CreditEngine'*/[0m
  [1m[36mReceivableType Create (0.2ms)[0m  [1m[32mINSERT INTO "receivable_types" ("name", "code", "base_spread", "created_at", "updated_at") VALUES ('Duplicata Mercantil', 'duplicata', 0.015, '2026-06-08 13:24:46.839296', '2026-06-08 13:24:46.839296') RETURNING "id" /*application='CreditEngine'*/[0m
  [1m[36mTRANSACTION (0.1ms)[0m  [1m[35mRELEASE SAVEPOINT active_record_1 /*application='CreditEngine'*/[0m
  [1m[36mTRANSACTION (0.1ms)[0m  [1m[35mSAVEPOINT active_record_1 /*application='CreditEngine'*/[0m
  [1m[36mReceivableType Exists? (1.1ms)[0m  [1m[34mSELECT 1 AS one FROM "receivable_types" WHERE LOWER("receivable_types"."code") = LOWER('cheque') LIMIT 1 /*application='CreditEngine'*/[0m
  [1m[36mReceivableType Create (0.1ms)[0m  [1m[32mINSERT INTO "receivable_types" ("name", "code", "base_spread", "created_at", "updated_at") VALUES ('Cheque Pré-datado', 'cheque', 0.025, '2026-06-08 13:24:46.843588', '2026-06-08 13:24:46.843588') RETURNING "id" /*application='CreditEngine'*/[0m
  [1m[36mTRANSACTION (0.1ms)[0m  [1m[35mRELEASE SAVEPOINT active_record_1 /*application='CreditEngine'*/[0m
[ActionDispatch::HostAuthorization::DefaultResponseApp] Blocked hosts: www.example.com
  [1m[36mTRANSACTION (0.1ms)[0m  [1m[31mROLLBACK /*application='CreditEngine'*/[0m
  [1m[36mTRANSACTION (0.1ms)[0m  [1m[35mBEGIN /*application='CreditEngine'*/[0m
  [1m[36mReceivable Delete All (0.1ms)[0m  [1m[31mDELETE FROM "receivables" /*application='CreditEngine'*/[0m
  [1m[36mOperation Delete All (0.1ms)[0m  [1m[31mDELETE FROM "operations" /*application='CreditEngine'*/[0m
  [1m[36mExchangeRate Delete All (0.1ms)[0m  [1m[31mDELETE FROM "exchange_rates" /*application='CreditEngine'*/[0m
  [1m[36mReceivableType Delete All (0.2ms)[0m  [1m[31mDELETE FROM "receivable_types" /*application='CreditEngine'*/[0m
  [1m[36mCurrency Delete All (0.2ms)[0m  [1m[31mDELETE FROM "currencies" /*application='CreditEngine'*/[0m
  [1m[36mTRANSACTION (0.1ms)[0m  [1m[35mSAVEPOINT active_record_1 /*application='CreditEngine'*/[0m
  [1m[36mCurrency Exists? (1.2ms)[0m  [1m[34mSELECT 1 AS one FROM "currencies" WHERE LOWER("currencies"."code") = LOWER('BRL') LIMIT 1 /*application='CreditEngine'*/[0m
  [1m[36mCurrency Create (0.1ms)[0m  [1m[32mINSERT INTO "currencies" ("code", "name", "symbol", "created_at", "updated_at") VALUES ('BRL', 'Real', 'R$', '2026-06-08 13:24:46.856483', '2026-06-08 13:24:46.856483') RETURNING "id" /*application='CreditEngine'*/[0m
  [1m[36mTRANSACTION (0.1ms)[0m  [1m[35mRELEASE SAVEPOINT active_record_1 /*application='CreditEngine'*/[0m
  [1m[36mTRANSACTION (0.1ms)[0m  [1m[35mSAVEPOINT active_record_1 /*application='CreditEngine'*/[0m
  [1m[36mCurrency Exists? (1.1ms)[0m  [1m[34mSELECT 1 AS one FROM "currencies" WHERE LOWER("currencies"."code") = LOWER('USD') LIMIT 1 /*application='CreditEngine'*/[0m
  [1m[36mCurrency Create (0.1ms)[0m  [1m[32mINSERT INTO "currencies" ("code", "name", "symbol", "created_at", "updated_at") VALUES ('USD', 'Dollar', '$', '2026-06-08 13:24:46.860585', '2026-06-08 13:24:46.860585') RETURNING "id" /*application='CreditEngine'*/[0m
  [1m[36mTRANSACTION (0.1ms)[0m  [1m[35mRELEASE SAVEPOINT active_record_1 /*application='CreditEngine'*/[0m
  [1m[36mTRANSACTION (0.1ms)[0m  [1m[35mSAVEPOINT active_record_1 /*application='CreditEngine'*/[0m
  [1m[36mExchangeRate Exists? (1.3ms)[0m  [1m[34mSELECT 1 AS one FROM "exchange_rates" WHERE "exchange_rates"."reference_date" = '2026-06-08' AND "exchange_rates"."from_currency_id" = 56 AND "exchange_rates"."to_currency_id" = 55 LIMIT 1 /*application='CreditEngine'*/[0m
  [1m[36mExchangeRate Create (0.2ms)[0m  [1m[32mINSERT INTO "exchange_rates" ("from_currency_id", "to_currency_id", "rate", "reference_date", "created_at", "updated_at") VALUES (56, 55, 5.0, '2026-06-08', '2026-06-08 13:24:46.864992', '2026-06-08 13:24:46.864992') RETURNING "id" /*application='CreditEngine'*/[0m
  [1m[36mTRANSACTION (0.1ms)[0m  [1m[35mRELEASE SAVEPOINT active_record_1 /*application='CreditEngine'*/[0m
  [1m[36mTRANSACTION (0.1ms)[0m  [1m[35mSAVEPOINT active_record_1 /*application='CreditEngine'*/[0m
  [1m[36mExchangeRate Exists? (1.1ms)[0m  [1m[34mSELECT 1 AS one FROM "exchange_rates" WHERE "exchange_rates"."reference_date" = '2026-06-08' AND "exchange_rates"."from_currency_id" = 55 AND "exchange_rates"."to_currency_id" = 56 LIMIT 1 /*application='CreditEngine'*/[0m
  [1m[36mExchangeRate Create (0.2ms)[0m  [1m[32mINSERT INTO "exchange_rates" ("from_currency_id", "to_currency_id", "rate", "reference_date", "created_at", "updated_at") VALUES (55, 56, 0.2, '2026-06-08', '2026-06-08 13:24:46.869202', '2026-06-08 13:24:46.869202') RETURNING "id" /*application='CreditEngine'*/[0m
  [1m[36mTRANSACTION (0.1ms)[0m  [1m[35mRELEASE SAVEPOINT active_record_1 /*application='CreditEngine'*/[0m
  [1m[36mTRANSACTION (0.1ms)[0m  [1m[35mSAVEPOINT active_record_1 /*application='CreditEngine'*/[0m
  [1m[36mReceivableType Exists? (1.1ms)[0m  [1m[34mSELECT 1 AS one FROM "receivable_types" WHERE LOWER("receivable_types"."code") = LOWER('duplicata') LIMIT 1 /*application='CreditEngine'*/[0m
  [1m[36mReceivableType Create (0.1ms)[0m  [1m[32mINSERT INTO "receivable_types" ("name", "code", "base_spread", "created_at", "updated_at") VALUES ('Duplicata Mercantil', 'duplicata', 0.015, '2026-06-08 13:24:46.873415', '2026-06-08 13:24:46.873415') RETURNING "id" /*application='CreditEngine'*/[0m
  [1m[36mTRANSACTION (0.1ms)[0m  [1m[35mRELEASE SAVEPOINT active_record_1 /*application='CreditEngine'*/[0m
  [1m[36mTRANSACTION (0.1ms)[0m  [1m[35mSAVEPOINT active_record_1 /*application='CreditEngine'*/[0m
  [1m[36mReceivableType Exists? (1.3ms)[0m  [1m[34mSELECT 1 AS one FROM "receivable_types" WHERE LOWER("receivable_types"."code") = LOWER('cheque') LIMIT 1 /*application='CreditEngine'*/[0m
  [1m[36mReceivableType Create (0.1ms)[0m  [1m[32mINSERT INTO "receivable_types" ("name", "code", "base_spread", "created_at", "updated_at") VALUES ('Cheque Pré-datado', 'cheque', 0.025, '2026-06-08 13:24:46.877535', '2026-06-08 13:24:46.877535') RETURNING "id" /*application='CreditEngine'*/[0m
  [1m[36mTRANSACTION (0.1ms)[0m  [1m[35mRELEASE SAVEPOINT active_record_1 /*application='CreditEngine'*/[0m
  [1m[36mOperation Count (0.2ms)[0m  [1m[34mSELECT COUNT(*) FROM "operations" /*application='CreditEngine'*/[0m
  [1m[36mReceivable Count (0.1ms)[0m  [1m[34mSELECT COUNT(*) FROM "receivables" /*application='CreditEngine'*/[0m
[ActionDispatch::HostAuthorization::DefaultResponseApp] Blocked hosts: www.example.com
  [1m[36mOperation Count (0.1ms)[0m  [1m[34mSELECT COUNT(*) FROM "operations" /*application='CreditEngine'*/[0m
  [1m[36mReceivable Count (0.1ms)[0m  [1m[34mSELECT COUNT(*) FROM "receivables" /*application='CreditEngine'*/[0m
  [1m[36mTRANSACTION (0.1ms)[0m  [1m[31mROLLBACK /*application='CreditEngine'*/[0m
  [1m[36mTRANSACTION (0.1ms)[0m  [1m[35mBEGIN /*application='CreditEngine'*/[0m
  [1m[36mReceivable Delete All (0.1ms)[0m  [1m[31mDELETE FROM "receivables" /*application='CreditEngine'*/[0m
  [1m[36mOperation Delete All (0.1ms)[0m  [1m[31mDELETE FROM "operations" /*application='CreditEngine'*/[0m
  [1m[36mExchangeRate Delete All (0.1ms)[0m  [1m[31mDELETE FROM "exchange_rates" /*application='CreditEngine'*/[0m
  [1m[36mReceivableType Delete All (0.1ms)[0m  [1m[31mDELETE FROM "receivable_types" /*application='CreditEngine'*/[0m
  [1m[36mCurrency Delete All (0.2ms)[0m  [1m[31mDELETE FROM "currencies" /*application='CreditEngine'*/[0m
  [1m[36mTRANSACTION (0.1ms)[0m  [1m[35mSAVEPOINT active_record_1 /*application='CreditEngine'*/[0m
  [1m[36mCurrency Exists? (1.1ms)[0m  [1m[34mSELECT 1 AS one FROM "currencies" WHERE LOWER("currencies"."code") = LOWER('BRL') LIMIT 1 /*application='CreditEngine'*/[0m
  [1m[36mCurrency Create (0.1ms)[0m  [1m[32mINSERT INTO "currencies" ("code", "name", "symbol", "created_at", "updated_at") VALUES ('BRL', 'Real', 'R$', '2026-06-08 13:24:46.893762', '2026-06-08 13:24:46.893762') RETURNING "id" /*application='CreditEngine'*/[0m
  [1m[36mTRANSACTION (0.1ms)[0m  [1m[35mRELEASE SAVEPOINT active_record_1 /*application='CreditEngine'*/[0m
  [1m[36mTRANSACTION (0.1ms)[0m  [1m[35mSAVEPOINT active_record_1 /*application='CreditEngine'*/[0m
  [1m[36mCurrency Exists? (1.2ms)[0m  [1m[34mSELECT 1 AS one FROM "currencies" WHERE LOWER("currencies"."code") = LOWER('USD') LIMIT 1 /*application='CreditEngine'*/[0m
  [1m[36mCurrency Create (0.1ms)[0m  [1m[32mINSERT INTO "currencies" ("code", "name", "symbol", "created_at", "updated_at") VALUES ('USD', 'Dollar', '$', '2026-06-08 13:24:46.898101', '2026-06-08 13:24:46.898101') RETURNING "id" /*application='CreditEngine'*/[0m
  [1m[36mTRANSACTION (0.1ms)[0m  [1m[35mRELEASE SAVEPOINT active_record_1 /*application='CreditEngine'*/[0m
  [1m[36mTRANSACTION (0.1ms)[0m  [1m[35mSAVEPOINT active_record_1 /*application='CreditEngine'*/[0m
  [1m[36mExchangeRate Exists? (1.1ms)[0m  [1m[34mSELECT 1 AS one FROM "exchange_rates" WHERE "exchange_rates"."reference_date" = '2026-06-08' AND "exchange_rates"."from_currency_id" = 58 AND "exchange_rates"."to_currency_id" = 57 LIMIT 1 /*application='CreditEngine'*/[0m
  [1m[36mExchangeRate Create (0.2ms)[0m  [1m[32mINSERT INTO "exchange_rates" ("from_currency_id", "to_currency_id", "rate", "reference_date", "created_at", "updated_at") VALUES (58, 57, 5.0, '2026-06-08', '2026-06-08 13:24:46.902538', '2026-06-08 13:24:46.902538') RETURNING "id" /*application='CreditEngine'*/[0m
  [1m[36mTRANSACTION (0.1ms)[0m  [1m[35mRELEASE SAVEPOINT active_record_1 /*application='CreditEngine'*/[0m
  [1m[36mTRANSACTION (0.1ms)[0m  [1m[35mSAVEPOINT active_record_1 /*application='CreditEngine'*/[0m
  [1m[36mExchangeRate Exists? (1.2ms)[0m  [1m[34mSELECT 1 AS one FROM "exchange_rates" WHERE "exchange_rates"."reference_date" = '2026-06-08' AND "exchange_rates"."from_currency_id" = 57 AND "exchange_rates"."to_currency_id" = 58 LIMIT 1 /*application='CreditEngine'*/[0m
  [1m[36mExchangeRate Create (0.2ms)[0m  [1m[32mINSERT INTO "exchange_rates" ("from_currency_id", "to_currency_id", "rate", "reference_date", "created_at", "updated_at") VALUES (57, 58, 0.2, '2026-06-08', '2026-06-08 13:24:46.907054', '2026-06-08 13:24:46.907054') RETURNING "id" /*application='CreditEngine'*/[0m
  [1m[36mTRANSACTION (0.1ms)[0m  [1m[35mRELEASE SAVEPOINT active_record_1 /*application='CreditEngine'*/[0m
  [1m[36mTRANSACTION (0.1ms)[0m  [1m[35mSAVEPOINT active_record_1 /*application='CreditEngine'*/[0m
  [1m[36mReceivableType Exists? (1.1ms)[0m  [1m[34mSELECT 1 AS one FROM "receivable_types" WHERE LOWER("receivable_types"."code") = LOWER('duplicata') LIMIT 1 /*application='CreditEngine'*/[0m
  [1m[36mReceivableType Create (0.1ms)[0m  [1m[32mINSERT INTO "receivable_types" ("name", "code", "base_spread", "created_at", "updated_at") VALUES ('Duplicata Mercantil', 'duplicata', 0.015, '2026-06-08 13:24:46.911146', '2026-06-08 13:24:46.911146') RETURNING "id" /*application='CreditEngine'*/[0m
  [1m[36mTRANSACTION (0.1ms)[0m  [1m[35mRELEASE SAVEPOINT active_record_1 /*application='CreditEngine'*/[0m
  [1m[36mTRANSACTION (0.1ms)[0m  [1m[35mSAVEPOINT active_record_1 /*application='CreditEngine'*/[0m
  [1m[36mReceivableType Exists? (1.1ms)[0m  [1m[34mSELECT 1 AS one FROM "receivable_types" WHERE LOWER("receivable_types"."code") = LOWER('cheque') LIMIT 1 /*application='CreditEngine'*/[0m
  [1m[36mReceivableType Create (0.1ms)[0m  [1m[32mINSERT INTO "receivable_types" ("name", "code", "base_spread", "created_at", "updated_at") VALUES ('Cheque Pré-datado', 'cheque', 0.025, '2026-06-08 13:24:46.915154', '2026-06-08 13:24:46.915154') RETURNING "id" /*application='CreditEngine'*/[0m
  [1m[36mTRANSACTION (0.1ms)[0m  [1m[35mRELEASE SAVEPOINT active_record_1 /*application='CreditEngine'*/[0m
  [1m[36mReceivable Count (0.1ms)[0m  [1m[34mSELECT COUNT(*) FROM "receivables" /*application='CreditEngine'*/[0m
  [1m[36mOperation Count (0.1ms)[0m  [1m[34mSELECT COUNT(*) FROM "operations" /*application='CreditEngine'*/[0m
[ActionDispatch::HostAuthorization::DefaultResponseApp] Blocked hosts: www.example.com
  [1m[36mOperation Count (0.1ms)[0m  [1m[34mSELECT COUNT(*) FROM "operations" /*application='CreditEngine'*/[0m
  [1m[36mReceivable Count (0.1ms)[0m  [1m[34mSELECT COUNT(*) FROM "receivables" /*application='CreditEngine'*/[0m
  [1m[36mTRANSACTION (0.2ms)[0m  [1m[31mROLLBACK /*application='CreditEngine'*/[0m
  [1m[36mTRANSACTION (0.1ms)[0m  [1m[35mBEGIN /*application='CreditEngine'*/[0m
  [1m[36mReceivable Delete All (0.2ms)[0m  [1m[31mDELETE FROM "receivables" /*application='CreditEngine'*/[0m
  [1m[36mOperation Delete All (0.1ms)[0m  [1m[31mDELETE FROM "operations" /*application='CreditEngine'*/[0m
  [1m[36mExchangeRate Delete All (0.1ms)[0m  [1m[31mDELETE FROM "exchange_rates" /*application='CreditEngine'*/[0m
  [1m[36mReceivableType Delete All (0.3ms)[0m  [1m[31mDELETE FROM "receivable_types" /*application='CreditEngine'*/[0m
  [1m[36mCurrency Delete All (0.5ms)[0m  [1m[31mDELETE FROM "currencies" /*application='CreditEngine'*/[0m
  [1m[36mTRANSACTION (0.1ms)[0m  [1m[35mSAVEPOINT active_record_1 /*application='CreditEngine'*/[0m
  [1m[36mCurrency Exists? (2.1ms)[0m  [1m[34mSELECT 1 AS one FROM "currencies" WHERE LOWER("currencies"."code") = LOWER('BRL') LIMIT 1 /*application='CreditEngine'*/[0m
  [1m[36mCurrency Create (0.2ms)[0m  [1m[32mINSERT INTO "currencies" ("code", "name", "symbol", "created_at", "updated_at") VALUES ('BRL', 'Real', 'R$', '2026-06-08 13:24:46.970473', '2026-06-08 13:24:46.970473') RETURNING "id" /*application='CreditEngine'*/[0m
  [1m[36mTRANSACTION (0.1ms)[0m  [1m[35mRELEASE SAVEPOINT active_record_1 /*application='CreditEngine'*/[0m
  [1m[36mTRANSACTION (0.1ms)[0m  [1m[35mSAVEPOINT active_record_1 /*application='CreditEngine'*/[0m
  [1m[36mCurrency Exists? (1.1ms)[0m  [1m[34mSELECT 1 AS one FROM "currencies" WHERE LOWER("currencies"."code") = LOWER('USD') LIMIT 1 /*application='CreditEngine'*/[0m
  [1m[36mCurrency Create (0.1ms)[0m  [1m[32mINSERT INTO "currencies" ("code", "name", "symbol", "created_at", "updated_at") VALUES ('USD', 'Dollar', '$', '2026-06-08 13:24:46.974697', '2026-06-08 13:24:46.974697') RETURNING "id" /*application='CreditEngine'*/[0m
  [1m[36mTRANSACTION (0.1ms)[0m  [1m[35mRELEASE SAVEPOINT active_record_1 /*application='CreditEngine'*/[0m
  [1m[36mTRANSACTION (0.1ms)[0m  [1m[35mSAVEPOINT active_record_1 /*application='CreditEngine'*/[0m
  [1m[36mExchangeRate Exists? (1.0ms)[0m  [1m[34mSELECT 1 AS one FROM "exchange_rates" WHERE "exchange_rates"."reference_date" = '2026-06-08' AND "exchange_rates"."from_currency_id" = 60 AND "exchange_rates"."to_currency_id" = 59 LIMIT 1 /*application='CreditEngine'*/[0m
  [1m[36mExchangeRate Create (0.2ms)[0m  [1m[32mINSERT INTO "exchange_rates" ("from_currency_id", "to_currency_id", "rate", "reference_date", "created_at", "updated_at") VALUES (60, 59, 5.0, '2026-06-08', '2026-06-08 13:24:46.979367', '2026-06-08 13:24:46.979367') RETURNING "id" /*application='CreditEngine'*/[0m
  [1m[36mTRANSACTION (0.1ms)[0m  [1m[35mRELEASE SAVEPOINT active_record_1 /*application='CreditEngine'*/[0m
  [1m[36mTRANSACTION (0.1ms)[0m  [1m[35mSAVEPOINT active_record_1 /*application='CreditEngine'*/[0m
  [1m[36mExchangeRate Exists? (1.2ms)[0m  [1m[34mSELECT 1 AS one FROM "exchange_rates" WHERE "exchange_rates"."reference_date" = '2026-06-08' AND "exchange_rates"."from_currency_id" = 59 AND "exchange_rates"."to_currency_id" = 60 LIMIT 1 /*application='CreditEngine'*/[0m
  [1m[36mExchangeRate Create (0.3ms)[0m  [1m[32mINSERT INTO "exchange_rates" ("from_currency_id", "to_currency_id", "rate", "reference_date", "created_at", "updated_at") VALUES (59, 60, 0.2, '2026-06-08', '2026-06-08 13:24:46.984757', '2026-06-08 13:24:46.984757') RETURNING "id" /*application='CreditEngine'*/[0m
  [1m[36mTRANSACTION (0.1ms)[0m  [1m[35mRELEASE SAVEPOINT active_record_1 /*application='CreditEngine'*/[0m
  [1m[36mTRANSACTION (0.1ms)[0m  [1m[35mSAVEPOINT active_record_1 /*application='CreditEngine'*/[0m
  [1m[36mReceivableType Exists? (1.1ms)[0m  [1m[34mSELECT 1 AS one FROM "receivable_types" WHERE LOWER("receivable_types"."code") = LOWER('duplicata') LIMIT 1 /*application='CreditEngine'*/[0m
  [1m[36mReceivableType Create (0.2ms)[0m  [1m[32mINSERT INTO "receivable_types" ("name", "code", "base_spread", "created_at", "updated_at") VALUES ('Duplicata Mercantil', 'duplicata', 0.015, '2026-06-08 13:24:46.989495', '2026-06-08 13:24:46.989495') RETURNING "id" /*application='CreditEngine'*/[0m
  [1m[36mTRANSACTION (0.1ms)[0m  [1m[35mRELEASE SAVEPOINT active_record_1 /*application='CreditEngine'*/[0m
  [1m[36mTRANSACTION (0.1ms)[0m  [1m[35mSAVEPOINT active_record_1 /*application='CreditEngine'*/[0m
  [1m[36mReceivableType Exists? (1.1ms)[0m  [1m[34mSELECT 1 AS one FROM "receivable_types" WHERE LOWER("receivable_types"."code") = LOWER('cheque') LIMIT 1 /*application='CreditEngine'*/[0m
  [1m[36mReceivableType Create (0.1ms)[0m  [1m[32mINSERT INTO "receivable_types" ("name", "code", "base_spread", "created_at", "updated_at") VALUES ('Cheque Pré-datado', 'cheque', 0.025, '2026-06-08 13:24:46.994372', '2026-06-08 13:24:46.994372') RETURNING "id" /*application='CreditEngine'*/[0m
  [1m[36mTRANSACTION (0.1ms)[0m  [1m[35mRELEASE SAVEPOINT active_record_1 /*application='CreditEngine'*/[0m
  [1m[36mOperation Count (0.1ms)[0m  [1m[34mSELECT COUNT(*) FROM "operations" /*application='CreditEngine'*/[0m
  [1m[36mReceivable Count (0.2ms)[0m  [1m[34mSELECT COUNT(*) FROM "receivables" /*application='CreditEngine'*/[0m
[ActionDispatch::HostAuthorization::DefaultResponseApp] Blocked hosts: www.example.com
  [1m[36mOperation Count (0.1ms)[0m  [1m[34mSELECT COUNT(*) FROM "operations" /*application='CreditEngine'*/[0m
  [1m[36mReceivable Count (0.1ms)[0m  [1m[34mSELECT COUNT(*) FROM "receivables" /*application='CreditEngine'*/[0m
  [1m[36mTRANSACTION (0.1ms)[0m  [1m[31mROLLBACK /*application='CreditEngine'*/[0m
  [1m[36mTRANSACTION (0.1ms)[0m  [1m[35mBEGIN /*application='CreditEngine'*/[0m
  [1m[36mReceivable Delete All (0.1ms)[0m  [1m[31mDELETE FROM "receivables" /*application='CreditEngine'*/[0m
  [1m[36mOperation Delete All (0.1ms)[0m  [1m[31mDELETE FROM "operations" /*application='CreditEngine'*/[0m
  [1m[36mExchangeRate Delete All (0.1ms)[0m  [1m[31mDELETE FROM "exchange_rates" /*application='CreditEngine'*/[0m
  [1m[36mReceivableType Delete All (0.2ms)[0m  [1m[31mDELETE FROM "receivable_types" /*application='CreditEngine'*/[0m
  [1m[36mCurrency Delete All (0.2ms)[0m  [1m[31mDELETE FROM "currencies" /*application='CreditEngine'*/[0m
  [1m[36mTRANSACTION (0.1ms)[0m  [1m[35mSAVEPOINT active_record_1 /*application='CreditEngine'*/[0m
  [1m[36mCurrency Exists? (1.0ms)[0m  [1m[34mSELECT 1 AS one FROM "currencies" WHERE LOWER("currencies"."code") = LOWER('BRL') LIMIT 1 /*application='CreditEngine'*/[0m
  [1m[36mCurrency Create (0.1ms)[0m  [1m[32mINSERT INTO "currencies" ("code", "name", "symbol", "created_at", "updated_at") VALUES ('BRL', 'Real', 'R$', '2026-06-08 13:24:47.012046', '2026-06-08 13:24:47.012046') RETURNING "id" /*application='CreditEngine'*/[0m
  [1m[36mTRANSACTION (0.1ms)[0m  [1m[35mRELEASE SAVEPOINT active_record_1 /*application='CreditEngine'*/[0m
  [1m[36mTRANSACTION (0.1ms)[0m  [1m[35mSAVEPOINT active_record_1 /*application='CreditEngine'*/[0m
  [1m[36mCurrency Exists? (1.1ms)[0m  [1m[34mSELECT 1 AS one FROM "currencies" WHERE LOWER("currencies"."code") = LOWER('USD') LIMIT 1 /*application='CreditEngine'*/[0m
  [1m[36mCurrency Create (0.1ms)[0m  [1m[32mINSERT INTO "currencies" ("code", "name", "symbol", "created_at", "updated_at") VALUES ('USD', 'Dollar', '$', '2026-06-08 13:24:47.016873', '2026-06-08 13:24:47.016873') RETURNING "id" /*application='CreditEngine'*/[0m
  [1m[36mTRANSACTION (0.1ms)[0m  [1m[35mRELEASE SAVEPOINT active_record_1 /*application='CreditEngine'*/[0m
  [1m[36mTRANSACTION (0.1ms)[0m  [1m[35mSAVEPOINT active_record_1 /*application='CreditEngine'*/[0m
  [1m[36mExchangeRate Exists? (2.0ms)[0m  [1m[34mSELECT 1 AS one FROM "exchange_rates" WHERE "exchange_rates"."reference_date" = '2026-06-08' AND "exchange_rates"."from_currency_id" = 62 AND "exchange_rates"."to_currency_id" = 61 LIMIT 1 /*application='CreditEngine'*/[0m
  [1m[36mExchangeRate Create (0.2ms)[0m  [1m[32mINSERT INTO "exchange_rates" ("from_currency_id", "to_currency_id", "rate", "reference_date", "created_at", "updated_at") VALUES (62, 61, 5.0, '2026-06-08', '2026-06-08 13:24:47.021921', '2026-06-08 13:24:47.021921') RETURNING "id" /*application='CreditEngine'*/[0m
  [1m[36mTRANSACTION (0.1ms)[0m  [1m[35mRELEASE SAVEPOINT active_record_1 /*application='CreditEngine'*/[0m
  [1m[36mTRANSACTION (0.1ms)[0m  [1m[35mSAVEPOINT active_record_1 /*application='CreditEngine'*/[0m
  [1m[36mExchangeRate Exists? (1.0ms)[0m  [1m[34mSELECT 1 AS one FROM "exchange_rates" WHERE "exchange_rates"."reference_date" = '2026-06-08' AND "exchange_rates"."from_currency_id" = 61 AND "exchange_rates"."to_currency_id" = 62 LIMIT 1 /*application='CreditEngine'*/[0m
  [1m[36mExchangeRate Create (0.2ms)[0m  [1m[32mINSERT INTO "exchange_rates" ("from_currency_id", "to_currency_id", "rate", "reference_date", "created_at", "updated_at") VALUES (61, 62, 0.2, '2026-06-08', '2026-06-08 13:24:47.026550', '2026-06-08 13:24:47.026550') RETURNING "id" /*application='CreditEngine'*/[0m
  [1m[36mTRANSACTION (0.1ms)[0m  [1m[35mRELEASE SAVEPOINT active_record_1 /*application='CreditEngine'*/[0m
  [1m[36mTRANSACTION (0.1ms)[0m  [1m[35mSAVEPOINT active_record_1 /*application='CreditEngine'*/[0m
  [1m[36mReceivableType Exists? (1.3ms)[0m  [1m[34mSELECT 1 AS one FROM "receivable_types" WHERE LOWER("receivable_types"."code") = LOWER('duplicata') LIMIT 1 /*application='CreditEngine'*/[0m
  [1m[36mReceivableType Create (0.2ms)[0m  [1m[32mINSERT INTO "receivable_types" ("name", "code", "base_spread", "created_at", "updated_at") VALUES ('Duplicata Mercantil', 'duplicata', 0.015, '2026-06-08 13:24:47.031477', '2026-06-08 13:24:47.031477') RETURNING "id" /*application='CreditEngine'*/[0m
  [1m[36mTRANSACTION (0.1ms)[0m  [1m[35mRELEASE SAVEPOINT active_record_1 /*application='CreditEngine'*/[0m
  [1m[36mTRANSACTION (0.1ms)[0m  [1m[35mSAVEPOINT active_record_1 /*application='CreditEngine'*/[0m
  [1m[36mReceivableType Exists? (1.0ms)[0m  [1m[34mSELECT 1 AS one FROM "receivable_types" WHERE LOWER("receivable_types"."code") = LOWER('cheque') LIMIT 1 /*application='CreditEngine'*/[0m
  [1m[36mReceivableType Create (0.1ms)[0m  [1m[32mINSERT INTO "receivable_types" ("name", "code", "base_spread", "created_at", "updated_at") VALUES ('Cheque Pré-datado', 'cheque', 0.025, '2026-06-08 13:24:47.035446', '2026-06-08 13:24:47.035446') RETURNING "id" /*application='CreditEngine'*/[0m
  [1m[36mTRANSACTION (0.1ms)[0m  [1m[35mRELEASE SAVEPOINT active_record_1 /*application='CreditEngine'*/[0m
  [1m[36mReceivableType Load (0.3ms)[0m  [1m[34mSELECT "receivable_types".* FROM "receivable_types" WHERE "receivable_types"."code" = 'duplicata' LIMIT 1 /*application='CreditEngine'*/[0m
  ↳ app/services/pricing_engine/calculator.rb:21:in 'PricingEngine::Calculator.calculate_receivable'
  [1m[36mCurrency Load (0.1ms)[0m  [1m[34mSELECT "currencies".* FROM "currencies" WHERE "currencies"."code" = 'BRL' LIMIT 1 /*application='CreditEngine'*/[0m
  ↳ app/services/pricing_engine/calculator.rb:60:in 'PricingEngine::Calculator.calculate_receivable'
  [1m[36mTRANSACTION (0.1ms)[0m  [1m[31mROLLBACK /*application='CreditEngine'*/[0m
  [1m[36mTRANSACTION (0.1ms)[0m  [1m[35mBEGIN /*application='CreditEngine'*/[0m
  [1m[36mReceivable Delete All (0.1ms)[0m  [1m[31mDELETE FROM "receivables" /*application='CreditEngine'*/[0m
  [1m[36mOperation Delete All (0.1ms)[0m  [1m[31mDELETE FROM "operations" /*application='CreditEngine'*/[0m
  [1m[36mExchangeRate Delete All (0.1ms)[0m  [1m[31mDELETE FROM "exchange_rates" /*application='CreditEngine'*/[0m
  [1m[36mReceivableType Delete All (0.1ms)[0m  [1m[31mDELETE FROM "receivable_types" /*application='CreditEngine'*/[0m
  [1m[36mCurrency Delete All (0.2ms)[0m  [1m[31mDELETE FROM "currencies" /*application='CreditEngine'*/[0m
  [1m[36mTRANSACTION (0.1ms)[0m  [1m[35mSAVEPOINT active_record_1 /*application='CreditEngine'*/[0m
  [1m[36mCurrency Exists? (1.1ms)[0m  [1m[34mSELECT 1 AS one FROM "currencies" WHERE LOWER("currencies"."code") = LOWER('BRL') LIMIT 1 /*application='CreditEngine'*/[0m
  [1m[36mCurrency Create (0.2ms)[0m  [1m[32mINSERT INTO "currencies" ("code", "name", "symbol", "created_at", "updated_at") VALUES ('BRL', 'Real', 'R$', '2026-06-08 13:24:47.047635', '2026-06-08 13:24:47.047635') RETURNING "id" /*application='CreditEngine'*/[0m
  [1m[36mTRANSACTION (0.1ms)[0m  [1m[35mRELEASE SAVEPOINT active_record_1 /*application='CreditEngine'*/[0m
  [1m[36mTRANSACTION (0.1ms)[0m  [1m[35mSAVEPOINT active_record_1 /*application='CreditEngine'*/[0m
  [1m[36mCurrency Exists? (1.1ms)[0m  [1m[34mSELECT 1 AS one FROM "currencies" WHERE LOWER("currencies"."code") = LOWER('USD') LIMIT 1 /*application='CreditEngine'*/[0m
  [1m[36mCurrency Create (0.1ms)[0m  [1m[32mINSERT INTO "currencies" ("code", "name", "symbol", "created_at", "updated_at") VALUES ('USD', 'Dollar', '$', '2026-06-08 13:24:47.051847', '2026-06-08 13:24:47.051847') RETURNING "id" /*application='CreditEngine'*/[0m
  [1m[36mTRANSACTION (0.1ms)[0m  [1m[35mRELEASE SAVEPOINT active_record_1 /*application='CreditEngine'*/[0m
  [1m[36mTRANSACTION (0.1ms)[0m  [1m[35mSAVEPOINT active_record_1 /*application='CreditEngine'*/[0m
  [1m[36mExchangeRate Exists? (1.2ms)[0m  [1m[34mSELECT 1 AS one FROM "exchange_rates" WHERE "exchange_rates"."reference_date" = '2026-06-08' AND "exchange_rates"."from_currency_id" = 64 AND "exchange_rates"."to_currency_id" = 63 LIMIT 1 /*application='CreditEngine'*/[0m
  [1m[36mExchangeRate Create (0.2ms)[0m  [1m[32mINSERT INTO "exchange_rates" ("from_currency_id", "to_currency_id", "rate", "reference_date", "created_at", "updated_at") VALUES (64, 63, 5.0, '2026-06-08', '2026-06-08 13:24:47.056229', '2026-06-08 13:24:47.056229') RETURNING "id" /*application='CreditEngine'*/[0m
  [1m[36mTRANSACTION (0.1ms)[0m  [1m[35mRELEASE SAVEPOINT active_record_1 /*application='CreditEngine'*/[0m
  [1m[36mTRANSACTION (0.1ms)[0m  [1m[35mSAVEPOINT active_record_1 /*application='CreditEngine'*/[0m
  [1m[36mExchangeRate Exists? (1.1ms)[0m  [1m[34mSELECT 1 AS one FROM "exchange_rates" WHERE "exchange_rates"."reference_date" = '2026-06-08' AND "exchange_rates"."from_currency_id" = 63 AND "exchange_rates"."to_currency_id" = 64 LIMIT 1 /*application='CreditEngine'*/[0m
  [1m[36mExchangeRate Create (0.1ms)[0m  [1m[32mINSERT INTO "exchange_rates" ("from_currency_id", "to_currency_id", "rate", "reference_date", "created_at", "updated_at") VALUES (63, 64, 0.2, '2026-06-08', '2026-06-08 13:24:47.060316', '2026-06-08 13:24:47.060316') RETURNING "id" /*application='CreditEngine'*/[0m
  [1m[36mTRANSACTION (0.1ms)[0m  [1m[35mRELEASE SAVEPOINT active_record_1 /*application='CreditEngine'*/[0m
  [1m[36mTRANSACTION (0.1ms)[0m  [1m[35mSAVEPOINT active_record_1 /*application='CreditEngine'*/[0m
  [1m[36mReceivableType Exists? (1.1ms)[0m  [1m[34mSELECT 1 AS one FROM "receivable_types" WHERE LOWER("receivable_types"."code") = LOWER('duplicata') LIMIT 1 /*application='CreditEngine'*/[0m
  [1m[36mReceivableType Create (0.2ms)[0m  [1m[32mINSERT INTO "receivable_types" ("name", "code", "base_spread", "created_at", "updated_at") VALUES ('Duplicata Mercantil', 'duplicata', 0.015, '2026-06-08 13:24:47.064395', '2026-06-08 13:24:47.064395') RETURNING "id" /*application='CreditEngine'*/[0m
  [1m[36mTRANSACTION (0.1ms)[0m  [1m[35mRELEASE SAVEPOINT active_record_1 /*application='CreditEngine'*/[0m
  [1m[36mTRANSACTION (0.1ms)[0m  [1m[35mSAVEPOINT active_record_1 /*application='CreditEngine'*/[0m
  [1m[36mReceivableType Exists? (1.0ms)[0m  [1m[34mSELECT 1 AS one FROM "receivable_types" WHERE LOWER("receivable_types"."code") = LOWER('cheque') LIMIT 1 /*application='CreditEngine'*/[0m
  [1m[36mReceivableType Create (0.1ms)[0m  [1m[32mINSERT INTO "receivable_types" ("name", "code", "base_spread", "created_at", "updated_at") VALUES ('Cheque Pré-datado', 'cheque', 0.025, '2026-06-08 13:24:47.068198', '2026-06-08 13:24:47.068198') RETURNING "id" /*application='CreditEngine'*/[0m
  [1m[36mTRANSACTION (0.1ms)[0m  [1m[35mRELEASE SAVEPOINT active_record_1 /*application='CreditEngine'*/[0m
  [1m[36mReceivableType Load (0.1ms)[0m  [1m[34mSELECT "receivable_types".* FROM "receivable_types" WHERE "receivable_types"."code" = 'cheque' LIMIT 1 /*application='CreditEngine'*/[0m
  ↳ app/services/pricing_engine/calculator.rb:21:in 'PricingEngine::Calculator.calculate_receivable'
  [1m[36mCurrency Load (0.1ms)[0m  [1m[34mSELECT "currencies".* FROM "currencies" WHERE "currencies"."code" = 'BRL' LIMIT 1 /*application='CreditEngine'*/[0m
  ↳ app/services/pricing_engine/calculator.rb:60:in 'PricingEngine::Calculator.calculate_receivable'
  [1m[36mTRANSACTION (0.1ms)[0m  [1m[31mROLLBACK /*application='CreditEngine'*/[0m
  [1m[36mTRANSACTION (0.1ms)[0m  [1m[35mBEGIN /*application='CreditEngine'*/[0m
  [1m[36mReceivable Delete All (0.1ms)[0m  [1m[31mDELETE FROM "receivables" /*application='CreditEngine'*/[0m
  [1m[36mOperation Delete All (0.1ms)[0m  [1m[31mDELETE FROM "operations" /*application='CreditEngine'*/[0m
  [1m[36mExchangeRate Delete All (0.1ms)[0m  [1m[31mDELETE FROM "exchange_rates" /*application='CreditEngine'*/[0m
  [1m[36mReceivableType Delete All (0.1ms)[0m  [1m[31mDELETE FROM "receivable_types" /*application='CreditEngine'*/[0m
  [1m[36mCurrency Delete All (0.2ms)[0m  [1m[31mDELETE FROM "currencies" /*application='CreditEngine'*/[0m
  [1m[36mTRANSACTION (0.1ms)[0m  [1m[35mSAVEPOINT active_record_1 /*application='CreditEngine'*/[0m
  [1m[36mCurrency Exists? (1.0ms)[0m  [1m[34mSELECT 1 AS one FROM "currencies" WHERE LOWER("currencies"."code") = LOWER('BRL') LIMIT 1 /*application='CreditEngine'*/[0m
  [1m[36mCurrency Create (0.1ms)[0m  [1m[32mINSERT INTO "currencies" ("code", "name", "symbol", "created_at", "updated_at") VALUES ('BRL', 'Real', 'R$', '2026-06-08 13:24:47.078681', '2026-06-08 13:24:47.078681') RETURNING "id" /*application='CreditEngine'*/[0m
  [1m[36mTRANSACTION (0.1ms)[0m  [1m[35mRELEASE SAVEPOINT active_record_1 /*application='CreditEngine'*/[0m
  [1m[36mTRANSACTION (0.1ms)[0m  [1m[35mSAVEPOINT active_record_1 /*application='CreditEngine'*/[0m
  [1m[36mCurrency Exists? (1.0ms)[0m  [1m[34mSELECT 1 AS one FROM "currencies" WHERE LOWER("currencies"."code") = LOWER('USD') LIMIT 1 /*application='CreditEngine'*/[0m
  [1m[36mCurrency Create (0.1ms)[0m  [1m[32mINSERT INTO "currencies" ("code", "name", "symbol", "created_at", "updated_at") VALUES ('USD', 'Dollar', '$', '2026-06-08 13:24:47.082658', '2026-06-08 13:24:47.082658') RETURNING "id" /*application='CreditEngine'*/[0m
  [1m[36mTRANSACTION (0.1ms)[0m  [1m[35mRELEASE SAVEPOINT active_record_1 /*application='CreditEngine'*/[0m
  [1m[36mTRANSACTION (0.1ms)[0m  [1m[35mSAVEPOINT active_record_1 /*application='CreditEngine'*/[0m
  [1m[36mExchangeRate Exists? (1.0ms)[0m  [1m[34mSELECT 1 AS one FROM "exchange_rates" WHERE "exchange_rates"."reference_date" = '2026-06-08' AND "exchange_rates"."from_currency_id" = 66 AND "exchange_rates"."to_currency_id" = 65 LIMIT 1 /*application='CreditEngine'*/[0m
  [1m[36mExchangeRate Create (0.2ms)[0m  [1m[32mINSERT INTO "exchange_rates" ("from_currency_id", "to_currency_id", "rate", "reference_date", "created_at", "updated_at") VALUES (66, 65, 5.0, '2026-06-08', '2026-06-08 13:24:47.086726', '2026-06-08 13:24:47.086726') RETURNING "id" /*application='CreditEngine'*/[0m
  [1m[36mTRANSACTION (0.1ms)[0m  [1m[35mRELEASE SAVEPOINT active_record_1 /*application='CreditEngine'*/[0m
  [1m[36mTRANSACTION (0.1ms)[0m  [1m[35mSAVEPOINT active_record_1 /*application='CreditEngine'*/[0m
  [1m[36mExchangeRate Exists? (1.1ms)[0m  [1m[34mSELECT 1 AS one FROM "exchange_rates" WHERE "exchange_rates"."reference_date" = '2026-06-08' AND "exchange_rates"."from_currency_id" = 65 AND "exchange_rates"."to_currency_id" = 66 LIMIT 1 /*application='CreditEngine'*/[0m
  [1m[36mExchangeRate Create (0.2ms)[0m  [1m[32mINSERT INTO "exchange_rates" ("from_currency_id", "to_currency_id", "rate", "reference_date", "created_at", "updated_at") VALUES (65, 66, 0.2, '2026-06-08', '2026-06-08 13:24:47.090829', '2026-06-08 13:24:47.090829') RETURNING "id" /*application='CreditEngine'*/[0m
  [1m[36mTRANSACTION (0.1ms)[0m  [1m[35mRELEASE SAVEPOINT active_record_1 /*application='CreditEngine'*/[0m
  [1m[36mTRANSACTION (0.1ms)[0m  [1m[35mSAVEPOINT active_record_1 /*application='CreditEngine'*/[0m
  [1m[36mReceivableType Exists? (1.1ms)[0m  [1m[34mSELECT 1 AS one FROM "receivable_types" WHERE LOWER("receivable_types"."code") = LOWER('duplicata') LIMIT 1 /*application='CreditEngine'*/[0m
  [1m[36mReceivableType Create (0.2ms)[0m  [1m[32mINSERT INTO "receivable_types" ("name", "code", "base_spread", "created_at", "updated_at") VALUES ('Duplicata Mercantil', 'duplicata', 0.015, '2026-06-08 13:24:47.095364', '2026-06-08 13:24:47.095364') RETURNING "id" /*application='CreditEngine'*/[0m
  [1m[36mTRANSACTION (0.1ms)[0m  [1m[35mRELEASE SAVEPOINT active_record_1 /*application='CreditEngine'*/[0m
  [1m[36mTRANSACTION (0.1ms)[0m  [1m[35mSAVEPOINT active_record_1 /*application='CreditEngine'*/[0m
  [1m[36mReceivableType Exists? (1.1ms)[0m  [1m[34mSELECT 1 AS one FROM "receivable_types" WHERE LOWER("receivable_types"."code") = LOWER('cheque') LIMIT 1 /*application='CreditEngine'*/[0m
  [1m[36mReceivableType Create (0.1ms)[0m  [1m[32mINSERT INTO "receivable_types" ("name", "code", "base_spread", "created_at", "updated_at") VALUES ('Cheque Pré-datado', 'cheque', 0.025, '2026-06-08 13:24:47.099919', '2026-06-08 13:24:47.099919') RETURNING "id" /*application='CreditEngine'*/[0m
  [1m[36mTRANSACTION (0.1ms)[0m  [1m[35mRELEASE SAVEPOINT active_record_1 /*application='CreditEngine'*/[0m
  [1m[36mReceivableType Load (0.1ms)[0m  [1m[34mSELECT "receivable_types".* FROM "receivable_types" WHERE "receivable_types"."code" = 'duplicata' LIMIT 1 /*application='CreditEngine'*/[0m
  ↳ app/services/pricing_engine/calculator.rb:21:in 'PricingEngine::Calculator.calculate_receivable'
  [1m[36mCurrency Load (0.1ms)[0m  [1m[34mSELECT "currencies".* FROM "currencies" WHERE "currencies"."code" = 'BRL' LIMIT 1 /*application='CreditEngine'*/[0m
  ↳ app/services/pricing_engine/calculator.rb:98:in 'PricingEngine::Calculator.find_exchange_rate'
  [1m[36mCurrency Load (0.1ms)[0m  [1m[34mSELECT "currencies".* FROM "currencies" WHERE "currencies"."code" = 'USD' LIMIT 1 /*application='CreditEngine'*/[0m
  ↳ app/services/pricing_engine/calculator.rb:99:in 'PricingEngine::Calculator.find_exchange_rate'
  [1m[36mExchangeRate Load (0.3ms)[0m  [1m[34mSELECT "exchange_rates".* FROM "exchange_rates" WHERE "exchange_rates"."from_currency_id" = 65 AND "exchange_rates"."to_currency_id" = 66 AND (reference_date <= '2026-06-08') ORDER BY "exchange_rates"."reference_date" DESC LIMIT 1 /*application='CreditEngine'*/[0m
  ↳ app/services/pricing_engine/calculator.rb:108:in 'PricingEngine::Calculator.find_exchange_rate'
  [1m[36mCurrency Load (0.1ms)[0m  [1m[34mSELECT "currencies".* FROM "currencies" WHERE "currencies"."code" = 'BRL' LIMIT 1 /*application='CreditEngine'*/[0m
  ↳ app/services/pricing_engine/calculator.rb:60:in 'PricingEngine::Calculator.calculate_receivable'
  [1m[36mTRANSACTION (0.1ms)[0m  [1m[31mROLLBACK /*application='CreditEngine'*/[0m
  [1m[36mTRANSACTION (0.0ms)[0m  [1m[35mBEGIN /*application='CreditEngine'*/[0m
  [1m[36mReceivable Delete All (0.1ms)[0m  [1m[31mDELETE FROM "receivables" /*application='CreditEngine'*/[0m
  [1m[36mOperation Delete All (0.1ms)[0m  [1m[31mDELETE FROM "operations" /*application='CreditEngine'*/[0m
  [1m[36mExchangeRate Delete All (0.1ms)[0m  [1m[31mDELETE FROM "exchange_rates" /*application='CreditEngine'*/[0m
  [1m[36mReceivableType Delete All (0.1ms)[0m  [1m[31mDELETE FROM "receivable_types" /*application='CreditEngine'*/[0m
  [1m[36mCurrency Delete All (0.2ms)[0m  [1m[31mDELETE FROM "currencies" /*application='CreditEngine'*/[0m
  [1m[36mTRANSACTION (0.1ms)[0m  [1m[35mSAVEPOINT active_record_1 /*application='CreditEngine'*/[0m
  [1m[36mCurrency Exists? (1.0ms)[0m  [1m[34mSELECT 1 AS one FROM "currencies" WHERE LOWER("currencies"."code") = LOWER('BRL') LIMIT 1 /*application='CreditEngine'*/[0m
  [1m[36mCurrency Create (0.1ms)[0m  [1m[32mINSERT INTO "currencies" ("code", "name", "symbol", "created_at", "updated_at") VALUES ('BRL', 'Real', 'R$', '2026-06-08 13:24:47.112709', '2026-06-08 13:24:47.112709') RETURNING "id" /*application='CreditEngine'*/[0m
  [1m[36mTRANSACTION (0.1ms)[0m  [1m[35mRELEASE SAVEPOINT active_record_1 /*application='CreditEngine'*/[0m
  [1m[36mTRANSACTION (0.1ms)[0m  [1m[35mSAVEPOINT active_record_1 /*application='CreditEngine'*/[0m
  [1m[36mCurrency Exists? (1.0ms)[0m  [1m[34mSELECT 1 AS one FROM "currencies" WHERE LOWER("currencies"."code") = LOWER('USD') LIMIT 1 /*application='CreditEngine'*/[0m
  [1m[36mCurrency Create (0.1ms)[0m  [1m[32mINSERT INTO "currencies" ("code", "name", "symbol", "created_at", "updated_at") VALUES ('USD', 'Dollar', '$', '2026-06-08 13:24:47.116699', '2026-06-08 13:24:47.116699') RETURNING "id" /*application='CreditEngine'*/[0m
  [1m[36mTRANSACTION (0.1ms)[0m  [1m[35mRELEASE SAVEPOINT active_record_1 /*application='CreditEngine'*/[0m
  [1m[36mTRANSACTION (0.1ms)[0m  [1m[35mSAVEPOINT active_record_1 /*application='CreditEngine'*/[0m
  [1m[36mExchangeRate Exists? (1.1ms)[0m  [1m[34mSELECT 1 AS one FROM "exchange_rates" WHERE "exchange_rates"."reference_date" = '2026-06-08' AND "exchange_rates"."from_currency_id" = 68 AND "exchange_rates"."to_currency_id" = 67 LIMIT 1 /*application='CreditEngine'*/[0m
  [1m[36mExchangeRate Create (0.2ms)[0m  [1m[32mINSERT INTO "exchange_rates" ("from_currency_id", "to_currency_id", "rate", "reference_date", "created_at", "updated_at") VALUES (68, 67, 5.0, '2026-06-08', '2026-06-08 13:24:47.120787', '2026-06-08 13:24:47.120787') RETURNING "id" /*application='CreditEngine'*/[0m
  [1m[36mTRANSACTION (0.1ms)[0m  [1m[35mRELEASE SAVEPOINT active_record_1 /*application='CreditEngine'*/[0m
  [1m[36mTRANSACTION (0.1ms)[0m  [1m[35mSAVEPOINT active_record_1 /*application='CreditEngine'*/[0m
  [1m[36mExchangeRate Exists? (1.0ms)[0m  [1m[34mSELECT 1 AS one FROM "exchange_rates" WHERE "exchange_rates"."reference_date" = '2026-06-08' AND "exchange_rates"."from_currency_id" = 67 AND "exchange_rates"."to_currency_id" = 68 LIMIT 1 /*application='CreditEngine'*/[0m
  [1m[36mExchangeRate Create (0.1ms)[0m  [1m[32mINSERT INTO "exchange_rates" ("from_currency_id", "to_currency_id", "rate", "reference_date", "created_at", "updated_at") VALUES (67, 68, 0.2, '2026-06-08', '2026-06-08 13:24:47.124745', '2026-06-08 13:24:47.124745') RETURNING "id" /*application='CreditEngine'*/[0m
  [1m[36mTRANSACTION (0.1ms)[0m  [1m[35mRELEASE SAVEPOINT active_record_1 /*application='CreditEngine'*/[0m
  [1m[36mTRANSACTION (0.1ms)[0m  [1m[35mSAVEPOINT active_record_1 /*application='CreditEngine'*/[0m
  [1m[36mReceivableType Exists? (1.0ms)[0m  [1m[34mSELECT 1 AS one FROM "receivable_types" WHERE LOWER("receivable_types"."code") = LOWER('duplicata') LIMIT 1 /*application='CreditEngine'*/[0m
  [1m[36mReceivableType Create (0.1ms)[0m  [1m[32mINSERT INTO "receivable_types" ("name", "code", "base_spread", "created_at", "updated_at") VALUES ('Duplicata Mercantil', 'duplicata', 0.015, '2026-06-08 13:24:47.128420', '2026-06-08 13:24:47.128420') RETURNING "id" /*application='CreditEngine'*/[0m
  [1m[36mTRANSACTION (0.1ms)[0m  [1m[35mRELEASE SAVEPOINT active_record_1 /*application='CreditEngine'*/[0m
  [1m[36mTRANSACTION (0.1ms)[0m  [1m[35mSAVEPOINT active_record_1 /*application='CreditEngine'*/[0m
  [1m[36mReceivableType Exists? (1.1ms)[0m  [1m[34mSELECT 1 AS one FROM "receivable_types" WHERE LOWER("receivable_types"."code") = LOWER('cheque') LIMIT 1 /*application='CreditEngine'*/[0m
  [1m[36mReceivableType Create (0.1ms)[0m  [1m[32mINSERT INTO "receivable_types" ("name", "code", "base_spread", "created_at", "updated_at") VALUES ('Cheque Pré-datado', 'cheque', 0.025, '2026-06-08 13:24:47.132197', '2026-06-08 13:24:47.132197') RETURNING "id" /*application='CreditEngine'*/[0m
  [1m[36mTRANSACTION (0.1ms)[0m  [1m[35mRELEASE SAVEPOINT active_record_1 /*application='CreditEngine'*/[0m
  [1m[36mTRANSACTION (0.1ms)[0m  [1m[31mROLLBACK /*application='CreditEngine'*/[0m
  [1m[36mTRANSACTION (0.1ms)[0m  [1m[35mBEGIN /*application='CreditEngine'*/[0m
  [1m[36mReceivable Delete All (0.1ms)[0m  [1m[31mDELETE FROM "receivables" /*application='CreditEngine'*/[0m
  [1m[36mOperation Delete All (0.1ms)[0m  [1m[31mDELETE FROM "operations" /*application='CreditEngine'*/[0m
  [1m[36mExchangeRate Delete All (0.1ms)[0m  [1m[31mDELETE FROM "exchange_rates" /*application='CreditEngine'*/[0m
  [1m[36mReceivableType Delete All (0.2ms)[0m  [1m[31mDELETE FROM "receivable_types" /*application='CreditEngine'*/[0m
  [1m[36mCurrency Delete All (0.2ms)[0m  [1m[31mDELETE FROM "currencies" /*application='CreditEngine'*/[0m
  [1m[36mTRANSACTION (0.2ms)[0m  [1m[35mSAVEPOINT active_record_1 /*application='CreditEngine'*/[0m
  [1m[36mCurrency Exists? (1.3ms)[0m  [1m[34mSELECT 1 AS one FROM "currencies" WHERE LOWER("currencies"."code") = LOWER('BRL') LIMIT 1 /*application='CreditEngine'*/[0m
  [1m[36mCurrency Create (0.1ms)[0m  [1m[32mINSERT INTO "currencies" ("code", "name", "symbol", "created_at", "updated_at") VALUES ('BRL', 'Real', 'R$', '2026-06-08 13:24:47.160372', '2026-06-08 13:24:47.160372') RETURNING "id" /*application='CreditEngine'*/[0m
  [1m[36mTRANSACTION (0.1ms)[0m  [1m[35mRELEASE SAVEPOINT active_record_1 /*application='CreditEngine'*/[0m
  [1m[36mTRANSACTION (0.1ms)[0m  [1m[35mSAVEPOINT active_record_1 /*application='CreditEngine'*/[0m
  [1m[36mCurrency Exists? (2.0ms)[0m  [1m[34mSELECT 1 AS one FROM "currencies" WHERE LOWER("currencies"."code") = LOWER('USD') LIMIT 1 /*application='CreditEngine'*/[0m
  [1m[36mCurrency Create (0.1ms)[0m  [1m[32mINSERT INTO "currencies" ("code", "name", "symbol", "created_at", "updated_at") VALUES ('USD', 'Dollar', '$', '2026-06-08 13:24:47.165432', '2026-06-08 13:24:47.165432') RETURNING "id" /*application='CreditEngine'*/[0m
  [1m[36mTRANSACTION (0.1ms)[0m  [1m[35mRELEASE SAVEPOINT active_record_1 /*application='CreditEngine'*/[0m
  [1m[36mTRANSACTION (0.1ms)[0m  [1m[35mSAVEPOINT active_record_1 /*application='CreditEngine'*/[0m
  [1m[36mExchangeRate Exists? (1.9ms)[0m  [1m[34mSELECT 1 AS one FROM "exchange_rates" WHERE "exchange_rates"."reference_date" = '2026-06-08' AND "exchange_rates"."from_currency_id" = 70 AND "exchange_rates"."to_currency_id" = 69 LIMIT 1 /*application='CreditEngine'*/[0m
  [1m[36mExchangeRate Create (0.2ms)[0m  [1m[32mINSERT INTO "exchange_rates" ("from_currency_id", "to_currency_id", "rate", "reference_date", "created_at", "updated_at") VALUES (70, 69, 5.0, '2026-06-08', '2026-06-08 13:24:47.170608', '2026-06-08 13:24:47.170608') RETURNING "id" /*application='CreditEngine'*/[0m
  [1m[36mTRANSACTION (0.1ms)[0m  [1m[35mRELEASE SAVEPOINT active_record_1 /*application='CreditEngine'*/[0m
  [1m[36mTRANSACTION (0.1ms)[0m  [1m[35mSAVEPOINT active_record_1 /*application='CreditEngine'*/[0m
  [1m[36mExchangeRate Exists? (1.1ms)[0m  [1m[34mSELECT 1 AS one FROM "exchange_rates" WHERE "exchange_rates"."reference_date" = '2026-06-08' AND "exchange_rates"."from_currency_id" = 69 AND "exchange_rates"."to_currency_id" = 70 LIMIT 1 /*application='CreditEngine'*/[0m
  [1m[36mExchangeRate Create (0.2ms)[0m  [1m[32mINSERT INTO "exchange_rates" ("from_currency_id", "to_currency_id", "rate", "reference_date", "created_at", "updated_at") VALUES (69, 70, 0.2, '2026-06-08', '2026-06-08 13:24:47.175576', '2026-06-08 13:24:47.175576') RETURNING "id" /*application='CreditEngine'*/[0m
  [1m[36mTRANSACTION (0.1ms)[0m  [1m[35mRELEASE SAVEPOINT active_record_1 /*application='CreditEngine'*/[0m
  [1m[36mTRANSACTION (0.1ms)[0m  [1m[35mSAVEPOINT active_record_1 /*application='CreditEngine'*/[0m
  [1m[36mReceivableType Exists? (1.0ms)[0m  [1m[34mSELECT 1 AS one FROM "receivable_types" WHERE LOWER("receivable_types"."code") = LOWER('duplicata') LIMIT 1 /*application='CreditEngine'*/[0m
  [1m[36mReceivableType Create (0.1ms)[0m  [1m[32mINSERT INTO "receivable_types" ("name", "code", "base_spread", "created_at", "updated_at") VALUES ('Duplicata Mercantil', 'duplicata', 0.015, '2026-06-08 13:24:47.179427', '2026-06-08 13:24:47.179427') RETURNING "id" /*application='CreditEngine'*/[0m
  [1m[36mTRANSACTION (0.1ms)[0m  [1m[35mRELEASE SAVEPOINT active_record_1 /*application='CreditEngine'*/[0m
  [1m[36mTRANSACTION (0.1ms)[0m  [1m[35mSAVEPOINT active_record_1 /*application='CreditEngine'*/[0m
  [1m[36mReceivableType Exists? (1.0ms)[0m  [1m[34mSELECT 1 AS one FROM "receivable_types" WHERE LOWER("receivable_types"."code") = LOWER('cheque') LIMIT 1 /*application='CreditEngine'*/[0m
  [1m[36mReceivableType Create (0.1ms)[0m  [1m[32mINSERT INTO "receivable_types" ("name", "code", "base_spread", "created_at", "updated_at") VALUES ('Cheque Pré-datado', 'cheque', 0.025, '2026-06-08 13:24:47.184150', '2026-06-08 13:24:47.184150') RETURNING "id" /*application='CreditEngine'*/[0m
  [1m[36mTRANSACTION (0.1ms)[0m  [1m[35mRELEASE SAVEPOINT active_record_1 /*application='CreditEngine'*/[0m
  [1m[36mCurrency Load (0.3ms)[0m  [1m[34mSELECT "currencies".* FROM "currencies" WHERE "currencies"."code" = 'USD' LIMIT 1 /*application='CreditEngine'*/[0m
  ↳ app/services/pricing_engine/calculator.rb:66:in 'PricingEngine::Calculator.calculate_operation'
  [1m[36mReceivableType Load (0.1ms)[0m  [1m[34mSELECT "receivable_types".* FROM "receivable_types" WHERE "receivable_types"."code" = 'duplicata' LIMIT 1 /*application='CreditEngine'*/[0m
  ↳ app/services/pricing_engine/calculator.rb:21:in 'PricingEngine::Calculator.calculate_receivable'
  [1m[36mCurrency Load (0.1ms)[0m  [1m[34mSELECT "currencies".* FROM "currencies" WHERE "currencies"."code" = 'BRL' LIMIT 1 /*application='CreditEngine'*/[0m
  ↳ app/services/pricing_engine/calculator.rb:98:in 'PricingEngine::Calculator.find_exchange_rate'
  [1m[36mCurrency Load (0.1ms)[0m  [1m[34mSELECT "currencies".* FROM "currencies" WHERE "currencies"."code" = 'USD' LIMIT 1 /*application='CreditEngine'*/[0m
  ↳ app/services/pricing_engine/calculator.rb:99:in 'PricingEngine::Calculator.find_exchange_rate'
  [1m[36mExchangeRate Load (0.2ms)[0m  [1m[34mSELECT "exchange_rates".* FROM "exchange_rates" WHERE "exchange_rates"."from_currency_id" = 69 AND "exchange_rates"."to_currency_id" = 70 AND (reference_date <= '2026-06-08') ORDER BY "exchange_rates"."reference_date" DESC LIMIT 1 /*application='CreditEngine'*/[0m
  ↳ app/services/pricing_engine/calculator.rb:108:in 'PricingEngine::Calculator.find_exchange_rate'
  [1m[36mCurrency Load (0.1ms)[0m  [1m[34mSELECT "currencies".* FROM "currencies" WHERE "currencies"."code" = 'BRL' LIMIT 1 /*application='CreditEngine'*/[0m
  ↳ app/services/pricing_engine/calculator.rb:60:in 'PricingEngine::Calculator.calculate_receivable'
  [1m[36mReceivableType Load (0.1ms)[0m  [1m[34mSELECT "receivable_types".* FROM "receivable_types" WHERE "receivable_types"."code" = 'cheque' LIMIT 1 /*application='CreditEngine'*/[0m
  ↳ app/services/pricing_engine/calculator.rb:21:in 'PricingEngine::Calculator.calculate_receivable'
  [1m[36mCurrency Load (0.1ms)[0m  [1m[34mSELECT "currencies".* FROM "currencies" WHERE "currencies"."code" = 'BRL' LIMIT 1 /*application='CreditEngine'*/[0m
  ↳ app/services/pricing_engine/calculator.rb:98:in 'PricingEngine::Calculator.find_exchange_rate'
  [1m[36mCurrency Load (0.1ms)[0m  [1m[34mSELECT "currencies".* FROM "currencies" WHERE "currencies"."code" = 'USD' LIMIT 1 /*application='CreditEngine'*/[0m
  ↳ app/services/pricing_engine/calculator.rb:99:in 'PricingEngine::Calculator.find_exchange_rate'
  [1m[36mExchangeRate Load (0.1ms)[0m  [1m[34mSELECT "exchange_rates".* FROM "exchange_rates" WHERE "exchange_rates"."from_currency_id" = 69 AND "exchange_rates"."to_currency_id" = 70 AND (reference_date <= '2026-06-08') ORDER BY "exchange_rates"."reference_date" DESC LIMIT 1 /*application='CreditEngine'*/[0m
  ↳ app/services/pricing_engine/calculator.rb:108:in 'PricingEngine::Calculator.find_exchange_rate'
  [1m[36mCurrency Load (0.1ms)[0m  [1m[34mSELECT "currencies".* FROM "currencies" WHERE "currencies"."code" = 'BRL' LIMIT 1 /*application='CreditEngine'*/[0m
  ↳ app/services/pricing_engine/calculator.rb:60:in 'PricingEngine::Calculator.calculate_receivable'
  [1m[36mTRANSACTION (0.1ms)[0m  [1m[31mROLLBACK /*application='CreditEngine'*/[0m
  [1m[36mActiveRecord::InternalMetadata Load (0.4ms)[0m  [1m[34mSELECT * FROM "ar_internal_metadata" WHERE "ar_internal_metadata"."key" = 'schema_sha1' ORDER BY "ar_internal_metadata"."key" ASC LIMIT 1 /*application='CreditEngine'*/[0m
  [1m[36mActiveRecord::SchemaMigration Load (0.5ms)[0m  [1m[34mSELECT "schema_migrations"."version" FROM "schema_migrations" ORDER BY "schema_migrations"."version" ASC /*application='CreditEngine'*/[0m
  [1m[36mActiveRecord::InternalMetadata Load (0.4ms)[0m  [1m[34mSELECT * FROM "ar_internal_metadata" WHERE "ar_internal_metadata"."key" = 'environment' ORDER BY "ar_internal_metadata"."key" ASC LIMIT 1 /*application='CreditEngine'*/[0m
  [1m[36mActiveRecord::SchemaMigration Load (0.1ms)[0m  [1m[34mSELECT "schema_migrations"."version" FROM "schema_migrations" ORDER BY "schema_migrations"."version" ASC /*application='CreditEngine'*/[0m
  [1m[36mActiveRecord::InternalMetadata Load (0.1ms)[0m  [1m[34mSELECT * FROM "ar_internal_metadata" WHERE "ar_internal_metadata"."key" = 'environment' ORDER BY "ar_internal_metadata"."key" ASC LIMIT 1 /*application='CreditEngine'*/[0m
  [1m[36mActiveRecord::SchemaMigration Load (0.1ms)[0m  [1m[34mSELECT "schema_migrations"."version" FROM "schema_migrations" ORDER BY "schema_migrations"."version" ASC /*application='CreditEngine'*/[0m
  [1m[36mActiveRecord::InternalMetadata Load (0.1ms)[0m  [1m[34mSELECT * FROM "ar_internal_metadata" WHERE "ar_internal_metadata"."key" = 'environment' ORDER BY "ar_internal_metadata"."key" ASC LIMIT 1 /*application='CreditEngine'*/[0m
  [1m[35mSQL (0.1ms)[0m  [1m[35mSET search_path TO public /*application='CreditEngine'*/[0m
  [1m[35m (58.1ms)[0m  [1m[35mDROP DATABASE IF EXISTS "credit_engine_test" /*application='CreditEngine'*/[0m
  [1m[35m (39.3ms)[0m  [1m[35mCREATE DATABASE "credit_engine_test" ENCODING = 'unicode' /*application='CreditEngine'*/[0m
  [1m[35mSQL (15.1ms)[0m  [1m[35mCREATE EXTENSION IF NOT EXISTS "plpgsql" SCHEMA pg_catalog /*application='CreditEngine'*/[0m
  [1m[35m (0.1ms)[0m  [1m[35mDROP TABLE IF EXISTS "currencies" CASCADE /*application='CreditEngine'*/[0m
  [1m[35m (3.8ms)[0m  [1m[35mCREATE TABLE "currencies" ("id" bigserial primary key, "code" character varying NOT NULL, "created_at" timestamp(6) NOT NULL, "name" character varying NOT NULL, "symbol" character varying NOT NULL, "updated_at" timestamp(6) NOT NULL) /*application='CreditEngine'*/[0m
  [1m[35m (1.9ms)[0m  [1m[35mCREATE UNIQUE INDEX "index_currencies_on_code" ON "currencies" ("code") /*application='CreditEngine'*/[0m
  [1m[35m (0.1ms)[0m  [1m[35mDROP TABLE IF EXISTS "exchange_rates" CASCADE /*application='CreditEngine'*/[0m
  [1m[35m (2.4ms)[0m  [1m[35mCREATE TABLE "exchange_rates" ("id" bigserial primary key, "created_at" timestamp(6) NOT NULL, "from_currency_id" bigint NOT NULL, "rate" decimal(18,8) NOT NULL, "reference_date" date NOT NULL, "to_currency_id" bigint NOT NULL, "updated_at" timestamp(6) NOT NULL) /*application='CreditEngine'*/[0m
  [1m[35m (1.6ms)[0m  [1m[35mCREATE UNIQUE INDEX "index_exchange_rates_on_currencies_and_date" ON "exchange_rates" ("from_currency_id", "to_currency_id", "reference_date") /*application='CreditEngine'*/[0m
  [1m[35m (1.5ms)[0m  [1m[35mCREATE INDEX "index_exchange_rates_on_from_currency_id" ON "exchange_rates" ("from_currency_id") /*application='CreditEngine'*/[0m
  [1m[35m (1.6ms)[0m  [1m[35mCREATE INDEX "index_exchange_rates_on_to_currency_id" ON "exchange_rates" ("to_currency_id") /*application='CreditEngine'*/[0m
  [1m[35m (0.1ms)[0m  [1m[35mDROP TABLE IF EXISTS "operations" CASCADE /*application='CreditEngine'*/[0m
  [1m[35m (3.3ms)[0m  [1m[35mCREATE TABLE "operations" ("id" bigserial primary key, "assignee" character varying NOT NULL, "created_at" timestamp(6) NOT NULL, "payment_currency_id" bigint NOT NULL, "total_face_value" decimal(18,4) NOT NULL, "total_net_value" decimal(18,4) NOT NULL, "updated_at" timestamp(6) NOT NULL) /*application='CreditEngine'*/[0m
  [1m[35m (1.9ms)[0m  [1m[35mCREATE INDEX "index_operations_on_payment_currency_id" ON "operations" ("payment_currency_id") /*application='CreditEngine'*/[0m
  [1m[35m (0.1ms)[0m  [1m[35mDROP TABLE IF EXISTS "receivable_types" CASCADE /*application='CreditEngine'*/[0m
  [1m[35m (2.6ms)[0m  [1m[35mCREATE TABLE "receivable_types" ("id" bigserial primary key, "base_spread" decimal(6,4) NOT NULL, "code" character varying NOT NULL, "created_at" timestamp(6) NOT NULL, "name" character varying NOT NULL, "updated_at" timestamp(6) NOT NULL) /*application='CreditEngine'*/[0m
  [1m[35m (1.6ms)[0m  [1m[35mCREATE UNIQUE INDEX "index_receivable_types_on_code" ON "receivable_types" ("code") /*application='CreditEngine'*/[0m
  [1m[35m (0.1ms)[0m  [1m[35mDROP TABLE IF EXISTS "receivables" CASCADE /*application='CreditEngine'*/[0m
  [1m[35m (2.8ms)[0m  [1m[35mCREATE TABLE "receivables" ("id" bigserial primary key, "base_rate_applied" decimal(6,4) NOT NULL, "created_at" timestamp(6) NOT NULL, "currency_id" bigint NOT NULL, "days_to_maturity" integer NOT NULL, "due_date" date NOT NULL, "exchange_rate_applied" decimal(18,8), "face_value" decimal(18,4) NOT NULL, "identifier" character varying NOT NULL, "net_value" decimal(18,4) NOT NULL, "operation_id" bigint NOT NULL, "receivable_type_id" bigint NOT NULL, "spread_applied" decimal(6,4) NOT NULL, "updated_at" timestamp(6) NOT NULL) /*application='CreditEngine'*/[0m
  [1m[35m (1.8ms)[0m  [1m[35mCREATE INDEX "index_receivables_on_currency_id" ON "receivables" ("currency_id") /*application='CreditEngine'*/[0m
  [1m[35m (2.0ms)[0m  [1m[35mCREATE INDEX "index_receivables_on_operation_id" ON "receivables" ("operation_id") /*application='CreditEngine'*/[0m
  [1m[35m (1.7ms)[0m  [1m[35mCREATE INDEX "index_receivables_on_receivable_type_id" ON "receivables" ("receivable_type_id") /*application='CreditEngine'*/[0m
  [1m[35m (2.6ms)[0m  [1m[35mALTER TABLE "exchange_rates" ADD CONSTRAINT "fk_rails_a7a7547392"
FOREIGN KEY ("from_currency_id")
  REFERENCES "currencies" ("id")
 /*application='CreditEngine'*/[0m
  [1m[35m (2.1ms)[0m  [1m[35mALTER TABLE "exchange_rates" ADD CONSTRAINT "fk_rails_096e5ba070"
FOREIGN KEY ("to_currency_id")
  REFERENCES "currencies" ("id")
 /*application='CreditEngine'*/[0m
  [1m[35m (2.2ms)[0m  [1m[35mALTER TABLE "operations" ADD CONSTRAINT "fk_rails_a1ac986f6e"
FOREIGN KEY ("payment_currency_id")
  REFERENCES "currencies" ("id")
 /*application='CreditEngine'*/[0m
  [1m[35m (2.0ms)[0m  [1m[35mALTER TABLE "receivables" ADD CONSTRAINT "fk_rails_99dbe80f49"
FOREIGN KEY ("currency_id")
  REFERENCES "currencies" ("id")
 /*application='CreditEngine'*/[0m
  [1m[35m (2.1ms)[0m  [1m[35mALTER TABLE "receivables" ADD CONSTRAINT "fk_rails_57cc17ca11"
FOREIGN KEY ("operation_id")
  REFERENCES "operations" ("id")
 /*application='CreditEngine'*/[0m
  [1m[35m (1.9ms)[0m  [1m[35mALTER TABLE "receivables" ADD CONSTRAINT "fk_rails_f80775e364"
FOREIGN KEY ("receivable_type_id")
  REFERENCES "receivable_types" ("id")
 /*application='CreditEngine'*/[0m
  [1m[35m (2.3ms)[0m  [1m[35mCREATE TABLE "schema_migrations" ("version" character varying NOT NULL PRIMARY KEY) /*application='CreditEngine'*/[0m
  [1m[36mActiveRecord::SchemaMigration Load (0.2ms)[0m  [1m[34mSELECT "schema_migrations"."version" FROM "schema_migrations" ORDER BY "schema_migrations"."version" ASC /*application='CreditEngine'*/[0m
  [1m[35m (1.6ms)[0m  [1m[32mINSERT INTO "schema_migrations" (version) VALUES (20260608125607) /*application='CreditEngine'*/[0m
  [1m[35m (1.7ms)[0m  [1m[32mINSERT INTO "schema_migrations" (version) VALUES
(20260608125603),
(20260608125600),
(20260608125557),
(20260608125553); /*application='CreditEngine'*/[0m
  [1m[35m (2.6ms)[0m  [1m[35mCREATE TABLE "ar_internal_metadata" ("key" character varying NOT NULL PRIMARY KEY, "value" character varying, "created_at" timestamp(6) NOT NULL, "updated_at" timestamp(6) NOT NULL) /*application='CreditEngine'*/[0m
  [1m[36mActiveRecord::InternalMetadata Load (0.4ms)[0m  [1m[34mSELECT * FROM "ar_internal_metadata" WHERE "ar_internal_metadata"."key" = 'environment' ORDER BY "ar_internal_metadata"."key" ASC LIMIT 1 /*application='CreditEngine'*/[0m
  [1m[36mActiveRecord::InternalMetadata Create (1.5ms)[0m  [1m[32mINSERT INTO "ar_internal_metadata" ("key", "value", "created_at", "updated_at") VALUES ('environment', 'development', '2026-06-08 13:25:00.770820', '2026-06-08 13:25:00.770822') RETURNING "key" /*application='CreditEngine'*/[0m
  [1m[36mActiveRecord::InternalMetadata Load (0.1ms)[0m  [1m[34mSELECT * FROM "ar_internal_metadata" WHERE "ar_internal_metadata"."key" = 'environment' ORDER BY "ar_internal_metadata"."key" ASC LIMIT 1 /*application='CreditEngine'*/[0m
  [1m[36mActiveRecord::InternalMetadata Update (1.4ms)[0m  [1m[33mUPDATE "ar_internal_metadata" SET "value" = 'test', "updated_at" = '2026-06-08 13:25:00.774086' WHERE "ar_internal_metadata"."key" = 'environment' /*application='CreditEngine'*/[0m
  [1m[36mActiveRecord::InternalMetadata Load (0.2ms)[0m  [1m[34mSELECT * FROM "ar_internal_metadata" WHERE "ar_internal_metadata"."key" = 'schema_sha1' ORDER BY "ar_internal_metadata"."key" ASC LIMIT 1 /*application='CreditEngine'*/[0m
  [1m[36mActiveRecord::InternalMetadata Create (1.4ms)[0m  [1m[32mINSERT INTO "ar_internal_metadata" ("key", "value", "created_at", "updated_at") VALUES ('schema_sha1', 'd112fe315c5421ec301e3c8b3476bd5be82fde63', '2026-06-08 13:25:00.777019', '2026-06-08 13:25:00.777021') RETURNING "key" /*application='CreditEngine'*/[0m
  [1m[36mActiveRecord::SchemaMigration Load (0.3ms)[0m  [1m[34mSELECT "schema_migrations"."version" FROM "schema_migrations" ORDER BY "schema_migrations"."version" ASC /*application='CreditEngine'*/[0m
  [1m[36mTRANSACTION (0.1ms)[0m  [1m[35mBEGIN /*application='CreditEngine'*/[0m
  [1m[36mReceivable Delete All (0.4ms)[0m  [1m[31mDELETE FROM "receivables" /*application='CreditEngine'*/[0m
  [1m[36mOperation Delete All (0.2ms)[0m  [1m[31mDELETE FROM "operations" /*application='CreditEngine'*/[0m
  [1m[36mExchangeRate Delete All (0.3ms)[0m  [1m[31mDELETE FROM "exchange_rates" /*application='CreditEngine'*/[0m
  [1m[36mReceivableType Delete All (0.6ms)[0m  [1m[31mDELETE FROM "receivable_types" /*application='CreditEngine'*/[0m
  [1m[36mCurrency Delete All (0.9ms)[0m  [1m[31mDELETE FROM "currencies" /*application='CreditEngine'*/[0m
  [1m[36mTRANSACTION (0.1ms)[0m  [1m[35mSAVEPOINT active_record_1 /*application='CreditEngine'*/[0m
  [1m[36mCurrency Exists? (1.4ms)[0m  [1m[34mSELECT 1 AS one FROM "currencies" WHERE LOWER("currencies"."code") = LOWER('BRL') LIMIT 1 /*application='CreditEngine'*/[0m
  [1m[36mCurrency Create (0.3ms)[0m  [1m[32mINSERT INTO "currencies" ("code", "name", "symbol", "created_at", "updated_at") VALUES ('BRL', 'Real', 'R$', '2026-06-08 13:25:00.931592', '2026-06-08 13:25:00.931592') RETURNING "id" /*application='CreditEngine'*/[0m
  [1m[36mTRANSACTION (0.1ms)[0m  [1m[35mRELEASE SAVEPOINT active_record_1 /*application='CreditEngine'*/[0m
  [1m[36mTRANSACTION (0.1ms)[0m  [1m[35mSAVEPOINT active_record_1 /*application='CreditEngine'*/[0m
  [1m[36mCurrency Exists? (2.3ms)[0m  [1m[34mSELECT 1 AS one FROM "currencies" WHERE LOWER("currencies"."code") = LOWER('USD') LIMIT 1 /*application='CreditEngine'*/[0m
  [1m[36mCurrency Create (0.2ms)[0m  [1m[32mINSERT INTO "currencies" ("code", "name", "symbol", "created_at", "updated_at") VALUES ('USD', 'Dollar', '$', '2026-06-08 13:25:00.937866', '2026-06-08 13:25:00.937866') RETURNING "id" /*application='CreditEngine'*/[0m
  [1m[36mTRANSACTION (0.1ms)[0m  [1m[35mRELEASE SAVEPOINT active_record_1 /*application='CreditEngine'*/[0m
  [1m[36mTRANSACTION (0.1ms)[0m  [1m[35mSAVEPOINT active_record_1 /*application='CreditEngine'*/[0m
  [1m[36mExchangeRate Exists? (1.6ms)[0m  [1m[34mSELECT 1 AS one FROM "exchange_rates" WHERE "exchange_rates"."reference_date" = '2026-06-08' AND "exchange_rates"."from_currency_id" = 72 AND "exchange_rates"."to_currency_id" = 71 LIMIT 1 /*application='CreditEngine'*/[0m
  [1m[36mExchangeRate Create (0.3ms)[0m  [1m[32mINSERT INTO "exchange_rates" ("from_currency_id", "to_currency_id", "rate", "reference_date", "created_at", "updated_at") VALUES (72, 71, 5.0, '2026-06-08', '2026-06-08 13:25:00.948665', '2026-06-08 13:25:00.948665') RETURNING "id" /*application='CreditEngine'*/[0m
  [1m[36mTRANSACTION (0.1ms)[0m  [1m[35mRELEASE SAVEPOINT active_record_1 /*application='CreditEngine'*/[0m
  [1m[36mTRANSACTION (0.1ms)[0m  [1m[35mSAVEPOINT active_record_1 /*application='CreditEngine'*/[0m
  [1m[36mExchangeRate Exists? (1.6ms)[0m  [1m[34mSELECT 1 AS one FROM "exchange_rates" WHERE "exchange_rates"."reference_date" = '2026-06-08' AND "exchange_rates"."from_currency_id" = 71 AND "exchange_rates"."to_currency_id" = 72 LIMIT 1 /*application='CreditEngine'*/[0m
  [1m[36mExchangeRate Create (0.3ms)[0m  [1m[32mINSERT INTO "exchange_rates" ("from_currency_id", "to_currency_id", "rate", "reference_date", "created_at", "updated_at") VALUES (71, 72, 0.2, '2026-06-08', '2026-06-08 13:25:00.955042', '2026-06-08 13:25:00.955042') RETURNING "id" /*application='CreditEngine'*/[0m
  [1m[36mTRANSACTION (0.1ms)[0m  [1m[35mRELEASE SAVEPOINT active_record_1 /*application='CreditEngine'*/[0m
  [1m[36mTRANSACTION (0.1ms)[0m  [1m[35mSAVEPOINT active_record_1 /*application='CreditEngine'*/[0m
  [1m[36mReceivableType Exists? (1.3ms)[0m  [1m[34mSELECT 1 AS one FROM "receivable_types" WHERE LOWER("receivable_types"."code") = LOWER('duplicata') LIMIT 1 /*application='CreditEngine'*/[0m
  [1m[36mReceivableType Create (0.2ms)[0m  [1m[32mINSERT INTO "receivable_types" ("name", "code", "base_spread", "created_at", "updated_at") VALUES ('Duplicata Mercantil', 'duplicata', 0.015, '2026-06-08 13:25:00.963165', '2026-06-08 13:25:00.963165') RETURNING "id" /*application='CreditEngine'*/[0m
  [1m[36mTRANSACTION (0.1ms)[0m  [1m[35mRELEASE SAVEPOINT active_record_1 /*application='CreditEngine'*/[0m
  [1m[36mTRANSACTION (0.1ms)[0m  [1m[35mSAVEPOINT active_record_1 /*application='CreditEngine'*/[0m
  [1m[36mReceivableType Exists? (1.2ms)[0m  [1m[34mSELECT 1 AS one FROM "receivable_types" WHERE LOWER("receivable_types"."code") = LOWER('cheque') LIMIT 1 /*application='CreditEngine'*/[0m
  [1m[36mReceivableType Create (0.1ms)[0m  [1m[32mINSERT INTO "receivable_types" ("name", "code", "base_spread", "created_at", "updated_at") VALUES ('Cheque Pré-datado', 'cheque', 0.025, '2026-06-08 13:25:00.967772', '2026-06-08 13:25:00.967772') RETURNING "id" /*application='CreditEngine'*/[0m
  [1m[36mTRANSACTION (0.1ms)[0m  [1m[35mRELEASE SAVEPOINT active_record_1 /*application='CreditEngine'*/[0m
[ActionDispatch::HostAuthorization::DefaultResponseApp] Blocked hosts: www.example.com
  [1m[36mTRANSACTION (0.2ms)[0m  [1m[31mROLLBACK /*application='CreditEngine'*/[0m
  [1m[36mTRANSACTION (0.1ms)[0m  [1m[35mBEGIN /*application='CreditEngine'*/[0m
  [1m[36mReceivable Delete All (0.1ms)[0m  [1m[31mDELETE FROM "receivables" /*application='CreditEngine'*/[0m
  [1m[36mOperation Delete All (0.1ms)[0m  [1m[31mDELETE FROM "operations" /*application='CreditEngine'*/[0m
  [1m[36mExchangeRate Delete All (0.1ms)[0m  [1m[31mDELETE FROM "exchange_rates" /*application='CreditEngine'*/[0m
  [1m[36mReceivableType Delete All (0.3ms)[0m  [1m[31mDELETE FROM "receivable_types" /*application='CreditEngine'*/[0m
  [1m[36mCurrency Delete All (0.4ms)[0m  [1m[31mDELETE FROM "currencies" /*application='CreditEngine'*/[0m
  [1m[36mTRANSACTION (0.1ms)[0m  [1m[35mSAVEPOINT active_record_1 /*application='CreditEngine'*/[0m
  [1m[36mCurrency Exists? (1.2ms)[0m  [1m[34mSELECT 1 AS one FROM "currencies" WHERE LOWER("currencies"."code") = LOWER('BRL') LIMIT 1 /*application='CreditEngine'*/[0m
  [1m[36mCurrency Create (0.2ms)[0m  [1m[32mINSERT INTO "currencies" ("code", "name", "symbol", "created_at", "updated_at") VALUES ('BRL', 'Real', 'R$', '2026-06-08 13:25:01.001300', '2026-06-08 13:25:01.001300') RETURNING "id" /*application='CreditEngine'*/[0m
  [1m[36mTRANSACTION (0.1ms)[0m  [1m[35mRELEASE SAVEPOINT active_record_1 /*application='CreditEngine'*/[0m
  [1m[36mTRANSACTION (0.1ms)[0m  [1m[35mSAVEPOINT active_record_1 /*application='CreditEngine'*/[0m
  [1m[36mCurrency Exists? (1.1ms)[0m  [1m[34mSELECT 1 AS one FROM "currencies" WHERE LOWER("currencies"."code") = LOWER('USD') LIMIT 1 /*application='CreditEngine'*/[0m
  [1m[36mCurrency Create (0.1ms)[0m  [1m[32mINSERT INTO "currencies" ("code", "name", "symbol", "created_at", "updated_at") VALUES ('USD', 'Dollar', '$', '2026-06-08 13:25:01.006247', '2026-06-08 13:25:01.006247') RETURNING "id" /*application='CreditEngine'*/[0m
  [1m[36mTRANSACTION (0.1ms)[0m  [1m[35mRELEASE SAVEPOINT active_record_1 /*application='CreditEngine'*/[0m
  [1m[36mTRANSACTION (0.1ms)[0m  [1m[35mSAVEPOINT active_record_1 /*application='CreditEngine'*/[0m
  [1m[36mExchangeRate Exists? (1.3ms)[0m  [1m[34mSELECT 1 AS one FROM "exchange_rates" WHERE "exchange_rates"."reference_date" = '2026-06-08' AND "exchange_rates"."from_currency_id" = 74 AND "exchange_rates"."to_currency_id" = 73 LIMIT 1 /*application='CreditEngine'*/[0m
  [1m[36mExchangeRate Create (0.2ms)[0m  [1m[32mINSERT INTO "exchange_rates" ("from_currency_id", "to_currency_id", "rate", "reference_date", "created_at", "updated_at") VALUES (74, 73, 5.0, '2026-06-08', '2026-06-08 13:25:01.010863', '2026-06-08 13:25:01.010863') RETURNING "id" /*application='CreditEngine'*/[0m
  [1m[36mTRANSACTION (0.1ms)[0m  [1m[35mRELEASE SAVEPOINT active_record_1 /*application='CreditEngine'*/[0m
  [1m[36mTRANSACTION (0.1ms)[0m  [1m[35mSAVEPOINT active_record_1 /*application='CreditEngine'*/[0m
  [1m[36mExchangeRate Exists? (1.1ms)[0m  [1m[34mSELECT 1 AS one FROM "exchange_rates" WHERE "exchange_rates"."reference_date" = '2026-06-08' AND "exchange_rates"."from_currency_id" = 73 AND "exchange_rates"."to_currency_id" = 74 LIMIT 1 /*application='CreditEngine'*/[0m
  [1m[36mExchangeRate Create (0.2ms)[0m  [1m[32mINSERT INTO "exchange_rates" ("from_currency_id", "to_currency_id", "rate", "reference_date", "created_at", "updated_at") VALUES (73, 74, 0.2, '2026-06-08', '2026-06-08 13:25:01.015213', '2026-06-08 13:25:01.015213') RETURNING "id" /*application='CreditEngine'*/[0m
  [1m[36mTRANSACTION (0.1ms)[0m  [1m[35mRELEASE SAVEPOINT active_record_1 /*application='CreditEngine'*/[0m
  [1m[36mTRANSACTION (0.1ms)[0m  [1m[35mSAVEPOINT active_record_1 /*application='CreditEngine'*/[0m
  [1m[36mReceivableType Exists? (1.2ms)[0m  [1m[34mSELECT 1 AS one FROM "receivable_types" WHERE LOWER("receivable_types"."code") = LOWER('duplicata') LIMIT 1 /*application='CreditEngine'*/[0m
  [1m[36mReceivableType Create (0.1ms)[0m  [1m[32mINSERT INTO "receivable_types" ("name", "code", "base_spread", "created_at", "updated_at") VALUES ('Duplicata Mercantil', 'duplicata', 0.015, '2026-06-08 13:25:01.019541', '2026-06-08 13:25:01.019541') RETURNING "id" /*application='CreditEngine'*/[0m
  [1m[36mTRANSACTION (0.1ms)[0m  [1m[35mRELEASE SAVEPOINT active_record_1 /*application='CreditEngine'*/[0m
  [1m[36mTRANSACTION (0.1ms)[0m  [1m[35mSAVEPOINT active_record_1 /*application='CreditEngine'*/[0m
  [1m[36mReceivableType Exists? (1.1ms)[0m  [1m[34mSELECT 1 AS one FROM "receivable_types" WHERE LOWER("receivable_types"."code") = LOWER('cheque') LIMIT 1 /*application='CreditEngine'*/[0m
  [1m[36mReceivableType Create (0.1ms)[0m  [1m[32mINSERT INTO "receivable_types" ("name", "code", "base_spread", "created_at", "updated_at") VALUES ('Cheque Pré-datado', 'cheque', 0.025, '2026-06-08 13:25:01.023680', '2026-06-08 13:25:01.023680') RETURNING "id" /*application='CreditEngine'*/[0m
  [1m[36mTRANSACTION (0.1ms)[0m  [1m[35mRELEASE SAVEPOINT active_record_1 /*application='CreditEngine'*/[0m
[ActionDispatch::HostAuthorization::DefaultResponseApp] Blocked hosts: www.example.com
  [1m[36mTRANSACTION (0.1ms)[0m  [1m[31mROLLBACK /*application='CreditEngine'*/[0m
  [1m[36mTRANSACTION (0.1ms)[0m  [1m[35mBEGIN /*application='CreditEngine'*/[0m
  [1m[36mReceivable Delete All (0.1ms)[0m  [1m[31mDELETE FROM "receivables" /*application='CreditEngine'*/[0m
  [1m[36mOperation Delete All (0.1ms)[0m  [1m[31mDELETE FROM "operations" /*application='CreditEngine'*/[0m
  [1m[36mExchangeRate Delete All (0.1ms)[0m  [1m[31mDELETE FROM "exchange_rates" /*application='CreditEngine'*/[0m
  [1m[36mReceivableType Delete All (0.2ms)[0m  [1m[31mDELETE FROM "receivable_types" /*application='CreditEngine'*/[0m
  [1m[36mCurrency Delete All (0.4ms)[0m  [1m[31mDELETE FROM "currencies" /*application='CreditEngine'*/[0m
  [1m[36mTRANSACTION (0.1ms)[0m  [1m[35mSAVEPOINT active_record_1 /*application='CreditEngine'*/[0m
  [1m[36mCurrency Exists? (1.1ms)[0m  [1m[34mSELECT 1 AS one FROM "currencies" WHERE LOWER("currencies"."code") = LOWER('BRL') LIMIT 1 /*application='CreditEngine'*/[0m
  [1m[36mCurrency Create (0.2ms)[0m  [1m[32mINSERT INTO "currencies" ("code", "name", "symbol", "created_at", "updated_at") VALUES ('BRL', 'Real', 'R$', '2026-06-08 13:25:01.035963', '2026-06-08 13:25:01.035963') RETURNING "id" /*application='CreditEngine'*/[0m
  [1m[36mTRANSACTION (0.1ms)[0m  [1m[35mRELEASE SAVEPOINT active_record_1 /*application='CreditEngine'*/[0m
  [1m[36mTRANSACTION (0.1ms)[0m  [1m[35mSAVEPOINT active_record_1 /*application='CreditEngine'*/[0m
  [1m[36mCurrency Exists? (1.2ms)[0m  [1m[34mSELECT 1 AS one FROM "currencies" WHERE LOWER("currencies"."code") = LOWER('USD') LIMIT 1 /*application='CreditEngine'*/[0m
  [1m[36mCurrency Create (0.2ms)[0m  [1m[32mINSERT INTO "currencies" ("code", "name", "symbol", "created_at", "updated_at") VALUES ('USD', 'Dollar', '$', '2026-06-08 13:25:01.040486', '2026-06-08 13:25:01.040486') RETURNING "id" /*application='CreditEngine'*/[0m
  [1m[36mTRANSACTION (0.1ms)[0m  [1m[35mRELEASE SAVEPOINT active_record_1 /*application='CreditEngine'*/[0m
  [1m[36mTRANSACTION (0.1ms)[0m  [1m[35mSAVEPOINT active_record_1 /*application='CreditEngine'*/[0m
  [1m[36mExchangeRate Exists? (1.2ms)[0m  [1m[34mSELECT 1 AS one FROM "exchange_rates" WHERE "exchange_rates"."reference_date" = '2026-06-08' AND "exchange_rates"."from_currency_id" = 76 AND "exchange_rates"."to_currency_id" = 75 LIMIT 1 /*application='CreditEngine'*/[0m
  [1m[36mExchangeRate Create (0.2ms)[0m  [1m[32mINSERT INTO "exchange_rates" ("from_currency_id", "to_currency_id", "rate", "reference_date", "created_at", "updated_at") VALUES (76, 75, 5.0, '2026-06-08', '2026-06-08 13:25:01.045374', '2026-06-08 13:25:01.045374') RETURNING "id" /*application='CreditEngine'*/[0m
  [1m[36mTRANSACTION (0.1ms)[0m  [1m[35mRELEASE SAVEPOINT active_record_1 /*application='CreditEngine'*/[0m
  [1m[36mTRANSACTION (0.1ms)[0m  [1m[35mSAVEPOINT active_record_1 /*application='CreditEngine'*/[0m
  [1m[36mExchangeRate Exists? (1.2ms)[0m  [1m[34mSELECT 1 AS one FROM "exchange_rates" WHERE "exchange_rates"."reference_date" = '2026-06-08' AND "exchange_rates"."from_currency_id" = 75 AND "exchange_rates"."to_currency_id" = 76 LIMIT 1 /*application='CreditEngine'*/[0m
  [1m[36mExchangeRate Create (0.2ms)[0m  [1m[32mINSERT INTO "exchange_rates" ("from_currency_id", "to_currency_id", "rate", "reference_date", "created_at", "updated_at") VALUES (75, 76, 0.2, '2026-06-08', '2026-06-08 13:25:01.050040', '2026-06-08 13:25:01.050040') RETURNING "id" /*application='CreditEngine'*/[0m
  [1m[36mTRANSACTION (0.1ms)[0m  [1m[35mRELEASE SAVEPOINT active_record_1 /*application='CreditEngine'*/[0m
  [1m[36mTRANSACTION (0.1ms)[0m  [1m[35mSAVEPOINT active_record_1 /*application='CreditEngine'*/[0m
  [1m[36mReceivableType Exists? (1.3ms)[0m  [1m[34mSELECT 1 AS one FROM "receivable_types" WHERE LOWER("receivable_types"."code") = LOWER('duplicata') LIMIT 1 /*application='CreditEngine'*/[0m
  [1m[36mReceivableType Create (0.1ms)[0m  [1m[32mINSERT INTO "receivable_types" ("name", "code", "base_spread", "created_at", "updated_at") VALUES ('Duplicata Mercantil', 'duplicata', 0.015, '2026-06-08 13:25:01.054644', '2026-06-08 13:25:01.054644') RETURNING "id" /*application='CreditEngine'*/[0m
  [1m[36mTRANSACTION (0.1ms)[0m  [1m[35mRELEASE SAVEPOINT active_record_1 /*application='CreditEngine'*/[0m
  [1m[36mTRANSACTION (0.1ms)[0m  [1m[35mSAVEPOINT active_record_1 /*application='CreditEngine'*/[0m
  [1m[36mReceivableType Exists? (1.1ms)[0m  [1m[34mSELECT 1 AS one FROM "receivable_types" WHERE LOWER("receivable_types"."code") = LOWER('cheque') LIMIT 1 /*application='CreditEngine'*/[0m
  [1m[36mReceivableType Create (0.1ms)[0m  [1m[32mINSERT INTO "receivable_types" ("name", "code", "base_spread", "created_at", "updated_at") VALUES ('Cheque Pré-datado', 'cheque', 0.025, '2026-06-08 13:25:01.058950', '2026-06-08 13:25:01.058950') RETURNING "id" /*application='CreditEngine'*/[0m
  [1m[36mTRANSACTION (0.1ms)[0m  [1m[35mRELEASE SAVEPOINT active_record_1 /*application='CreditEngine'*/[0m
[ActionDispatch::HostAuthorization::DefaultResponseApp] Blocked hosts: www.example.com
  [1m[36mTRANSACTION (0.1ms)[0m  [1m[31mROLLBACK /*application='CreditEngine'*/[0m
  [1m[36mTRANSACTION (0.1ms)[0m  [1m[35mBEGIN /*application='CreditEngine'*/[0m
  [1m[36mReceivable Delete All (0.1ms)[0m  [1m[31mDELETE FROM "receivables" /*application='CreditEngine'*/[0m
  [1m[36mOperation Delete All (0.1ms)[0m  [1m[31mDELETE FROM "operations" /*application='CreditEngine'*/[0m
  [1m[36mExchangeRate Delete All (0.1ms)[0m  [1m[31mDELETE FROM "exchange_rates" /*application='CreditEngine'*/[0m
  [1m[36mReceivableType Delete All (0.2ms)[0m  [1m[31mDELETE FROM "receivable_types" /*application='CreditEngine'*/[0m
  [1m[36mCurrency Delete All (0.2ms)[0m  [1m[31mDELETE FROM "currencies" /*application='CreditEngine'*/[0m
  [1m[36mTRANSACTION (0.1ms)[0m  [1m[35mSAVEPOINT active_record_1 /*application='CreditEngine'*/[0m
  [1m[36mCurrency Exists? (1.2ms)[0m  [1m[34mSELECT 1 AS one FROM "currencies" WHERE LOWER("currencies"."code") = LOWER('BRL') LIMIT 1 /*application='CreditEngine'*/[0m
  [1m[36mCurrency Create (0.1ms)[0m  [1m[32mINSERT INTO "currencies" ("code", "name", "symbol", "created_at", "updated_at") VALUES ('BRL', 'Real', 'R$', '2026-06-08 13:25:01.071910', '2026-06-08 13:25:01.071910') RETURNING "id" /*application='CreditEngine'*/[0m
  [1m[36mTRANSACTION (0.1ms)[0m  [1m[35mRELEASE SAVEPOINT active_record_1 /*application='CreditEngine'*/[0m
  [1m[36mTRANSACTION (0.1ms)[0m  [1m[35mSAVEPOINT active_record_1 /*application='CreditEngine'*/[0m
  [1m[36mCurrency Exists? (1.1ms)[0m  [1m[34mSELECT 1 AS one FROM "currencies" WHERE LOWER("currencies"."code") = LOWER('USD') LIMIT 1 /*application='CreditEngine'*/[0m
  [1m[36mCurrency Create (0.1ms)[0m  [1m[32mINSERT INTO "currencies" ("code", "name", "symbol", "created_at", "updated_at") VALUES ('USD', 'Dollar', '$', '2026-06-08 13:25:01.076294', '2026-06-08 13:25:01.076294') RETURNING "id" /*application='CreditEngine'*/[0m
  [1m[36mTRANSACTION (0.1ms)[0m  [1m[35mRELEASE SAVEPOINT active_record_1 /*application='CreditEngine'*/[0m
  [1m[36mTRANSACTION (0.1ms)[0m  [1m[35mSAVEPOINT active_record_1 /*application='CreditEngine'*/[0m
  [1m[36mExchangeRate Exists? (1.2ms)[0m  [1m[34mSELECT 1 AS one FROM "exchange_rates" WHERE "exchange_rates"."reference_date" = '2026-06-08' AND "exchange_rates"."from_currency_id" = 78 AND "exchange_rates"."to_currency_id" = 77 LIMIT 1 /*application='CreditEngine'*/[0m
  [1m[36mExchangeRate Create (0.2ms)[0m  [1m[32mINSERT INTO "exchange_rates" ("from_currency_id", "to_currency_id", "rate", "reference_date", "created_at", "updated_at") VALUES (78, 77, 5.0, '2026-06-08', '2026-06-08 13:25:01.080932', '2026-06-08 13:25:01.080932') RETURNING "id" /*application='CreditEngine'*/[0m
  [1m[36mTRANSACTION (0.1ms)[0m  [1m[35mRELEASE SAVEPOINT active_record_1 /*application='CreditEngine'*/[0m
  [1m[36mTRANSACTION (0.1ms)[0m  [1m[35mSAVEPOINT active_record_1 /*application='CreditEngine'*/[0m
  [1m[36mExchangeRate Exists? (1.1ms)[0m  [1m[34mSELECT 1 AS one FROM "exchange_rates" WHERE "exchange_rates"."reference_date" = '2026-06-08' AND "exchange_rates"."from_currency_id" = 77 AND "exchange_rates"."to_currency_id" = 78 LIMIT 1 /*application='CreditEngine'*/[0m
  [1m[36mExchangeRate Create (0.2ms)[0m  [1m[32mINSERT INTO "exchange_rates" ("from_currency_id", "to_currency_id", "rate", "reference_date", "created_at", "updated_at") VALUES (77, 78, 0.2, '2026-06-08', '2026-06-08 13:25:01.085437', '2026-06-08 13:25:01.085437') RETURNING "id" /*application='CreditEngine'*/[0m
  [1m[36mTRANSACTION (0.1ms)[0m  [1m[35mRELEASE SAVEPOINT active_record_1 /*application='CreditEngine'*/[0m
  [1m[36mTRANSACTION (0.1ms)[0m  [1m[35mSAVEPOINT active_record_1 /*application='CreditEngine'*/[0m
  [1m[36mReceivableType Exists? (1.2ms)[0m  [1m[34mSELECT 1 AS one FROM "receivable_types" WHERE LOWER("receivable_types"."code") = LOWER('duplicata') LIMIT 1 /*application='CreditEngine'*/[0m
  [1m[36mReceivableType Create (0.1ms)[0m  [1m[32mINSERT INTO "receivable_types" ("name", "code", "base_spread", "created_at", "updated_at") VALUES ('Duplicata Mercantil', 'duplicata', 0.015, '2026-06-08 13:25:01.089910', '2026-06-08 13:25:01.089910') RETURNING "id" /*application='CreditEngine'*/[0m
  [1m[36mTRANSACTION (0.1ms)[0m  [1m[35mRELEASE SAVEPOINT active_record_1 /*application='CreditEngine'*/[0m
  [1m[36mTRANSACTION (0.1ms)[0m  [1m[35mSAVEPOINT active_record_1 /*application='CreditEngine'*/[0m
  [1m[36mReceivableType Exists? (1.2ms)[0m  [1m[34mSELECT 1 AS one FROM "receivable_types" WHERE LOWER("receivable_types"."code") = LOWER('cheque') LIMIT 1 /*application='CreditEngine'*/[0m
  [1m[36mReceivableType Create (0.2ms)[0m  [1m[32mINSERT INTO "receivable_types" ("name", "code", "base_spread", "created_at", "updated_at") VALUES ('Cheque Pré-datado', 'cheque', 0.025, '2026-06-08 13:25:01.094397', '2026-06-08 13:25:01.094397') RETURNING "id" /*application='CreditEngine'*/[0m
  [1m[36mTRANSACTION (0.1ms)[0m  [1m[35mRELEASE SAVEPOINT active_record_1 /*application='CreditEngine'*/[0m
  [1m[36mOperation Count (0.2ms)[0m  [1m[34mSELECT COUNT(*) FROM "operations" /*application='CreditEngine'*/[0m
  [1m[36mReceivable Count (0.1ms)[0m  [1m[34mSELECT COUNT(*) FROM "receivables" /*application='CreditEngine'*/[0m
[ActionDispatch::HostAuthorization::DefaultResponseApp] Blocked hosts: www.example.com
  [1m[36mOperation Count (0.1ms)[0m  [1m[34mSELECT COUNT(*) FROM "operations" /*application='CreditEngine'*/[0m
  [1m[36mReceivable Count (0.1ms)[0m  [1m[34mSELECT COUNT(*) FROM "receivables" /*application='CreditEngine'*/[0m
  [1m[36mTRANSACTION (0.1ms)[0m  [1m[31mROLLBACK /*application='CreditEngine'*/[0m
  [1m[36mTRANSACTION (0.1ms)[0m  [1m[35mBEGIN /*application='CreditEngine'*/[0m
  [1m[36mReceivable Delete All (0.1ms)[0m  [1m[31mDELETE FROM "receivables" /*application='CreditEngine'*/[0m
  [1m[36mOperation Delete All (0.1ms)[0m  [1m[31mDELETE FROM "operations" /*application='CreditEngine'*/[0m
  [1m[36mExchangeRate Delete All (0.1ms)[0m  [1m[31mDELETE FROM "exchange_rates" /*application='CreditEngine'*/[0m
  [1m[36mReceivableType Delete All (0.1ms)[0m  [1m[31mDELETE FROM "receivable_types" /*application='CreditEngine'*/[0m
  [1m[36mCurrency Delete All (0.2ms)[0m  [1m[31mDELETE FROM "currencies" /*application='CreditEngine'*/[0m
  [1m[36mTRANSACTION (0.1ms)[0m  [1m[35mSAVEPOINT active_record_1 /*application='CreditEngine'*/[0m
  [1m[36mCurrency Exists? (1.1ms)[0m  [1m[34mSELECT 1 AS one FROM "currencies" WHERE LOWER("currencies"."code") = LOWER('BRL') LIMIT 1 /*application='CreditEngine'*/[0m
  [1m[36mCurrency Create (0.2ms)[0m  [1m[32mINSERT INTO "currencies" ("code", "name", "symbol", "created_at", "updated_at") VALUES ('BRL', 'Real', 'R$', '2026-06-08 13:25:01.111639', '2026-06-08 13:25:01.111639') RETURNING "id" /*application='CreditEngine'*/[0m
  [1m[36mTRANSACTION (0.1ms)[0m  [1m[35mRELEASE SAVEPOINT active_record_1 /*application='CreditEngine'*/[0m
  [1m[36mTRANSACTION (0.1ms)[0m  [1m[35mSAVEPOINT active_record_1 /*application='CreditEngine'*/[0m
  [1m[36mCurrency Exists? (1.2ms)[0m  [1m[34mSELECT 1 AS one FROM "currencies" WHERE LOWER("currencies"."code") = LOWER('USD') LIMIT 1 /*application='CreditEngine'*/[0m
  [1m[36mCurrency Create (0.1ms)[0m  [1m[32mINSERT INTO "currencies" ("code", "name", "symbol", "created_at", "updated_at") VALUES ('USD', 'Dollar', '$', '2026-06-08 13:25:01.116146', '2026-06-08 13:25:01.116146') RETURNING "id" /*application='CreditEngine'*/[0m
  [1m[36mTRANSACTION (0.1ms)[0m  [1m[35mRELEASE SAVEPOINT active_record_1 /*application='CreditEngine'*/[0m
  [1m[36mTRANSACTION (0.1ms)[0m  [1m[35mSAVEPOINT active_record_1 /*application='CreditEngine'*/[0m
  [1m[36mExchangeRate Exists? (1.4ms)[0m  [1m[34mSELECT 1 AS one FROM "exchange_rates" WHERE "exchange_rates"."reference_date" = '2026-06-08' AND "exchange_rates"."from_currency_id" = 80 AND "exchange_rates"."to_currency_id" = 79 LIMIT 1 /*application='CreditEngine'*/[0m
  [1m[36mExchangeRate Create (0.2ms)[0m  [1m[32mINSERT INTO "exchange_rates" ("from_currency_id", "to_currency_id", "rate", "reference_date", "created_at", "updated_at") VALUES (80, 79, 5.0, '2026-06-08', '2026-06-08 13:25:01.121022', '2026-06-08 13:25:01.121022') RETURNING "id" /*application='CreditEngine'*/[0m
  [1m[36mTRANSACTION (0.1ms)[0m  [1m[35mRELEASE SAVEPOINT active_record_1 /*application='CreditEngine'*/[0m
  [1m[36mTRANSACTION (0.1ms)[0m  [1m[35mSAVEPOINT active_record_1 /*application='CreditEngine'*/[0m
  [1m[36mExchangeRate Exists? (1.1ms)[0m  [1m[34mSELECT 1 AS one FROM "exchange_rates" WHERE "exchange_rates"."reference_date" = '2026-06-08' AND "exchange_rates"."from_currency_id" = 79 AND "exchange_rates"."to_currency_id" = 80 LIMIT 1 /*application='CreditEngine'*/[0m
  [1m[36mExchangeRate Create (0.2ms)[0m  [1m[32mINSERT INTO "exchange_rates" ("from_currency_id", "to_currency_id", "rate", "reference_date", "created_at", "updated_at") VALUES (79, 80, 0.2, '2026-06-08', '2026-06-08 13:25:01.125462', '2026-06-08 13:25:01.125462') RETURNING "id" /*application='CreditEngine'*/[0m
  [1m[36mTRANSACTION (0.1ms)[0m  [1m[35mRELEASE SAVEPOINT active_record_1 /*application='CreditEngine'*/[0m
  [1m[36mTRANSACTION (0.1ms)[0m  [1m[35mSAVEPOINT active_record_1 /*application='CreditEngine'*/[0m
  [1m[36mReceivableType Exists? (1.1ms)[0m  [1m[34mSELECT 1 AS one FROM "receivable_types" WHERE LOWER("receivable_types"."code") = LOWER('duplicata') LIMIT 1 /*application='CreditEngine'*/[0m
  [1m[36mReceivableType Create (0.2ms)[0m  [1m[32mINSERT INTO "receivable_types" ("name", "code", "base_spread", "created_at", "updated_at") VALUES ('Duplicata Mercantil', 'duplicata', 0.015, '2026-06-08 13:25:01.129952', '2026-06-08 13:25:01.129952') RETURNING "id" /*application='CreditEngine'*/[0m
  [1m[36mTRANSACTION (0.1ms)[0m  [1m[35mRELEASE SAVEPOINT active_record_1 /*application='CreditEngine'*/[0m
  [1m[36mTRANSACTION (0.1ms)[0m  [1m[35mSAVEPOINT active_record_1 /*application='CreditEngine'*/[0m
  [1m[36mReceivableType Exists? (1.1ms)[0m  [1m[34mSELECT 1 AS one FROM "receivable_types" WHERE LOWER("receivable_types"."code") = LOWER('cheque') LIMIT 1 /*application='CreditEngine'*/[0m
  [1m[36mReceivableType Create (0.1ms)[0m  [1m[32mINSERT INTO "receivable_types" ("name", "code", "base_spread", "created_at", "updated_at") VALUES ('Cheque Pré-datado', 'cheque', 0.025, '2026-06-08 13:25:01.134758', '2026-06-08 13:25:01.134758') RETURNING "id" /*application='CreditEngine'*/[0m
  [1m[36mTRANSACTION (0.1ms)[0m  [1m[35mRELEASE SAVEPOINT active_record_1 /*application='CreditEngine'*/[0m
  [1m[36mReceivable Count (0.1ms)[0m  [1m[34mSELECT COUNT(*) FROM "receivables" /*application='CreditEngine'*/[0m
  [1m[36mOperation Count (0.1ms)[0m  [1m[34mSELECT COUNT(*) FROM "operations" /*application='CreditEngine'*/[0m
[ActionDispatch::HostAuthorization::DefaultResponseApp] Blocked hosts: www.example.com
  [1m[36mOperation Count (0.1ms)[0m  [1m[34mSELECT COUNT(*) FROM "operations" /*application='CreditEngine'*/[0m
  [1m[36mReceivable Count (0.1ms)[0m  [1m[34mSELECT COUNT(*) FROM "receivables" /*application='CreditEngine'*/[0m
  [1m[36mTRANSACTION (0.2ms)[0m  [1m[31mROLLBACK /*application='CreditEngine'*/[0m
  [1m[36mTRANSACTION (0.1ms)[0m  [1m[35mBEGIN /*application='CreditEngine'*/[0m
  [1m[36mReceivable Delete All (0.2ms)[0m  [1m[31mDELETE FROM "receivables" /*application='CreditEngine'*/[0m
  [1m[36mOperation Delete All (0.1ms)[0m  [1m[31mDELETE FROM "operations" /*application='CreditEngine'*/[0m
  [1m[36mExchangeRate Delete All (0.1ms)[0m  [1m[31mDELETE FROM "exchange_rates" /*application='CreditEngine'*/[0m
  [1m[36mReceivableType Delete All (0.1ms)[0m  [1m[31mDELETE FROM "receivable_types" /*application='CreditEngine'*/[0m
  [1m[36mCurrency Delete All (0.2ms)[0m  [1m[31mDELETE FROM "currencies" /*application='CreditEngine'*/[0m
  [1m[36mTRANSACTION (0.1ms)[0m  [1m[35mSAVEPOINT active_record_1 /*application='CreditEngine'*/[0m
  [1m[36mCurrency Exists? (2.2ms)[0m  [1m[34mSELECT 1 AS one FROM "currencies" WHERE LOWER("currencies"."code") = LOWER('BRL') LIMIT 1 /*application='CreditEngine'*/[0m
  [1m[36mCurrency Create (0.1ms)[0m  [1m[32mINSERT INTO "currencies" ("code", "name", "symbol", "created_at", "updated_at") VALUES ('BRL', 'Real', 'R$', '2026-06-08 13:25:01.187933', '2026-06-08 13:25:01.187933') RETURNING "id" /*application='CreditEngine'*/[0m
  [1m[36mTRANSACTION (0.1ms)[0m  [1m[35mRELEASE SAVEPOINT active_record_1 /*application='CreditEngine'*/[0m
  [1m[36mTRANSACTION (0.1ms)[0m  [1m[35mSAVEPOINT active_record_1 /*application='CreditEngine'*/[0m
  [1m[36mCurrency Exists? (1.8ms)[0m  [1m[34mSELECT 1 AS one FROM "currencies" WHERE LOWER("currencies"."code") = LOWER('USD') LIMIT 1 /*application='CreditEngine'*/[0m
  [1m[36mCurrency Create (0.2ms)[0m  [1m[32mINSERT INTO "currencies" ("code", "name", "symbol", "created_at", "updated_at") VALUES ('USD', 'Dollar', '$', '2026-06-08 13:25:01.194877', '2026-06-08 13:25:01.194877') RETURNING "id" /*application='CreditEngine'*/[0m
  [1m[36mTRANSACTION (0.1ms)[0m  [1m[35mRELEASE SAVEPOINT active_record_1 /*application='CreditEngine'*/[0m
  [1m[36mTRANSACTION (0.1ms)[0m  [1m[35mSAVEPOINT active_record_1 /*application='CreditEngine'*/[0m
  [1m[36mExchangeRate Exists? (1.8ms)[0m  [1m[34mSELECT 1 AS one FROM "exchange_rates" WHERE "exchange_rates"."reference_date" = '2026-06-08' AND "exchange_rates"."from_currency_id" = 82 AND "exchange_rates"."to_currency_id" = 81 LIMIT 1 /*application='CreditEngine'*/[0m
  [1m[36mExchangeRate Create (0.2ms)[0m  [1m[32mINSERT INTO "exchange_rates" ("from_currency_id", "to_currency_id", "rate", "reference_date", "created_at", "updated_at") VALUES (82, 81, 5.0, '2026-06-08', '2026-06-08 13:25:01.200418', '2026-06-08 13:25:01.200418') RETURNING "id" /*application='CreditEngine'*/[0m
  [1m[36mTRANSACTION (0.1ms)[0m  [1m[35mRELEASE SAVEPOINT active_record_1 /*application='CreditEngine'*/[0m
  [1m[36mTRANSACTION (0.1ms)[0m  [1m[35mSAVEPOINT active_record_1 /*application='CreditEngine'*/[0m
  [1m[36mExchangeRate Exists? (1.1ms)[0m  [1m[34mSELECT 1 AS one FROM "exchange_rates" WHERE "exchange_rates"."reference_date" = '2026-06-08' AND "exchange_rates"."from_currency_id" = 81 AND "exchange_rates"."to_currency_id" = 82 LIMIT 1 /*application='CreditEngine'*/[0m
  [1m[36mExchangeRate Create (0.2ms)[0m  [1m[32mINSERT INTO "exchange_rates" ("from_currency_id", "to_currency_id", "rate", "reference_date", "created_at", "updated_at") VALUES (81, 82, 0.2, '2026-06-08', '2026-06-08 13:25:01.205590', '2026-06-08 13:25:01.205590') RETURNING "id" /*application='CreditEngine'*/[0m
  [1m[36mTRANSACTION (0.1ms)[0m  [1m[35mRELEASE SAVEPOINT active_record_1 /*application='CreditEngine'*/[0m
  [1m[36mTRANSACTION (0.1ms)[0m  [1m[35mSAVEPOINT active_record_1 /*application='CreditEngine'*/[0m
  [1m[36mReceivableType Exists? (1.0ms)[0m  [1m[34mSELECT 1 AS one FROM "receivable_types" WHERE LOWER("receivable_types"."code") = LOWER('duplicata') LIMIT 1 /*application='CreditEngine'*/[0m
  [1m[36mReceivableType Create (0.2ms)[0m  [1m[32mINSERT INTO "receivable_types" ("name", "code", "base_spread", "created_at", "updated_at") VALUES ('Duplicata Mercantil', 'duplicata', 0.015, '2026-06-08 13:25:01.209589', '2026-06-08 13:25:01.209589') RETURNING "id" /*application='CreditEngine'*/[0m
  [1m[36mTRANSACTION (0.1ms)[0m  [1m[35mRELEASE SAVEPOINT active_record_1 /*application='CreditEngine'*/[0m
  [1m[36mTRANSACTION (0.1ms)[0m  [1m[35mSAVEPOINT active_record_1 /*application='CreditEngine'*/[0m
  [1m[36mReceivableType Exists? (1.0ms)[0m  [1m[34mSELECT 1 AS one FROM "receivable_types" WHERE LOWER("receivable_types"."code") = LOWER('cheque') LIMIT 1 /*application='CreditEngine'*/[0m
  [1m[36mReceivableType Create (0.1ms)[0m  [1m[32mINSERT INTO "receivable_types" ("name", "code", "base_spread", "created_at", "updated_at") VALUES ('Cheque Pré-datado', 'cheque', 0.025, '2026-06-08 13:25:01.214271', '2026-06-08 13:25:01.214271') RETURNING "id" /*application='CreditEngine'*/[0m
  [1m[36mTRANSACTION (0.1ms)[0m  [1m[35mRELEASE SAVEPOINT active_record_1 /*application='CreditEngine'*/[0m
  [1m[36mOperation Count (0.1ms)[0m  [1m[34mSELECT COUNT(*) FROM "operations" /*application='CreditEngine'*/[0m
  [1m[36mReceivable Count (0.2ms)[0m  [1m[34mSELECT COUNT(*) FROM "receivables" /*application='CreditEngine'*/[0m
[ActionDispatch::HostAuthorization::DefaultResponseApp] Blocked hosts: www.example.com
  [1m[36mOperation Count (0.1ms)[0m  [1m[34mSELECT COUNT(*) FROM "operations" /*application='CreditEngine'*/[0m
  [1m[36mReceivable Count (0.1ms)[0m  [1m[34mSELECT COUNT(*) FROM "receivables" /*application='CreditEngine'*/[0m
  [1m[36mTRANSACTION (0.1ms)[0m  [1m[31mROLLBACK /*application='CreditEngine'*/[0m
  [1m[36mTRANSACTION (0.1ms)[0m  [1m[35mBEGIN /*application='CreditEngine'*/[0m
  [1m[36mReceivable Delete All (0.1ms)[0m  [1m[31mDELETE FROM "receivables" /*application='CreditEngine'*/[0m
  [1m[36mOperation Delete All (0.1ms)[0m  [1m[31mDELETE FROM "operations" /*application='CreditEngine'*/[0m
  [1m[36mExchangeRate Delete All (0.1ms)[0m  [1m[31mDELETE FROM "exchange_rates" /*application='CreditEngine'*/[0m
  [1m[36mReceivableType Delete All (0.2ms)[0m  [1m[31mDELETE FROM "receivable_types" /*application='CreditEngine'*/[0m
  [1m[36mCurrency Delete All (0.2ms)[0m  [1m[31mDELETE FROM "currencies" /*application='CreditEngine'*/[0m
  [1m[36mTRANSACTION (0.1ms)[0m  [1m[35mSAVEPOINT active_record_1 /*application='CreditEngine'*/[0m
  [1m[36mCurrency Exists? (1.1ms)[0m  [1m[34mSELECT 1 AS one FROM "currencies" WHERE LOWER("currencies"."code") = LOWER('BRL') LIMIT 1 /*application='CreditEngine'*/[0m
  [1m[36mCurrency Create (0.1ms)[0m  [1m[32mINSERT INTO "currencies" ("code", "name", "symbol", "created_at", "updated_at") VALUES ('BRL', 'Real', 'R$', '2026-06-08 13:25:01.233028', '2026-06-08 13:25:01.233028') RETURNING "id" /*application='CreditEngine'*/[0m
  [1m[36mTRANSACTION (0.1ms)[0m  [1m[35mRELEASE SAVEPOINT active_record_1 /*application='CreditEngine'*/[0m
  [1m[36mTRANSACTION (0.1ms)[0m  [1m[35mSAVEPOINT active_record_1 /*application='CreditEngine'*/[0m
  [1m[36mCurrency Exists? (1.1ms)[0m  [1m[34mSELECT 1 AS one FROM "currencies" WHERE LOWER("currencies"."code") = LOWER('USD') LIMIT 1 /*application='CreditEngine'*/[0m
  [1m[36mCurrency Create (0.2ms)[0m  [1m[32mINSERT INTO "currencies" ("code", "name", "symbol", "created_at", "updated_at") VALUES ('USD', 'Dollar', '$', '2026-06-08 13:25:01.238377', '2026-06-08 13:25:01.238377') RETURNING "id" /*application='CreditEngine'*/[0m
  [1m[36mTRANSACTION (0.1ms)[0m  [1m[35mRELEASE SAVEPOINT active_record_1 /*application='CreditEngine'*/[0m
  [1m[36mTRANSACTION (0.1ms)[0m  [1m[35mSAVEPOINT active_record_1 /*application='CreditEngine'*/[0m
  [1m[36mExchangeRate Exists? (1.9ms)[0m  [1m[34mSELECT 1 AS one FROM "exchange_rates" WHERE "exchange_rates"."reference_date" = '2026-06-08' AND "exchange_rates"."from_currency_id" = 84 AND "exchange_rates"."to_currency_id" = 83 LIMIT 1 /*application='CreditEngine'*/[0m
  [1m[36mExchangeRate Create (0.3ms)[0m  [1m[32mINSERT INTO "exchange_rates" ("from_currency_id", "to_currency_id", "rate", "reference_date", "created_at", "updated_at") VALUES (84, 83, 5.0, '2026-06-08', '2026-06-08 13:25:01.243789', '2026-06-08 13:25:01.243789') RETURNING "id" /*application='CreditEngine'*/[0m
  [1m[36mTRANSACTION (0.1ms)[0m  [1m[35mRELEASE SAVEPOINT active_record_1 /*application='CreditEngine'*/[0m
  [1m[36mTRANSACTION (0.3ms)[0m  [1m[35mSAVEPOINT active_record_1 /*application='CreditEngine'*/[0m
  [1m[36mExchangeRate Exists? (2.7ms)[0m  [1m[34mSELECT 1 AS one FROM "exchange_rates" WHERE "exchange_rates"."reference_date" = '2026-06-08' AND "exchange_rates"."from_currency_id" = 83 AND "exchange_rates"."to_currency_id" = 84 LIMIT 1 /*application='CreditEngine'*/[0m
  [1m[36mExchangeRate Create (0.7ms)[0m  [1m[32mINSERT INTO "exchange_rates" ("from_currency_id", "to_currency_id", "rate", "reference_date", "created_at", "updated_at") VALUES (83, 84, 0.2, '2026-06-08', '2026-06-08 13:25:01.253112', '2026-06-08 13:25:01.253112') RETURNING "id" /*application='CreditEngine'*/[0m
  [1m[36mTRANSACTION (0.2ms)[0m  [1m[35mRELEASE SAVEPOINT active_record_1 /*application='CreditEngine'*/[0m
  [1m[36mTRANSACTION (0.1ms)[0m  [1m[35mSAVEPOINT active_record_1 /*application='CreditEngine'*/[0m
  [1m[36mReceivableType Exists? (2.3ms)[0m  [1m[34mSELECT 1 AS one FROM "receivable_types" WHERE LOWER("receivable_types"."code") = LOWER('duplicata') LIMIT 1 /*application='CreditEngine'*/[0m
  [1m[36mReceivableType Create (0.4ms)[0m  [1m[32mINSERT INTO "receivable_types" ("name", "code", "base_spread", "created_at", "updated_at") VALUES ('Duplicata Mercantil', 'duplicata', 0.015, '2026-06-08 13:25:01.262587', '2026-06-08 13:25:01.262587') RETURNING "id" /*application='CreditEngine'*/[0m
  [1m[36mTRANSACTION (0.2ms)[0m  [1m[35mRELEASE SAVEPOINT active_record_1 /*application='CreditEngine'*/[0m
  [1m[36mTRANSACTION (0.1ms)[0m  [1m[35mSAVEPOINT active_record_1 /*application='CreditEngine'*/[0m
  [1m[36mReceivableType Exists? (1.7ms)[0m  [1m[34mSELECT 1 AS one FROM "receivable_types" WHERE LOWER("receivable_types"."code") = LOWER('cheque') LIMIT 1 /*application='CreditEngine'*/[0m
  [1m[36mReceivableType Create (0.4ms)[0m  [1m[32mINSERT INTO "receivable_types" ("name", "code", "base_spread", "created_at", "updated_at") VALUES ('Cheque Pré-datado', 'cheque', 0.025, '2026-06-08 13:25:01.270006', '2026-06-08 13:25:01.270006') RETURNING "id" /*application='CreditEngine'*/[0m
  [1m[36mTRANSACTION (0.2ms)[0m  [1m[35mRELEASE SAVEPOINT active_record_1 /*application='CreditEngine'*/[0m
  [1m[36mReceivableType Load (0.6ms)[0m  [1m[34mSELECT "receivable_types".* FROM "receivable_types" WHERE "receivable_types"."code" = 'duplicata' LIMIT 1 /*application='CreditEngine'*/[0m
  ↳ app/services/pricing_engine/calculator.rb:21:in 'PricingEngine::Calculator.calculate_receivable'
  [1m[36mCurrency Load (0.3ms)[0m  [1m[34mSELECT "currencies".* FROM "currencies" WHERE "currencies"."code" = 'BRL' LIMIT 1 /*application='CreditEngine'*/[0m
  ↳ app/services/pricing_engine/calculator.rb:60:in 'PricingEngine::Calculator.calculate_receivable'
  [1m[36mTRANSACTION (0.1ms)[0m  [1m[31mROLLBACK /*application='CreditEngine'*/[0m
  [1m[36mTRANSACTION (0.1ms)[0m  [1m[35mBEGIN /*application='CreditEngine'*/[0m
  [1m[36mReceivable Delete All (0.2ms)[0m  [1m[31mDELETE FROM "receivables" /*application='CreditEngine'*/[0m
  [1m[36mOperation Delete All (0.1ms)[0m  [1m[31mDELETE FROM "operations" /*application='CreditEngine'*/[0m
  [1m[36mExchangeRate Delete All (0.2ms)[0m  [1m[31mDELETE FROM "exchange_rates" /*application='CreditEngine'*/[0m
  [1m[36mReceivableType Delete All (0.3ms)[0m  [1m[31mDELETE FROM "receivable_types" /*application='CreditEngine'*/[0m
  [1m[36mCurrency Delete All (0.4ms)[0m  [1m[31mDELETE FROM "currencies" /*application='CreditEngine'*/[0m
  [1m[36mTRANSACTION (0.1ms)[0m  [1m[35mSAVEPOINT active_record_1 /*application='CreditEngine'*/[0m
  [1m[36mCurrency Exists? (2.3ms)[0m  [1m[34mSELECT 1 AS one FROM "currencies" WHERE LOWER("currencies"."code") = LOWER('BRL') LIMIT 1 /*application='CreditEngine'*/[0m
  [1m[36mCurrency Create (0.4ms)[0m  [1m[32mINSERT INTO "currencies" ("code", "name", "symbol", "created_at", "updated_at") VALUES ('BRL', 'Real', 'R$', '2026-06-08 13:25:01.294298', '2026-06-08 13:25:01.294298') RETURNING "id" /*application='CreditEngine'*/[0m
  [1m[36mTRANSACTION (0.2ms)[0m  [1m[35mRELEASE SAVEPOINT active_record_1 /*application='CreditEngine'*/[0m
  [1m[36mTRANSACTION (0.2ms)[0m  [1m[35mSAVEPOINT active_record_1 /*application='CreditEngine'*/[0m
  [1m[36mCurrency Exists? (2.0ms)[0m  [1m[34mSELECT 1 AS one FROM "currencies" WHERE LOWER("currencies"."code") = LOWER('USD') LIMIT 1 /*application='CreditEngine'*/[0m
  [1m[36mCurrency Create (0.2ms)[0m  [1m[32mINSERT INTO "currencies" ("code", "name", "symbol", "created_at", "updated_at") VALUES ('USD', 'Dollar', '$', '2026-06-08 13:25:01.302563', '2026-06-08 13:25:01.302563') RETURNING "id" /*application='CreditEngine'*/[0m
  [1m[36mTRANSACTION (0.1ms)[0m  [1m[35mRELEASE SAVEPOINT active_record_1 /*application='CreditEngine'*/[0m
  [1m[36mTRANSACTION (0.1ms)[0m  [1m[35mSAVEPOINT active_record_1 /*application='CreditEngine'*/[0m
  [1m[36mExchangeRate Exists? (1.2ms)[0m  [1m[34mSELECT 1 AS one FROM "exchange_rates" WHERE "exchange_rates"."reference_date" = '2026-06-08' AND "exchange_rates"."from_currency_id" = 86 AND "exchange_rates"."to_currency_id" = 85 LIMIT 1 /*application='CreditEngine'*/[0m
  [1m[36mExchangeRate Create (0.2ms)[0m  [1m[32mINSERT INTO "exchange_rates" ("from_currency_id", "to_currency_id", "rate", "reference_date", "created_at", "updated_at") VALUES (86, 85, 5.0, '2026-06-08', '2026-06-08 13:25:01.307700', '2026-06-08 13:25:01.307700') RETURNING "id" /*application='CreditEngine'*/[0m
  [1m[36mTRANSACTION (0.1ms)[0m  [1m[35mRELEASE SAVEPOINT active_record_1 /*application='CreditEngine'*/[0m
  [1m[36mTRANSACTION (0.1ms)[0m  [1m[35mSAVEPOINT active_record_1 /*application='CreditEngine'*/[0m
  [1m[36mExchangeRate Exists? (1.4ms)[0m  [1m[34mSELECT 1 AS one FROM "exchange_rates" WHERE "exchange_rates"."reference_date" = '2026-06-08' AND "exchange_rates"."from_currency_id" = 85 AND "exchange_rates"."to_currency_id" = 86 LIMIT 1 /*application='CreditEngine'*/[0m
  [1m[36mExchangeRate Create (0.3ms)[0m  [1m[32mINSERT INTO "exchange_rates" ("from_currency_id", "to_currency_id", "rate", "reference_date", "created_at", "updated_at") VALUES (85, 86, 0.2, '2026-06-08', '2026-06-08 13:25:01.312722', '2026-06-08 13:25:01.312722') RETURNING "id" /*application='CreditEngine'*/[0m
  [1m[36mTRANSACTION (0.3ms)[0m  [1m[35mRELEASE SAVEPOINT active_record_1 /*application='CreditEngine'*/[0m
  [1m[36mTRANSACTION (0.3ms)[0m  [1m[35mSAVEPOINT active_record_1 /*application='CreditEngine'*/[0m
  [1m[36mReceivableType Exists? (2.8ms)[0m  [1m[34mSELECT 1 AS one FROM "receivable_types" WHERE LOWER("receivable_types"."code") = LOWER('duplicata') LIMIT 1 /*application='CreditEngine'*/[0m
  [1m[36mReceivableType Create (0.5ms)[0m  [1m[32mINSERT INTO "receivable_types" ("name", "code", "base_spread", "created_at", "updated_at") VALUES ('Duplicata Mercantil', 'duplicata', 0.015, '2026-06-08 13:25:01.323121', '2026-06-08 13:25:01.323121') RETURNING "id" /*application='CreditEngine'*/[0m
  [1m[36mTRANSACTION (0.2ms)[0m  [1m[35mRELEASE SAVEPOINT active_record_1 /*application='CreditEngine'*/[0m
  [1m[36mTRANSACTION (0.1ms)[0m  [1m[35mSAVEPOINT active_record_1 /*application='CreditEngine'*/[0m
  [1m[36mReceivableType Exists? (1.5ms)[0m  [1m[34mSELECT 1 AS one FROM "receivable_types" WHERE LOWER("receivable_types"."code") = LOWER('cheque') LIMIT 1 /*application='CreditEngine'*/[0m
  [1m[36mReceivableType Create (0.2ms)[0m  [1m[32mINSERT INTO "receivable_types" ("name", "code", "base_spread", "created_at", "updated_at") VALUES ('Cheque Pré-datado', 'cheque', 0.025, '2026-06-08 13:25:01.331258', '2026-06-08 13:25:01.331258') RETURNING "id" /*application='CreditEngine'*/[0m
  [1m[36mTRANSACTION (0.1ms)[0m  [1m[35mRELEASE SAVEPOINT active_record_1 /*application='CreditEngine'*/[0m
  [1m[36mReceivableType Load (0.2ms)[0m  [1m[34mSELECT "receivable_types".* FROM "receivable_types" WHERE "receivable_types"."code" = 'cheque' LIMIT 1 /*application='CreditEngine'*/[0m
  ↳ app/services/pricing_engine/calculator.rb:21:in 'PricingEngine::Calculator.calculate_receivable'
  [1m[36mCurrency Load (0.1ms)[0m  [1m[34mSELECT "currencies".* FROM "currencies" WHERE "currencies"."code" = 'BRL' LIMIT 1 /*application='CreditEngine'*/[0m
  ↳ app/services/pricing_engine/calculator.rb:60:in 'PricingEngine::Calculator.calculate_receivable'
  [1m[36mTRANSACTION (0.1ms)[0m  [1m[31mROLLBACK /*application='CreditEngine'*/[0m
  [1m[36mTRANSACTION (0.1ms)[0m  [1m[35mBEGIN /*application='CreditEngine'*/[0m
  [1m[36mReceivable Delete All (0.1ms)[0m  [1m[31mDELETE FROM "receivables" /*application='CreditEngine'*/[0m
  [1m[36mOperation Delete All (0.1ms)[0m  [1m[31mDELETE FROM "operations" /*application='CreditEngine'*/[0m
  [1m[36mExchangeRate Delete All (0.1ms)[0m  [1m[31mDELETE FROM "exchange_rates" /*application='CreditEngine'*/[0m
  [1m[36mReceivableType Delete All (0.1ms)[0m  [1m[31mDELETE FROM "receivable_types" /*application='CreditEngine'*/[0m
  [1m[36mCurrency Delete All (0.2ms)[0m  [1m[31mDELETE FROM "currencies" /*application='CreditEngine'*/[0m
  [1m[36mTRANSACTION (0.1ms)[0m  [1m[35mSAVEPOINT active_record_1 /*application='CreditEngine'*/[0m
  [1m[36mCurrency Exists? (1.1ms)[0m  [1m[34mSELECT 1 AS one FROM "currencies" WHERE LOWER("currencies"."code") = LOWER('BRL') LIMIT 1 /*application='CreditEngine'*/[0m
  [1m[36mCurrency Create (0.1ms)[0m  [1m[32mINSERT INTO "currencies" ("code", "name", "symbol", "created_at", "updated_at") VALUES ('BRL', 'Real', 'R$', '2026-06-08 13:25:01.343146', '2026-06-08 13:25:01.343146') RETURNING "id" /*application='CreditEngine'*/[0m
  [1m[36mTRANSACTION (0.1ms)[0m  [1m[35mRELEASE SAVEPOINT active_record_1 /*application='CreditEngine'*/[0m
  [1m[36mTRANSACTION (0.1ms)[0m  [1m[35mSAVEPOINT active_record_1 /*application='CreditEngine'*/[0m
  [1m[36mCurrency Exists? (1.0ms)[0m  [1m[34mSELECT 1 AS one FROM "currencies" WHERE LOWER("currencies"."code") = LOWER('USD') LIMIT 1 /*application='CreditEngine'*/[0m
  [1m[36mCurrency Create (0.2ms)[0m  [1m[32mINSERT INTO "currencies" ("code", "name", "symbol", "created_at", "updated_at") VALUES ('USD', 'Dollar', '$', '2026-06-08 13:25:01.347120', '2026-06-08 13:25:01.347120') RETURNING "id" /*application='CreditEngine'*/[0m
  [1m[36mTRANSACTION (0.1ms)[0m  [1m[35mRELEASE SAVEPOINT active_record_1 /*application='CreditEngine'*/[0m
  [1m[36mTRANSACTION (0.1ms)[0m  [1m[35mSAVEPOINT active_record_1 /*application='CreditEngine'*/[0m
  [1m[36mExchangeRate Exists? (1.1ms)[0m  [1m[34mSELECT 1 AS one FROM "exchange_rates" WHERE "exchange_rates"."reference_date" = '2026-06-08' AND "exchange_rates"."from_currency_id" = 88 AND "exchange_rates"."to_currency_id" = 87 LIMIT 1 /*application='CreditEngine'*/[0m
  [1m[36mExchangeRate Create (0.2ms)[0m  [1m[32mINSERT INTO "exchange_rates" ("from_currency_id", "to_currency_id", "rate", "reference_date", "created_at", "updated_at") VALUES (88, 87, 5.0, '2026-06-08', '2026-06-08 13:25:01.351300', '2026-06-08 13:25:01.351300') RETURNING "id" /*application='CreditEngine'*/[0m
  [1m[36mTRANSACTION (0.1ms)[0m  [1m[35mRELEASE SAVEPOINT active_record_1 /*application='CreditEngine'*/[0m
  [1m[36mTRANSACTION (0.1ms)[0m  [1m[35mSAVEPOINT active_record_1 /*application='CreditEngine'*/[0m
  [1m[36mExchangeRate Exists? (1.0ms)[0m  [1m[34mSELECT 1 AS one FROM "exchange_rates" WHERE "exchange_rates"."reference_date" = '2026-06-08' AND "exchange_rates"."from_currency_id" = 87 AND "exchange_rates"."to_currency_id" = 88 LIMIT 1 /*application='CreditEngine'*/[0m
  [1m[36mExchangeRate Create (0.2ms)[0m  [1m[32mINSERT INTO "exchange_rates" ("from_currency_id", "to_currency_id", "rate", "reference_date", "created_at", "updated_at") VALUES (87, 88, 0.2, '2026-06-08', '2026-06-08 13:25:01.355355', '2026-06-08 13:25:01.355355') RETURNING "id" /*application='CreditEngine'*/[0m
  [1m[36mTRANSACTION (0.1ms)[0m  [1m[35mRELEASE SAVEPOINT active_record_1 /*application='CreditEngine'*/[0m
  [1m[36mTRANSACTION (0.1ms)[0m  [1m[35mSAVEPOINT active_record_1 /*application='CreditEngine'*/[0m
  [1m[36mReceivableType Exists? (1.0ms)[0m  [1m[34mSELECT 1 AS one FROM "receivable_types" WHERE LOWER("receivable_types"."code") = LOWER('duplicata') LIMIT 1 /*application='CreditEngine'*/[0m
  [1m[36mReceivableType Create (0.1ms)[0m  [1m[32mINSERT INTO "receivable_types" ("name", "code", "base_spread", "created_at", "updated_at") VALUES ('Duplicata Mercantil', 'duplicata', 0.015, '2026-06-08 13:25:01.359161', '2026-06-08 13:25:01.359161') RETURNING "id" /*application='CreditEngine'*/[0m
  [1m[36mTRANSACTION (0.1ms)[0m  [1m[35mRELEASE SAVEPOINT active_record_1 /*application='CreditEngine'*/[0m
  [1m[36mTRANSACTION (0.1ms)[0m  [1m[35mSAVEPOINT active_record_1 /*application='CreditEngine'*/[0m
  [1m[36mReceivableType Exists? (1.0ms)[0m  [1m[34mSELECT 1 AS one FROM "receivable_types" WHERE LOWER("receivable_types"."code") = LOWER('cheque') LIMIT 1 /*application='CreditEngine'*/[0m
  [1m[36mReceivableType Create (0.1ms)[0m  [1m[32mINSERT INTO "receivable_types" ("name", "code", "base_spread", "created_at", "updated_at") VALUES ('Cheque Pré-datado', 'cheque', 0.025, '2026-06-08 13:25:01.362796', '2026-06-08 13:25:01.362796') RETURNING "id" /*application='CreditEngine'*/[0m
  [1m[36mTRANSACTION (0.1ms)[0m  [1m[35mRELEASE SAVEPOINT active_record_1 /*application='CreditEngine'*/[0m
  [1m[36mReceivableType Load (0.1ms)[0m  [1m[34mSELECT "receivable_types".* FROM "receivable_types" WHERE "receivable_types"."code" = 'duplicata' LIMIT 1 /*application='CreditEngine'*/[0m
  ↳ app/services/pricing_engine/calculator.rb:21:in 'PricingEngine::Calculator.calculate_receivable'
  [1m[36mCurrency Load (0.1ms)[0m  [1m[34mSELECT "currencies".* FROM "currencies" WHERE "currencies"."code" = 'BRL' LIMIT 1 /*application='CreditEngine'*/[0m
  ↳ app/services/pricing_engine/calculator.rb:98:in 'PricingEngine::Calculator.find_exchange_rate'
  [1m[36mCurrency Load (0.1ms)[0m  [1m[34mSELECT "currencies".* FROM "currencies" WHERE "currencies"."code" = 'USD' LIMIT 1 /*application='CreditEngine'*/[0m
  ↳ app/services/pricing_engine/calculator.rb:99:in 'PricingEngine::Calculator.find_exchange_rate'
  [1m[36mExchangeRate Load (0.3ms)[0m  [1m[34mSELECT "exchange_rates".* FROM "exchange_rates" WHERE "exchange_rates"."from_currency_id" = 87 AND "exchange_rates"."to_currency_id" = 88 AND (reference_date <= '2026-06-08') ORDER BY "exchange_rates"."reference_date" DESC LIMIT 1 /*application='CreditEngine'*/[0m
  ↳ app/services/pricing_engine/calculator.rb:108:in 'PricingEngine::Calculator.find_exchange_rate'
  [1m[36mCurrency Load (0.1ms)[0m  [1m[34mSELECT "currencies".* FROM "currencies" WHERE "currencies"."code" = 'BRL' LIMIT 1 /*application='CreditEngine'*/[0m
  ↳ app/services/pricing_engine/calculator.rb:60:in 'PricingEngine::Calculator.calculate_receivable'
  [1m[36mTRANSACTION (0.1ms)[0m  [1m[31mROLLBACK /*application='CreditEngine'*/[0m
  [1m[36mTRANSACTION (0.1ms)[0m  [1m[35mBEGIN /*application='CreditEngine'*/[0m
  [1m[36mReceivable Delete All (0.1ms)[0m  [1m[31mDELETE FROM "receivables" /*application='CreditEngine'*/[0m
  [1m[36mOperation Delete All (0.1ms)[0m  [1m[31mDELETE FROM "operations" /*application='CreditEngine'*/[0m
  [1m[36mExchangeRate Delete All (0.1ms)[0m  [1m[31mDELETE FROM "exchange_rates" /*application='CreditEngine'*/[0m
  [1m[36mReceivableType Delete All (0.1ms)[0m  [1m[31mDELETE FROM "receivable_types" /*application='CreditEngine'*/[0m
  [1m[36mCurrency Delete All (0.2ms)[0m  [1m[31mDELETE FROM "currencies" /*application='CreditEngine'*/[0m
  [1m[36mTRANSACTION (0.1ms)[0m  [1m[35mSAVEPOINT active_record_1 /*application='CreditEngine'*/[0m
  [1m[36mCurrency Exists? (1.0ms)[0m  [1m[34mSELECT 1 AS one FROM "currencies" WHERE LOWER("currencies"."code") = LOWER('BRL') LIMIT 1 /*application='CreditEngine'*/[0m
  [1m[36mCurrency Create (0.1ms)[0m  [1m[32mINSERT INTO "currencies" ("code", "name", "symbol", "created_at", "updated_at") VALUES ('BRL', 'Real', 'R$', '2026-06-08 13:25:01.375404', '2026-06-08 13:25:01.375404') RETURNING "id" /*application='CreditEngine'*/[0m
  [1m[36mTRANSACTION (0.1ms)[0m  [1m[35mRELEASE SAVEPOINT active_record_1 /*application='CreditEngine'*/[0m
  [1m[36mTRANSACTION (0.1ms)[0m  [1m[35mSAVEPOINT active_record_1 /*application='CreditEngine'*/[0m
  [1m[36mCurrency Exists? (1.0ms)[0m  [1m[34mSELECT 1 AS one FROM "currencies" WHERE LOWER("currencies"."code") = LOWER('USD') LIMIT 1 /*application='CreditEngine'*/[0m
  [1m[36mCurrency Create (0.1ms)[0m  [1m[32mINSERT INTO "currencies" ("code", "name", "symbol", "created_at", "updated_at") VALUES ('USD', 'Dollar', '$', '2026-06-08 13:25:01.379205', '2026-06-08 13:25:01.379205') RETURNING "id" /*application='CreditEngine'*/[0m
  [1m[36mTRANSACTION (0.1ms)[0m  [1m[35mRELEASE SAVEPOINT active_record_1 /*application='CreditEngine'*/[0m
  [1m[36mTRANSACTION (0.1ms)[0m  [1m[35mSAVEPOINT active_record_1 /*application='CreditEngine'*/[0m
  [1m[36mExchangeRate Exists? (1.1ms)[0m  [1m[34mSELECT 1 AS one FROM "exchange_rates" WHERE "exchange_rates"."reference_date" = '2026-06-08' AND "exchange_rates"."from_currency_id" = 90 AND "exchange_rates"."to_currency_id" = 89 LIMIT 1 /*application='CreditEngine'*/[0m
  [1m[36mExchangeRate Create (0.2ms)[0m  [1m[32mINSERT INTO "exchange_rates" ("from_currency_id", "to_currency_id", "rate", "reference_date", "created_at", "updated_at") VALUES (90, 89, 5.0, '2026-06-08', '2026-06-08 13:25:01.383380', '2026-06-08 13:25:01.383380') RETURNING "id" /*application='CreditEngine'*/[0m
  [1m[36mTRANSACTION (0.1ms)[0m  [1m[35mRELEASE SAVEPOINT active_record_1 /*application='CreditEngine'*/[0m
  [1m[36mTRANSACTION (0.1ms)[0m  [1m[35mSAVEPOINT active_record_1 /*application='CreditEngine'*/[0m
  [1m[36mExchangeRate Exists? (1.1ms)[0m  [1m[34mSELECT 1 AS one FROM "exchange_rates" WHERE "exchange_rates"."reference_date" = '2026-06-08' AND "exchange_rates"."from_currency_id" = 89 AND "exchange_rates"."to_currency_id" = 90 LIMIT 1 /*application='CreditEngine'*/[0m
  [1m[36mExchangeRate Create (0.2ms)[0m  [1m[32mINSERT INTO "exchange_rates" ("from_currency_id", "to_currency_id", "rate", "reference_date", "created_at", "updated_at") VALUES (89, 90, 0.2, '2026-06-08', '2026-06-08 13:25:01.387431', '2026-06-08 13:25:01.387431') RETURNING "id" /*application='CreditEngine'*/[0m
  [1m[36mTRANSACTION (0.1ms)[0m  [1m[35mRELEASE SAVEPOINT active_record_1 /*application='CreditEngine'*/[0m
  [1m[36mTRANSACTION (0.1ms)[0m  [1m[35mSAVEPOINT active_record_1 /*application='CreditEngine'*/[0m
  [1m[36mReceivableType Exists? (1.1ms)[0m  [1m[34mSELECT 1 AS one FROM "receivable_types" WHERE LOWER("receivable_types"."code") = LOWER('duplicata') LIMIT 1 /*application='CreditEngine'*/[0m
  [1m[36mReceivableType Create (0.2ms)[0m  [1m[32mINSERT INTO "receivable_types" ("name", "code", "base_spread", "created_at", "updated_at") VALUES ('Duplicata Mercantil', 'duplicata', 0.015, '2026-06-08 13:25:01.391428', '2026-06-08 13:25:01.391428') RETURNING "id" /*application='CreditEngine'*/[0m
  [1m[36mTRANSACTION (0.1ms)[0m  [1m[35mRELEASE SAVEPOINT active_record_1 /*application='CreditEngine'*/[0m
  [1m[36mTRANSACTION (0.1ms)[0m  [1m[35mSAVEPOINT active_record_1 /*application='CreditEngine'*/[0m
  [1m[36mReceivableType Exists? (1.0ms)[0m  [1m[34mSELECT 1 AS one FROM "receivable_types" WHERE LOWER("receivable_types"."code") = LOWER('cheque') LIMIT 1 /*application='CreditEngine'*/[0m
  [1m[36mReceivableType Create (0.1ms)[0m  [1m[32mINSERT INTO "receivable_types" ("name", "code", "base_spread", "created_at", "updated_at") VALUES ('Cheque Pré-datado', 'cheque', 0.025, '2026-06-08 13:25:01.395384', '2026-06-08 13:25:01.395384') RETURNING "id" /*application='CreditEngine'*/[0m
  [1m[36mTRANSACTION (0.1ms)[0m  [1m[35mRELEASE SAVEPOINT active_record_1 /*application='CreditEngine'*/[0m
  [1m[36mTRANSACTION (0.1ms)[0m  [1m[31mROLLBACK /*application='CreditEngine'*/[0m
  [1m[36mTRANSACTION (0.1ms)[0m  [1m[35mBEGIN /*application='CreditEngine'*/[0m
  [1m[36mReceivable Delete All (0.1ms)[0m  [1m[31mDELETE FROM "receivables" /*application='CreditEngine'*/[0m
  [1m[36mOperation Delete All (0.1ms)[0m  [1m[31mDELETE FROM "operations" /*application='CreditEngine'*/[0m
  [1m[36mExchangeRate Delete All (0.1ms)[0m  [1m[31mDELETE FROM "exchange_rates" /*application='CreditEngine'*/[0m
  [1m[36mReceivableType Delete All (0.2ms)[0m  [1m[31mDELETE FROM "receivable_types" /*application='CreditEngine'*/[0m
  [1m[36mCurrency Delete All (0.2ms)[0m  [1m[31mDELETE FROM "currencies" /*application='CreditEngine'*/[0m
  [1m[36mTRANSACTION (0.2ms)[0m  [1m[35mSAVEPOINT active_record_1 /*application='CreditEngine'*/[0m
  [1m[36mCurrency Exists? (1.3ms)[0m  [1m[34mSELECT 1 AS one FROM "currencies" WHERE LOWER("currencies"."code") = LOWER('BRL') LIMIT 1 /*application='CreditEngine'*/[0m
  [1m[36mCurrency Create (0.2ms)[0m  [1m[32mINSERT INTO "currencies" ("code", "name", "symbol", "created_at", "updated_at") VALUES ('BRL', 'Real', 'R$', '2026-06-08 13:25:01.421483', '2026-06-08 13:25:01.421483') RETURNING "id" /*application='CreditEngine'*/[0m
  [1m[36mTRANSACTION (0.1ms)[0m  [1m[35mRELEASE SAVEPOINT active_record_1 /*application='CreditEngine'*/[0m
  [1m[36mTRANSACTION (0.1ms)[0m  [1m[35mSAVEPOINT active_record_1 /*application='CreditEngine'*/[0m
  [1m[36mCurrency Exists? (1.7ms)[0m  [1m[34mSELECT 1 AS one FROM "currencies" WHERE LOWER("currencies"."code") = LOWER('USD') LIMIT 1 /*application='CreditEngine'*/[0m
  [1m[36mCurrency Create (0.1ms)[0m  [1m[32mINSERT INTO "currencies" ("code", "name", "symbol", "created_at", "updated_at") VALUES ('USD', 'Dollar', '$', '2026-06-08 13:25:01.426251', '2026-06-08 13:25:01.426251') RETURNING "id" /*application='CreditEngine'*/[0m
  [1m[36mTRANSACTION (0.1ms)[0m  [1m[35mRELEASE SAVEPOINT active_record_1 /*application='CreditEngine'*/[0m
  [1m[36mTRANSACTION (0.1ms)[0m  [1m[35mSAVEPOINT active_record_1 /*application='CreditEngine'*/[0m
  [1m[36mExchangeRate Exists? (2.0ms)[0m  [1m[34mSELECT 1 AS one FROM "exchange_rates" WHERE "exchange_rates"."reference_date" = '2026-06-08' AND "exchange_rates"."from_currency_id" = 92 AND "exchange_rates"."to_currency_id" = 91 LIMIT 1 /*application='CreditEngine'*/[0m
  [1m[36mExchangeRate Create (0.2ms)[0m  [1m[32mINSERT INTO "exchange_rates" ("from_currency_id", "to_currency_id", "rate", "reference_date", "created_at", "updated_at") VALUES (92, 91, 5.0, '2026-06-08', '2026-06-08 13:25:01.431283', '2026-06-08 13:25:01.431283') RETURNING "id" /*application='CreditEngine'*/[0m
  [1m[36mTRANSACTION (0.1ms)[0m  [1m[35mRELEASE SAVEPOINT active_record_1 /*application='CreditEngine'*/[0m
  [1m[36mTRANSACTION (0.1ms)[0m  [1m[35mSAVEPOINT active_record_1 /*application='CreditEngine'*/[0m
  [1m[36mExchangeRate Exists? (1.1ms)[0m  [1m[34mSELECT 1 AS one FROM "exchange_rates" WHERE "exchange_rates"."reference_date" = '2026-06-08' AND "exchange_rates"."from_currency_id" = 91 AND "exchange_rates"."to_currency_id" = 92 LIMIT 1 /*application='CreditEngine'*/[0m
  [1m[36mExchangeRate Create (0.2ms)[0m  [1m[32mINSERT INTO "exchange_rates" ("from_currency_id", "to_currency_id", "rate", "reference_date", "created_at", "updated_at") VALUES (91, 92, 0.2, '2026-06-08', '2026-06-08 13:25:01.436101', '2026-06-08 13:25:01.436101') RETURNING "id" /*application='CreditEngine'*/[0m
  [1m[36mTRANSACTION (0.1ms)[0m  [1m[35mRELEASE SAVEPOINT active_record_1 /*application='CreditEngine'*/[0m
  [1m[36mTRANSACTION (0.1ms)[0m  [1m[35mSAVEPOINT active_record_1 /*application='CreditEngine'*/[0m
  [1m[36mReceivableType Exists? (1.1ms)[0m  [1m[34mSELECT 1 AS one FROM "receivable_types" WHERE LOWER("receivable_types"."code") = LOWER('duplicata') LIMIT 1 /*application='CreditEngine'*/[0m
  [1m[36mReceivableType Create (0.2ms)[0m  [1m[32mINSERT INTO "receivable_types" ("name", "code", "base_spread", "created_at", "updated_at") VALUES ('Duplicata Mercantil', 'duplicata', 0.015, '2026-06-08 13:25:01.440371', '2026-06-08 13:25:01.440371') RETURNING "id" /*application='CreditEngine'*/[0m
  [1m[36mTRANSACTION (0.1ms)[0m  [1m[35mRELEASE SAVEPOINT active_record_1 /*application='CreditEngine'*/[0m
  [1m[36mTRANSACTION (0.1ms)[0m  [1m[35mSAVEPOINT active_record_1 /*application='CreditEngine'*/[0m
  [1m[36mReceivableType Exists? (1.4ms)[0m  [1m[34mSELECT 1 AS one FROM "receivable_types" WHERE LOWER("receivable_types"."code") = LOWER('cheque') LIMIT 1 /*application='CreditEngine'*/[0m
  [1m[36mReceivableType Create (0.2ms)[0m  [1m[32mINSERT INTO "receivable_types" ("name", "code", "base_spread", "created_at", "updated_at") VALUES ('Cheque Pré-datado', 'cheque', 0.025, '2026-06-08 13:25:01.446962', '2026-06-08 13:25:01.446962') RETURNING "id" /*application='CreditEngine'*/[0m
  [1m[36mTRANSACTION (0.1ms)[0m  [1m[35mRELEASE SAVEPOINT active_record_1 /*application='CreditEngine'*/[0m
  [1m[36mCurrency Load (0.2ms)[0m  [1m[34mSELECT "currencies".* FROM "currencies" WHERE "currencies"."code" = 'USD' LIMIT 1 /*application='CreditEngine'*/[0m
  ↳ app/services/pricing_engine/calculator.rb:66:in 'PricingEngine::Calculator.calculate_operation'
  [1m[36mReceivableType Load (0.1ms)[0m  [1m[34mSELECT "receivable_types".* FROM "receivable_types" WHERE "receivable_types"."code" = 'duplicata' LIMIT 1 /*application='CreditEngine'*/[0m
  ↳ app/services/pricing_engine/calculator.rb:21:in 'PricingEngine::Calculator.calculate_receivable'
  [1m[36mCurrency Load (0.1ms)[0m  [1m[34mSELECT "currencies".* FROM "currencies" WHERE "currencies"."code" = 'BRL' LIMIT 1 /*application='CreditEngine'*/[0m
  ↳ app/services/pricing_engine/calculator.rb:98:in 'PricingEngine::Calculator.find_exchange_rate'
  [1m[36mCurrency Load (0.1ms)[0m  [1m[34mSELECT "currencies".* FROM "currencies" WHERE "currencies"."code" = 'USD' LIMIT 1 /*application='CreditEngine'*/[0m
  ↳ app/services/pricing_engine/calculator.rb:99:in 'PricingEngine::Calculator.find_exchange_rate'
  [1m[36mExchangeRate Load (0.2ms)[0m  [1m[34mSELECT "exchange_rates".* FROM "exchange_rates" WHERE "exchange_rates"."from_currency_id" = 91 AND "exchange_rates"."to_currency_id" = 92 AND (reference_date <= '2026-06-08') ORDER BY "exchange_rates"."reference_date" DESC LIMIT 1 /*application='CreditEngine'*/[0m
  ↳ app/services/pricing_engine/calculator.rb:108:in 'PricingEngine::Calculator.find_exchange_rate'
  [1m[36mCurrency Load (0.1ms)[0m  [1m[34mSELECT "currencies".* FROM "currencies" WHERE "currencies"."code" = 'BRL' LIMIT 1 /*application='CreditEngine'*/[0m
  ↳ app/services/pricing_engine/calculator.rb:60:in 'PricingEngine::Calculator.calculate_receivable'
  [1m[36mReceivableType Load (0.1ms)[0m  [1m[34mSELECT "receivable_types".* FROM "receivable_types" WHERE "receivable_types"."code" = 'cheque' LIMIT 1 /*application='CreditEngine'*/[0m
  ↳ app/services/pricing_engine/calculator.rb:21:in 'PricingEngine::Calculator.calculate_receivable'
  [1m[36mCurrency Load (0.1ms)[0m  [1m[34mSELECT "currencies".* FROM "currencies" WHERE "currencies"."code" = 'BRL' LIMIT 1 /*application='CreditEngine'*/[0m
  ↳ app/services/pricing_engine/calculator.rb:98:in 'PricingEngine::Calculator.find_exchange_rate'
  [1m[36mCurrency Load (0.1ms)[0m  [1m[34mSELECT "currencies".* FROM "currencies" WHERE "currencies"."code" = 'USD' LIMIT 1 /*application='CreditEngine'*/[0m
  ↳ app/services/pricing_engine/calculator.rb:99:in 'PricingEngine::Calculator.find_exchange_rate'
  [1m[36mExchangeRate Load (0.1ms)[0m  [1m[34mSELECT "exchange_rates".* FROM "exchange_rates" WHERE "exchange_rates"."from_currency_id" = 91 AND "exchange_rates"."to_currency_id" = 92 AND (reference_date <= '2026-06-08') ORDER BY "exchange_rates"."reference_date" DESC LIMIT 1 /*application='CreditEngine'*/[0m
  ↳ app/services/pricing_engine/calculator.rb:108:in 'PricingEngine::Calculator.find_exchange_rate'
  [1m[36mCurrency Load (0.1ms)[0m  [1m[34mSELECT "currencies".* FROM "currencies" WHERE "currencies"."code" = 'BRL' LIMIT 1 /*application='CreditEngine'*/[0m
  ↳ app/services/pricing_engine/calculator.rb:60:in 'PricingEngine::Calculator.calculate_receivable'
  [1m[36mTRANSACTION (0.1ms)[0m  [1m[31mROLLBACK /*application='CreditEngine'*/[0m
  [1m[36mActiveRecord::InternalMetadata Load (0.4ms)[0m  [1m[34mSELECT * FROM "ar_internal_metadata" WHERE "ar_internal_metadata"."key" = 'schema_sha1' ORDER BY "ar_internal_metadata"."key" ASC LIMIT 1 /*application='CreditEngine'*/[0m
  [1m[36mActiveRecord::SchemaMigration Load (0.4ms)[0m  [1m[34mSELECT "schema_migrations"."version" FROM "schema_migrations" ORDER BY "schema_migrations"."version" ASC /*application='CreditEngine'*/[0m
  [1m[36mActiveRecord::InternalMetadata Load (0.3ms)[0m  [1m[34mSELECT * FROM "ar_internal_metadata" WHERE "ar_internal_metadata"."key" = 'environment' ORDER BY "ar_internal_metadata"."key" ASC LIMIT 1 /*application='CreditEngine'*/[0m
  [1m[36mActiveRecord::SchemaMigration Load (0.1ms)[0m  [1m[34mSELECT "schema_migrations"."version" FROM "schema_migrations" ORDER BY "schema_migrations"."version" ASC /*application='CreditEngine'*/[0m
  [1m[36mActiveRecord::InternalMetadata Load (0.1ms)[0m  [1m[34mSELECT * FROM "ar_internal_metadata" WHERE "ar_internal_metadata"."key" = 'environment' ORDER BY "ar_internal_metadata"."key" ASC LIMIT 1 /*application='CreditEngine'*/[0m
  [1m[36mActiveRecord::SchemaMigration Load (0.1ms)[0m  [1m[34mSELECT "schema_migrations"."version" FROM "schema_migrations" ORDER BY "schema_migrations"."version" ASC /*application='CreditEngine'*/[0m
  [1m[36mActiveRecord::InternalMetadata Load (0.1ms)[0m  [1m[34mSELECT * FROM "ar_internal_metadata" WHERE "ar_internal_metadata"."key" = 'environment' ORDER BY "ar_internal_metadata"."key" ASC LIMIT 1 /*application='CreditEngine'*/[0m
  [1m[35mSQL (0.1ms)[0m  [1m[35mSET search_path TO public /*application='CreditEngine'*/[0m
  [1m[35m (51.7ms)[0m  [1m[35mDROP DATABASE IF EXISTS "credit_engine_test" /*application='CreditEngine'*/[0m
  [1m[35m (34.0ms)[0m  [1m[35mCREATE DATABASE "credit_engine_test" ENCODING = 'unicode' /*application='CreditEngine'*/[0m
  [1m[35mSQL (15.1ms)[0m  [1m[35mCREATE EXTENSION IF NOT EXISTS "plpgsql" SCHEMA pg_catalog /*application='CreditEngine'*/[0m
  [1m[35m (0.1ms)[0m  [1m[35mDROP TABLE IF EXISTS "currencies" CASCADE /*application='CreditEngine'*/[0m
  [1m[35m (3.4ms)[0m  [1m[35mCREATE TABLE "currencies" ("id" bigserial primary key, "code" character varying NOT NULL, "created_at" timestamp(6) NOT NULL, "name" character varying NOT NULL, "symbol" character varying NOT NULL, "updated_at" timestamp(6) NOT NULL) /*application='CreditEngine'*/[0m
  [1m[35m (2.0ms)[0m  [1m[35mCREATE UNIQUE INDEX "index_currencies_on_code" ON "currencies" ("code") /*application='CreditEngine'*/[0m
  [1m[35m (0.1ms)[0m  [1m[35mDROP TABLE IF EXISTS "exchange_rates" CASCADE /*application='CreditEngine'*/[0m
  [1m[35m (2.4ms)[0m  [1m[35mCREATE TABLE "exchange_rates" ("id" bigserial primary key, "created_at" timestamp(6) NOT NULL, "from_currency_id" bigint NOT NULL, "rate" decimal(18,8) NOT NULL, "reference_date" date NOT NULL, "to_currency_id" bigint NOT NULL, "updated_at" timestamp(6) NOT NULL) /*application='CreditEngine'*/[0m
  [1m[35m (1.6ms)[0m  [1m[35mCREATE UNIQUE INDEX "index_exchange_rates_on_currencies_and_date" ON "exchange_rates" ("from_currency_id", "to_currency_id", "reference_date") /*application='CreditEngine'*/[0m
  [1m[35m (1.6ms)[0m  [1m[35mCREATE INDEX "index_exchange_rates_on_from_currency_id" ON "exchange_rates" ("from_currency_id") /*application='CreditEngine'*/[0m
  [1m[35m (1.9ms)[0m  [1m[35mCREATE INDEX "index_exchange_rates_on_to_currency_id" ON "exchange_rates" ("to_currency_id") /*application='CreditEngine'*/[0m
  [1m[35m (0.1ms)[0m  [1m[35mDROP TABLE IF EXISTS "operations" CASCADE /*application='CreditEngine'*/[0m
  [1m[35m (2.8ms)[0m  [1m[35mCREATE TABLE "operations" ("id" bigserial primary key, "assignee" character varying NOT NULL, "created_at" timestamp(6) NOT NULL, "payment_currency_id" bigint NOT NULL, "total_face_value" decimal(18,4) NOT NULL, "total_net_value" decimal(18,4) NOT NULL, "updated_at" timestamp(6) NOT NULL) /*application='CreditEngine'*/[0m
  [1m[35m (1.7ms)[0m  [1m[35mCREATE INDEX "index_operations_on_payment_currency_id" ON "operations" ("payment_currency_id") /*application='CreditEngine'*/[0m
  [1m[35m (0.1ms)[0m  [1m[35mDROP TABLE IF EXISTS "receivable_types" CASCADE /*application='CreditEngine'*/[0m
  [1m[35m (2.7ms)[0m  [1m[35mCREATE TABLE "receivable_types" ("id" bigserial primary key, "base_spread" decimal(6,4) NOT NULL, "code" character varying NOT NULL, "created_at" timestamp(6) NOT NULL, "name" character varying NOT NULL, "updated_at" timestamp(6) NOT NULL) /*application='CreditEngine'*/[0m
  [1m[35m (1.7ms)[0m  [1m[35mCREATE UNIQUE INDEX "index_receivable_types_on_code" ON "receivable_types" ("code") /*application='CreditEngine'*/[0m
  [1m[35m (0.1ms)[0m  [1m[35mDROP TABLE IF EXISTS "receivables" CASCADE /*application='CreditEngine'*/[0m
  [1m[35m (3.1ms)[0m  [1m[35mCREATE TABLE "receivables" ("id" bigserial primary key, "base_rate_applied" decimal(6,4) NOT NULL, "created_at" timestamp(6) NOT NULL, "currency_id" bigint NOT NULL, "days_to_maturity" integer NOT NULL, "due_date" date NOT NULL, "exchange_rate_applied" decimal(18,8), "face_value" decimal(18,4) NOT NULL, "identifier" character varying NOT NULL, "net_value" decimal(18,4) NOT NULL, "operation_id" bigint NOT NULL, "receivable_type_id" bigint NOT NULL, "spread_applied" decimal(6,4) NOT NULL, "updated_at" timestamp(6) NOT NULL) /*application='CreditEngine'*/[0m
  [1m[35m (1.8ms)[0m  [1m[35mCREATE INDEX "index_receivables_on_currency_id" ON "receivables" ("currency_id") /*application='CreditEngine'*/[0m
  [1m[35m (1.8ms)[0m  [1m[35mCREATE INDEX "index_receivables_on_operation_id" ON "receivables" ("operation_id") /*application='CreditEngine'*/[0m
  [1m[35m (1.6ms)[0m  [1m[35mCREATE INDEX "index_receivables_on_receivable_type_id" ON "receivables" ("receivable_type_id") /*application='CreditEngine'*/[0m
  [1m[35m (2.4ms)[0m  [1m[35mALTER TABLE "exchange_rates" ADD CONSTRAINT "fk_rails_a7a7547392"
FOREIGN KEY ("from_currency_id")
  REFERENCES "currencies" ("id")
 /*application='CreditEngine'*/[0m
  [1m[35m (1.8ms)[0m  [1m[35mALTER TABLE "exchange_rates" ADD CONSTRAINT "fk_rails_096e5ba070"
FOREIGN KEY ("to_currency_id")
  REFERENCES "currencies" ("id")
 /*application='CreditEngine'*/[0m
  [1m[35m (1.8ms)[0m  [1m[35mALTER TABLE "operations" ADD CONSTRAINT "fk_rails_a1ac986f6e"
FOREIGN KEY ("payment_currency_id")
  REFERENCES "currencies" ("id")
 /*application='CreditEngine'*/[0m
  [1m[35m (2.0ms)[0m  [1m[35mALTER TABLE "receivables" ADD CONSTRAINT "fk_rails_99dbe80f49"
FOREIGN KEY ("currency_id")
  REFERENCES "currencies" ("id")
 /*application='CreditEngine'*/[0m
  [1m[35m (1.8ms)[0m  [1m[35mALTER TABLE "receivables" ADD CONSTRAINT "fk_rails_57cc17ca11"
FOREIGN KEY ("operation_id")
  REFERENCES "operations" ("id")
 /*application='CreditEngine'*/[0m
  [1m[35m (2.2ms)[0m  [1m[35mALTER TABLE "receivables" ADD CONSTRAINT "fk_rails_f80775e364"
FOREIGN KEY ("receivable_type_id")
  REFERENCES "receivable_types" ("id")
 /*application='CreditEngine'*/[0m
  [1m[35m (2.2ms)[0m  [1m[35mCREATE TABLE "schema_migrations" ("version" character varying NOT NULL PRIMARY KEY) /*application='CreditEngine'*/[0m
  [1m[36mActiveRecord::SchemaMigration Load (0.2ms)[0m  [1m[34mSELECT "schema_migrations"."version" FROM "schema_migrations" ORDER BY "schema_migrations"."version" ASC /*application='CreditEngine'*/[0m
  [1m[35m (1.7ms)[0m  [1m[32mINSERT INTO "schema_migrations" (version) VALUES (20260608125607) /*application='CreditEngine'*/[0m
  [1m[35m (1.7ms)[0m  [1m[32mINSERT INTO "schema_migrations" (version) VALUES
(20260608125603),
(20260608125600),
(20260608125557),
(20260608125553); /*application='CreditEngine'*/[0m
  [1m[35m (2.3ms)[0m  [1m[35mCREATE TABLE "ar_internal_metadata" ("key" character varying NOT NULL PRIMARY KEY, "value" character varying, "created_at" timestamp(6) NOT NULL, "updated_at" timestamp(6) NOT NULL) /*application='CreditEngine'*/[0m
  [1m[36mActiveRecord::InternalMetadata Load (0.5ms)[0m  [1m[34mSELECT * FROM "ar_internal_metadata" WHERE "ar_internal_metadata"."key" = 'environment' ORDER BY "ar_internal_metadata"."key" ASC LIMIT 1 /*application='CreditEngine'*/[0m
  [1m[36mActiveRecord::InternalMetadata Create (2.0ms)[0m  [1m[32mINSERT INTO "ar_internal_metadata" ("key", "value", "created_at", "updated_at") VALUES ('environment', 'development', '2026-06-08 13:25:32.481248', '2026-06-08 13:25:32.481251') RETURNING "key" /*application='CreditEngine'*/[0m
  [1m[36mActiveRecord::InternalMetadata Load (0.1ms)[0m  [1m[34mSELECT * FROM "ar_internal_metadata" WHERE "ar_internal_metadata"."key" = 'environment' ORDER BY "ar_internal_metadata"."key" ASC LIMIT 1 /*application='CreditEngine'*/[0m
  [1m[36mActiveRecord::InternalMetadata Update (1.5ms)[0m  [1m[33mUPDATE "ar_internal_metadata" SET "value" = 'test', "updated_at" = '2026-06-08 13:25:32.485389' WHERE "ar_internal_metadata"."key" = 'environment' /*application='CreditEngine'*/[0m
  [1m[36mActiveRecord::InternalMetadata Load (0.1ms)[0m  [1m[34mSELECT * FROM "ar_internal_metadata" WHERE "ar_internal_metadata"."key" = 'schema_sha1' ORDER BY "ar_internal_metadata"."key" ASC LIMIT 1 /*application='CreditEngine'*/[0m
  [1m[36mActiveRecord::InternalMetadata Create (1.5ms)[0m  [1m[32mINSERT INTO "ar_internal_metadata" ("key", "value", "created_at", "updated_at") VALUES ('schema_sha1', 'd112fe315c5421ec301e3c8b3476bd5be82fde63', '2026-06-08 13:25:32.488375', '2026-06-08 13:25:32.488376') RETURNING "key" /*application='CreditEngine'*/[0m
  [1m[36mActiveRecord::SchemaMigration Load (0.3ms)[0m  [1m[34mSELECT "schema_migrations"."version" FROM "schema_migrations" ORDER BY "schema_migrations"."version" ASC /*application='CreditEngine'*/[0m
  [1m[36mTRANSACTION (0.1ms)[0m  [1m[35mBEGIN /*application='CreditEngine'*/[0m
  [1m[36mReceivable Delete All (0.3ms)[0m  [1m[31mDELETE FROM "receivables" /*application='CreditEngine'*/[0m
  [1m[36mOperation Delete All (0.2ms)[0m  [1m[31mDELETE FROM "operations" /*application='CreditEngine'*/[0m
  [1m[36mExchangeRate Delete All (0.3ms)[0m  [1m[31mDELETE FROM "exchange_rates" /*application='CreditEngine'*/[0m
  [1m[36mReceivableType Delete All (0.5ms)[0m  [1m[31mDELETE FROM "receivable_types" /*application='CreditEngine'*/[0m
  [1m[36mCurrency Delete All (0.8ms)[0m  [1m[31mDELETE FROM "currencies" /*application='CreditEngine'*/[0m
  [1m[36mTRANSACTION (0.1ms)[0m  [1m[35mSAVEPOINT active_record_1 /*application='CreditEngine'*/[0m
  [1m[36mCurrency Exists? (1.4ms)[0m  [1m[34mSELECT 1 AS one FROM "currencies" WHERE LOWER("currencies"."code") = LOWER('BRL') LIMIT 1 /*application='CreditEngine'*/[0m
  [1m[36mCurrency Create (0.3ms)[0m  [1m[32mINSERT INTO "currencies" ("code", "name", "symbol", "created_at", "updated_at") VALUES ('BRL', 'Real', 'R$', '2026-06-08 13:25:32.649289', '2026-06-08 13:25:32.649289') RETURNING "id" /*application='CreditEngine'*/[0m
  [1m[36mTRANSACTION (0.1ms)[0m  [1m[35mRELEASE SAVEPOINT active_record_1 /*application='CreditEngine'*/[0m
  [1m[36mTRANSACTION (0.1ms)[0m  [1m[35mSAVEPOINT active_record_1 /*application='CreditEngine'*/[0m
  [1m[36mCurrency Exists? (1.2ms)[0m  [1m[34mSELECT 1 AS one FROM "currencies" WHERE LOWER("currencies"."code") = LOWER('USD') LIMIT 1 /*application='CreditEngine'*/[0m
  [1m[36mCurrency Create (0.1ms)[0m  [1m[32mINSERT INTO "currencies" ("code", "name", "symbol", "created_at", "updated_at") VALUES ('USD', 'Dollar', '$', '2026-06-08 13:25:32.654537', '2026-06-08 13:25:32.654537') RETURNING "id" /*application='CreditEngine'*/[0m
  [1m[36mTRANSACTION (0.1ms)[0m  [1m[35mRELEASE SAVEPOINT active_record_1 /*application='CreditEngine'*/[0m
  [1m[36mTRANSACTION (0.1ms)[0m  [1m[35mSAVEPOINT active_record_1 /*application='CreditEngine'*/[0m
  [1m[36mExchangeRate Exists? (1.5ms)[0m  [1m[34mSELECT 1 AS one FROM "exchange_rates" WHERE "exchange_rates"."reference_date" = '2026-06-08' AND "exchange_rates"."from_currency_id" = 94 AND "exchange_rates"."to_currency_id" = 93 LIMIT 1 /*application='CreditEngine'*/[0m
  [1m[36mExchangeRate Create (0.4ms)[0m  [1m[32mINSERT INTO "exchange_rates" ("from_currency_id", "to_currency_id", "rate", "reference_date", "created_at", "updated_at") VALUES (94, 93, 5.0, '2026-06-08', '2026-06-08 13:25:32.667153', '2026-06-08 13:25:32.667153') RETURNING "id" /*application='CreditEngine'*/[0m
  [1m[36mTRANSACTION (0.1ms)[0m  [1m[35mRELEASE SAVEPOINT active_record_1 /*application='CreditEngine'*/[0m
  [1m[36mTRANSACTION (0.1ms)[0m  [1m[35mSAVEPOINT active_record_1 /*application='CreditEngine'*/[0m
  [1m[36mExchangeRate Exists? (1.1ms)[0m  [1m[34mSELECT 1 AS one FROM "exchange_rates" WHERE "exchange_rates"."reference_date" = '2026-06-08' AND "exchange_rates"."from_currency_id" = 93 AND "exchange_rates"."to_currency_id" = 94 LIMIT 1 /*application='CreditEngine'*/[0m
  [1m[36mExchangeRate Create (0.2ms)[0m  [1m[32mINSERT INTO "exchange_rates" ("from_currency_id", "to_currency_id", "rate", "reference_date", "created_at", "updated_at") VALUES (93, 94, 0.2, '2026-06-08', '2026-06-08 13:25:32.672025', '2026-06-08 13:25:32.672025') RETURNING "id" /*application='CreditEngine'*/[0m
  [1m[36mTRANSACTION (0.1ms)[0m  [1m[35mRELEASE SAVEPOINT active_record_1 /*application='CreditEngine'*/[0m
  [1m[36mTRANSACTION (0.1ms)[0m  [1m[35mSAVEPOINT active_record_1 /*application='CreditEngine'*/[0m
  [1m[36mReceivableType Exists? (1.2ms)[0m  [1m[34mSELECT 1 AS one FROM "receivable_types" WHERE LOWER("receivable_types"."code") = LOWER('duplicata') LIMIT 1 /*application='CreditEngine'*/[0m
  [1m[36mReceivableType Create (0.2ms)[0m  [1m[32mINSERT INTO "receivable_types" ("name", "code", "base_spread", "created_at", "updated_at") VALUES ('Duplicata Mercantil', 'duplicata', 0.015, '2026-06-08 13:25:32.678978', '2026-06-08 13:25:32.678978') RETURNING "id" /*application='CreditEngine'*/[0m
  [1m[36mTRANSACTION (0.1ms)[0m  [1m[35mRELEASE SAVEPOINT active_record_1 /*application='CreditEngine'*/[0m
  [1m[36mTRANSACTION (0.1ms)[0m  [1m[35mSAVEPOINT active_record_1 /*application='CreditEngine'*/[0m
  [1m[36mReceivableType Exists? (1.1ms)[0m  [1m[34mSELECT 1 AS one FROM "receivable_types" WHERE LOWER("receivable_types"."code") = LOWER('cheque') LIMIT 1 /*application='CreditEngine'*/[0m
  [1m[36mReceivableType Create (0.2ms)[0m  [1m[32mINSERT INTO "receivable_types" ("name", "code", "base_spread", "created_at", "updated_at") VALUES ('Cheque Pré-datado', 'cheque', 0.025, '2026-06-08 13:25:32.683311', '2026-06-08 13:25:32.683311') RETURNING "id" /*application='CreditEngine'*/[0m
  [1m[36mTRANSACTION (0.1ms)[0m  [1m[35mRELEASE SAVEPOINT active_record_1 /*application='CreditEngine'*/[0m
[ActionDispatch::HostAuthorization::DefaultResponseApp] Blocked hosts: www.example.com
  [1m[36mTRANSACTION (0.2ms)[0m  [1m[31mROLLBACK /*application='CreditEngine'*/[0m
  [1m[36mTRANSACTION (0.1ms)[0m  [1m[35mBEGIN /*application='CreditEngine'*/[0m
  [1m[36mReceivable Delete All (0.2ms)[0m  [1m[31mDELETE FROM "receivables" /*application='CreditEngine'*/[0m
  [1m[36mOperation Delete All (0.1ms)[0m  [1m[31mDELETE FROM "operations" /*application='CreditEngine'*/[0m
  [1m[36mExchangeRate Delete All (0.1ms)[0m  [1m[31mDELETE FROM "exchange_rates" /*application='CreditEngine'*/[0m
  [1m[36mReceivableType Delete All (0.2ms)[0m  [1m[31mDELETE FROM "receivable_types" /*application='CreditEngine'*/[0m
  [1m[36mCurrency Delete All (0.5ms)[0m  [1m[31mDELETE FROM "currencies" /*application='CreditEngine'*/[0m
  [1m[36mTRANSACTION (0.1ms)[0m  [1m[35mSAVEPOINT active_record_1 /*application='CreditEngine'*/[0m
  [1m[36mCurrency Exists? (1.3ms)[0m  [1m[34mSELECT 1 AS one FROM "currencies" WHERE LOWER("currencies"."code") = LOWER('BRL') LIMIT 1 /*application='CreditEngine'*/[0m
  [1m[36mCurrency Create (0.1ms)[0m  [1m[32mINSERT INTO "currencies" ("code", "name", "symbol", "created_at", "updated_at") VALUES ('BRL', 'Real', 'R$', '2026-06-08 13:25:32.738852', '2026-06-08 13:25:32.738852') RETURNING "id" /*application='CreditEngine'*/[0m
  [1m[36mTRANSACTION (0.1ms)[0m  [1m[35mRELEASE SAVEPOINT active_record_1 /*application='CreditEngine'*/[0m
  [1m[36mTRANSACTION (0.1ms)[0m  [1m[35mSAVEPOINT active_record_1 /*application='CreditEngine'*/[0m
  [1m[36mCurrency Exists? (1.1ms)[0m  [1m[34mSELECT 1 AS one FROM "currencies" WHERE LOWER("currencies"."code") = LOWER('USD') LIMIT 1 /*application='CreditEngine'*/[0m
  [1m[36mCurrency Create (0.2ms)[0m  [1m[32mINSERT INTO "currencies" ("code", "name", "symbol", "created_at", "updated_at") VALUES ('USD', 'Dollar', '$', '2026-06-08 13:25:32.743444', '2026-06-08 13:25:32.743444') RETURNING "id" /*application='CreditEngine'*/[0m
  [1m[36mTRANSACTION (0.1ms)[0m  [1m[35mRELEASE SAVEPOINT active_record_1 /*application='CreditEngine'*/[0m
  [1m[36mTRANSACTION (0.1ms)[0m  [1m[35mSAVEPOINT active_record_1 /*application='CreditEngine'*/[0m
  [1m[36mExchangeRate Exists? (1.2ms)[0m  [1m[34mSELECT 1 AS one FROM "exchange_rates" WHERE "exchange_rates"."reference_date" = '2026-06-08' AND "exchange_rates"."from_currency_id" = 96 AND "exchange_rates"."to_currency_id" = 95 LIMIT 1 /*application='CreditEngine'*/[0m
  [1m[36mExchangeRate Create (0.2ms)[0m  [1m[32mINSERT INTO "exchange_rates" ("from_currency_id", "to_currency_id", "rate", "reference_date", "created_at", "updated_at") VALUES (96, 95, 5.0, '2026-06-08', '2026-06-08 13:25:32.748413', '2026-06-08 13:25:32.748413') RETURNING "id" /*application='CreditEngine'*/[0m
  [1m[36mTRANSACTION (0.1ms)[0m  [1m[35mRELEASE SAVEPOINT active_record_1 /*application='CreditEngine'*/[0m
  [1m[36mTRANSACTION (0.1ms)[0m  [1m[35mSAVEPOINT active_record_1 /*application='CreditEngine'*/[0m
  [1m[36mExchangeRate Exists? (1.2ms)[0m  [1m[34mSELECT 1 AS one FROM "exchange_rates" WHERE "exchange_rates"."reference_date" = '2026-06-08' AND "exchange_rates"."from_currency_id" = 95 AND "exchange_rates"."to_currency_id" = 96 LIMIT 1 /*application='CreditEngine'*/[0m
  [1m[36mExchangeRate Create (0.3ms)[0m  [1m[32mINSERT INTO "exchange_rates" ("from_currency_id", "to_currency_id", "rate", "reference_date", "created_at", "updated_at") VALUES (95, 96, 0.2, '2026-06-08', '2026-06-08 13:25:32.753245', '2026-06-08 13:25:32.753245') RETURNING "id" /*application='CreditEngine'*/[0m
  [1m[36mTRANSACTION (0.1ms)[0m  [1m[35mRELEASE SAVEPOINT active_record_1 /*application='CreditEngine'*/[0m
  [1m[36mTRANSACTION (0.1ms)[0m  [1m[35mSAVEPOINT active_record_1 /*application='CreditEngine'*/[0m
  [1m[36mReceivableType Exists? (1.2ms)[0m  [1m[34mSELECT 1 AS one FROM "receivable_types" WHERE LOWER("receivable_types"."code") = LOWER('duplicata') LIMIT 1 /*application='CreditEngine'*/[0m
  [1m[36mReceivableType Create (0.1ms)[0m  [1m[32mINSERT INTO "receivable_types" ("name", "code", "base_spread", "created_at", "updated_at") VALUES ('Duplicata Mercantil', 'duplicata', 0.015, '2026-06-08 13:25:32.757573', '2026-06-08 13:25:32.757573') RETURNING "id" /*application='CreditEngine'*/[0m
  [1m[36mTRANSACTION (0.1ms)[0m  [1m[35mRELEASE SAVEPOINT active_record_1 /*application='CreditEngine'*/[0m
  [1m[36mTRANSACTION (0.1ms)[0m  [1m[35mSAVEPOINT active_record_1 /*application='CreditEngine'*/[0m
  [1m[36mReceivableType Exists? (1.2ms)[0m  [1m[34mSELECT 1 AS one FROM "receivable_types" WHERE LOWER("receivable_types"."code") = LOWER('cheque') LIMIT 1 /*application='CreditEngine'*/[0m
  [1m[36mReceivableType Create (0.2ms)[0m  [1m[32mINSERT INTO "receivable_types" ("name", "code", "base_spread", "created_at", "updated_at") VALUES ('Cheque Pré-datado', 'cheque', 0.025, '2026-06-08 13:25:32.761924', '2026-06-08 13:25:32.761924') RETURNING "id" /*application='CreditEngine'*/[0m
  [1m[36mTRANSACTION (0.1ms)[0m  [1m[35mRELEASE SAVEPOINT active_record_1 /*application='CreditEngine'*/[0m
[ActionDispatch::HostAuthorization::DefaultResponseApp] Blocked hosts: www.example.com
  [1m[36mTRANSACTION (0.2ms)[0m  [1m[31mROLLBACK /*application='CreditEngine'*/[0m
  [1m[36mTRANSACTION (0.1ms)[0m  [1m[35mBEGIN /*application='CreditEngine'*/[0m
  [1m[36mReceivable Delete All (0.2ms)[0m  [1m[31mDELETE FROM "receivables" /*application='CreditEngine'*/[0m
  [1m[36mOperation Delete All (0.1ms)[0m  [1m[31mDELETE FROM "operations" /*application='CreditEngine'*/[0m
  [1m[36mExchangeRate Delete All (0.1ms)[0m  [1m[31mDELETE FROM "exchange_rates" /*application='CreditEngine'*/[0m
  [1m[36mReceivableType Delete All (0.3ms)[0m  [1m[31mDELETE FROM "receivable_types" /*application='CreditEngine'*/[0m
  [1m[36mCurrency Delete All (0.5ms)[0m  [1m[31mDELETE FROM "currencies" /*application='CreditEngine'*/[0m
  [1m[36mTRANSACTION (0.1ms)[0m  [1m[35mSAVEPOINT active_record_1 /*application='CreditEngine'*/[0m
  [1m[36mCurrency Exists? (1.2ms)[0m  [1m[34mSELECT 1 AS one FROM "currencies" WHERE LOWER("currencies"."code") = LOWER('BRL') LIMIT 1 /*application='CreditEngine'*/[0m
  [1m[36mCurrency Create (0.1ms)[0m  [1m[32mINSERT INTO "currencies" ("code", "name", "symbol", "created_at", "updated_at") VALUES ('BRL', 'Real', 'R$', '2026-06-08 13:25:32.776116', '2026-06-08 13:25:32.776116') RETURNING "id" /*application='CreditEngine'*/[0m
  [1m[36mTRANSACTION (0.1ms)[0m  [1m[35mRELEASE SAVEPOINT active_record_1 /*application='CreditEngine'*/[0m
  [1m[36mTRANSACTION (0.1ms)[0m  [1m[35mSAVEPOINT active_record_1 /*application='CreditEngine'*/[0m
  [1m[36mCurrency Exists? (1.1ms)[0m  [1m[34mSELECT 1 AS one FROM "currencies" WHERE LOWER("currencies"."code") = LOWER('USD') LIMIT 1 /*application='CreditEngine'*/[0m
  [1m[36mCurrency Create (0.1ms)[0m  [1m[32mINSERT INTO "currencies" ("code", "name", "symbol", "created_at", "updated_at") VALUES ('USD', 'Dollar', '$', '2026-06-08 13:25:32.780496', '2026-06-08 13:25:32.780496') RETURNING "id" /*application='CreditEngine'*/[0m
  [1m[36mTRANSACTION (0.1ms)[0m  [1m[35mRELEASE SAVEPOINT active_record_1 /*application='CreditEngine'*/[0m
  [1m[36mTRANSACTION (0.1ms)[0m  [1m[35mSAVEPOINT active_record_1 /*application='CreditEngine'*/[0m
  [1m[36mExchangeRate Exists? (1.2ms)[0m  [1m[34mSELECT 1 AS one FROM "exchange_rates" WHERE "exchange_rates"."reference_date" = '2026-06-08' AND "exchange_rates"."from_currency_id" = 98 AND "exchange_rates"."to_currency_id" = 97 LIMIT 1 /*application='CreditEngine'*/[0m
  [1m[36mExchangeRate Create (0.2ms)[0m  [1m[32mINSERT INTO "exchange_rates" ("from_currency_id", "to_currency_id", "rate", "reference_date", "created_at", "updated_at") VALUES (98, 97, 5.0, '2026-06-08', '2026-06-08 13:25:32.785408', '2026-06-08 13:25:32.785408') RETURNING "id" /*application='CreditEngine'*/[0m
  [1m[36mTRANSACTION (0.1ms)[0m  [1m[35mRELEASE SAVEPOINT active_record_1 /*application='CreditEngine'*/[0m
  [1m[36mTRANSACTION (0.1ms)[0m  [1m[35mSAVEPOINT active_record_1 /*application='CreditEngine'*/[0m
  [1m[36mExchangeRate Exists? (1.2ms)[0m  [1m[34mSELECT 1 AS one FROM "exchange_rates" WHERE "exchange_rates"."reference_date" = '2026-06-08' AND "exchange_rates"."from_currency_id" = 97 AND "exchange_rates"."to_currency_id" = 98 LIMIT 1 /*application='CreditEngine'*/[0m
  [1m[36mExchangeRate Create (0.2ms)[0m  [1m[32mINSERT INTO "exchange_rates" ("from_currency_id", "to_currency_id", "rate", "reference_date", "created_at", "updated_at") VALUES (97, 98, 0.2, '2026-06-08', '2026-06-08 13:25:32.790188', '2026-06-08 13:25:32.790188') RETURNING "id" /*application='CreditEngine'*/[0m
  [1m[36mTRANSACTION (0.1ms)[0m  [1m[35mRELEASE SAVEPOINT active_record_1 /*application='CreditEngine'*/[0m
  [1m[36mTRANSACTION (0.1ms)[0m  [1m[35mSAVEPOINT active_record_1 /*application='CreditEngine'*/[0m
  [1m[36mReceivableType Exists? (1.2ms)[0m  [1m[34mSELECT 1 AS one FROM "receivable_types" WHERE LOWER("receivable_types"."code") = LOWER('duplicata') LIMIT 1 /*application='CreditEngine'*/[0m
  [1m[36mReceivableType Create (0.2ms)[0m  [1m[32mINSERT INTO "receivable_types" ("name", "code", "base_spread", "created_at", "updated_at") VALUES ('Duplicata Mercantil', 'duplicata', 0.015, '2026-06-08 13:25:32.794911', '2026-06-08 13:25:32.794911') RETURNING "id" /*application='CreditEngine'*/[0m
  [1m[36mTRANSACTION (0.1ms)[0m  [1m[35mRELEASE SAVEPOINT active_record_1 /*application='CreditEngine'*/[0m
  [1m[36mTRANSACTION (0.1ms)[0m  [1m[35mSAVEPOINT active_record_1 /*application='CreditEngine'*/[0m
  [1m[36mReceivableType Exists? (1.2ms)[0m  [1m[34mSELECT 1 AS one FROM "receivable_types" WHERE LOWER("receivable_types"."code") = LOWER('cheque') LIMIT 1 /*application='CreditEngine'*/[0m
  [1m[36mReceivableType Create (0.3ms)[0m  [1m[32mINSERT INTO "receivable_types" ("name", "code", "base_spread", "created_at", "updated_at") VALUES ('Cheque Pré-datado', 'cheque', 0.025, '2026-06-08 13:25:32.800098', '2026-06-08 13:25:32.800098') RETURNING "id" /*application='CreditEngine'*/[0m
  [1m[36mTRANSACTION (0.1ms)[0m  [1m[35mRELEASE SAVEPOINT active_record_1 /*application='CreditEngine'*/[0m
[ActionDispatch::HostAuthorization::DefaultResponseApp] Blocked hosts: www.example.com
  [1m[36mTRANSACTION (0.1ms)[0m  [1m[31mROLLBACK /*application='CreditEngine'*/[0m
  [1m[36mTRANSACTION (0.1ms)[0m  [1m[35mBEGIN /*application='CreditEngine'*/[0m
  [1m[36mReceivable Delete All (0.1ms)[0m  [1m[31mDELETE FROM "receivables" /*application='CreditEngine'*/[0m
  [1m[36mOperation Delete All (0.1ms)[0m  [1m[31mDELETE FROM "operations" /*application='CreditEngine'*/[0m
  [1m[36mExchangeRate Delete All (0.1ms)[0m  [1m[31mDELETE FROM "exchange_rates" /*application='CreditEngine'*/[0m
  [1m[36mReceivableType Delete All (0.1ms)[0m  [1m[31mDELETE FROM "receivable_types" /*application='CreditEngine'*/[0m
  [1m[36mCurrency Delete All (0.2ms)[0m  [1m[31mDELETE FROM "currencies" /*application='CreditEngine'*/[0m
  [1m[36mTRANSACTION (0.1ms)[0m  [1m[35mSAVEPOINT active_record_1 /*application='CreditEngine'*/[0m
  [1m[36mCurrency Exists? (1.1ms)[0m  [1m[34mSELECT 1 AS one FROM "currencies" WHERE LOWER("currencies"."code") = LOWER('BRL') LIMIT 1 /*application='CreditEngine'*/[0m
  [1m[36mCurrency Create (0.2ms)[0m  [1m[32mINSERT INTO "currencies" ("code", "name", "symbol", "created_at", "updated_at") VALUES ('BRL', 'Real', 'R$', '2026-06-08 13:25:32.813342', '2026-06-08 13:25:32.813342') RETURNING "id" /*application='CreditEngine'*/[0m
  [1m[36mTRANSACTION (0.1ms)[0m  [1m[35mRELEASE SAVEPOINT active_record_1 /*application='CreditEngine'*/[0m
  [1m[36mTRANSACTION (0.1ms)[0m  [1m[35mSAVEPOINT active_record_1 /*application='CreditEngine'*/[0m
  [1m[36mCurrency Exists? (1.3ms)[0m  [1m[34mSELECT 1 AS one FROM "currencies" WHERE LOWER("currencies"."code") = LOWER('USD') LIMIT 1 /*application='CreditEngine'*/[0m
  [1m[36mCurrency Create (0.1ms)[0m  [1m[32mINSERT INTO "currencies" ("code", "name", "symbol", "created_at", "updated_at") VALUES ('USD', 'Dollar', '$', '2026-06-08 13:25:32.818024', '2026-06-08 13:25:32.818024') RETURNING "id" /*application='CreditEngine'*/[0m
  [1m[36mTRANSACTION (0.1ms)[0m  [1m[35mRELEASE SAVEPOINT active_record_1 /*application='CreditEngine'*/[0m
  [1m[36mTRANSACTION (0.1ms)[0m  [1m[35mSAVEPOINT active_record_1 /*application='CreditEngine'*/[0m
  [1m[36mExchangeRate Exists? (1.5ms)[0m  [1m[34mSELECT 1 AS one FROM "exchange_rates" WHERE "exchange_rates"."reference_date" = '2026-06-08' AND "exchange_rates"."from_currency_id" = 100 AND "exchange_rates"."to_currency_id" = 99 LIMIT 1 /*application='CreditEngine'*/[0m
  [1m[36mExchangeRate Create (0.2ms)[0m  [1m[32mINSERT INTO "exchange_rates" ("from_currency_id", "to_currency_id", "rate", "reference_date", "created_at", "updated_at") VALUES (100, 99, 5.0, '2026-06-08', '2026-06-08 13:25:32.823379', '2026-06-08 13:25:32.823379') RETURNING "id" /*application='CreditEngine'*/[0m
  [1m[36mTRANSACTION (0.1ms)[0m  [1m[35mRELEASE SAVEPOINT active_record_1 /*application='CreditEngine'*/[0m
  [1m[36mTRANSACTION (0.1ms)[0m  [1m[35mSAVEPOINT active_record_1 /*application='CreditEngine'*/[0m
  [1m[36mExchangeRate Exists? (1.2ms)[0m  [1m[34mSELECT 1 AS one FROM "exchange_rates" WHERE "exchange_rates"."reference_date" = '2026-06-08' AND "exchange_rates"."from_currency_id" = 99 AND "exchange_rates"."to_currency_id" = 100 LIMIT 1 /*application='CreditEngine'*/[0m
  [1m[36mExchangeRate Create (0.2ms)[0m  [1m[32mINSERT INTO "exchange_rates" ("from_currency_id", "to_currency_id", "rate", "reference_date", "created_at", "updated_at") VALUES (99, 100, 0.2, '2026-06-08', '2026-06-08 13:25:32.828392', '2026-06-08 13:25:32.828392') RETURNING "id" /*application='CreditEngine'*/[0m
  [1m[36mTRANSACTION (0.1ms)[0m  [1m[35mRELEASE SAVEPOINT active_record_1 /*application='CreditEngine'*/[0m
  [1m[36mTRANSACTION (0.1ms)[0m  [1m[35mSAVEPOINT active_record_1 /*application='CreditEngine'*/[0m
  [1m[36mReceivableType Exists? (1.1ms)[0m  [1m[34mSELECT 1 AS one FROM "receivable_types" WHERE LOWER("receivable_types"."code") = LOWER('duplicata') LIMIT 1 /*application='CreditEngine'*/[0m
  [1m[36mReceivableType Create (0.2ms)[0m  [1m[32mINSERT INTO "receivable_types" ("name", "code", "base_spread", "created_at", "updated_at") VALUES ('Duplicata Mercantil', 'duplicata', 0.015, '2026-06-08 13:25:32.832668', '2026-06-08 13:25:32.832668') RETURNING "id" /*application='CreditEngine'*/[0m
  [1m[36mTRANSACTION (0.1ms)[0m  [1m[35mRELEASE SAVEPOINT active_record_1 /*application='CreditEngine'*/[0m
  [1m[36mTRANSACTION (0.1ms)[0m  [1m[35mSAVEPOINT active_record_1 /*application='CreditEngine'*/[0m
  [1m[36mReceivableType Exists? (1.1ms)[0m  [1m[34mSELECT 1 AS one FROM "receivable_types" WHERE LOWER("receivable_types"."code") = LOWER('cheque') LIMIT 1 /*application='CreditEngine'*/[0m
  [1m[36mReceivableType Create (0.1ms)[0m  [1m[32mINSERT INTO "receivable_types" ("name", "code", "base_spread", "created_at", "updated_at") VALUES ('Cheque Pré-datado', 'cheque', 0.025, '2026-06-08 13:25:32.837095', '2026-06-08 13:25:32.837095') RETURNING "id" /*application='CreditEngine'*/[0m
  [1m[36mTRANSACTION (0.1ms)[0m  [1m[35mRELEASE SAVEPOINT active_record_1 /*application='CreditEngine'*/[0m
  [1m[36mOperation Count (0.2ms)[0m  [1m[34mSELECT COUNT(*) FROM "operations" /*application='CreditEngine'*/[0m
  [1m[36mReceivable Count (0.1ms)[0m  [1m[34mSELECT COUNT(*) FROM "receivables" /*application='CreditEngine'*/[0m
[ActionDispatch::HostAuthorization::DefaultResponseApp] Blocked hosts: www.example.com
  [1m[36mOperation Count (0.2ms)[0m  [1m[34mSELECT COUNT(*) FROM "operations" /*application='CreditEngine'*/[0m
  [1m[36mReceivable Count (0.1ms)[0m  [1m[34mSELECT COUNT(*) FROM "receivables" /*application='CreditEngine'*/[0m
  [1m[36mTRANSACTION (0.1ms)[0m  [1m[31mROLLBACK /*application='CreditEngine'*/[0m
  [1m[36mTRANSACTION (0.1ms)[0m  [1m[35mBEGIN /*application='CreditEngine'*/[0m
  [1m[36mReceivable Delete All (0.2ms)[0m  [1m[31mDELETE FROM "receivables" /*application='CreditEngine'*/[0m
  [1m[36mOperation Delete All (0.1ms)[0m  [1m[31mDELETE FROM "operations" /*application='CreditEngine'*/[0m
  [1m[36mExchangeRate Delete All (0.1ms)[0m  [1m[31mDELETE FROM "exchange_rates" /*application='CreditEngine'*/[0m
  [1m[36mReceivableType Delete All (0.2ms)[0m  [1m[31mDELETE FROM "receivable_types" /*application='CreditEngine'*/[0m
  [1m[36mCurrency Delete All (0.2ms)[0m  [1m[31mDELETE FROM "currencies" /*application='CreditEngine'*/[0m
  [1m[36mTRANSACTION (0.1ms)[0m  [1m[35mSAVEPOINT active_record_1 /*application='CreditEngine'*/[0m
  [1m[36mCurrency Exists? (1.1ms)[0m  [1m[34mSELECT 1 AS one FROM "currencies" WHERE LOWER("currencies"."code") = LOWER('BRL') LIMIT 1 /*application='CreditEngine'*/[0m
  [1m[36mCurrency Create (0.2ms)[0m  [1m[32mINSERT INTO "currencies" ("code", "name", "symbol", "created_at", "updated_at") VALUES ('BRL', 'Real', 'R$', '2026-06-08 13:25:32.856593', '2026-06-08 13:25:32.856593') RETURNING "id" /*application='CreditEngine'*/[0m
  [1m[36mTRANSACTION (0.1ms)[0m  [1m[35mRELEASE SAVEPOINT active_record_1 /*application='CreditEngine'*/[0m
  [1m[36mTRANSACTION (0.1ms)[0m  [1m[35mSAVEPOINT active_record_1 /*application='CreditEngine'*/[0m
  [1m[36mCurrency Exists? (1.1ms)[0m  [1m[34mSELECT 1 AS one FROM "currencies" WHERE LOWER("currencies"."code") = LOWER('USD') LIMIT 1 /*application='CreditEngine'*/[0m
  [1m[36mCurrency Create (0.1ms)[0m  [1m[32mINSERT INTO "currencies" ("code", "name", "symbol", "created_at", "updated_at") VALUES ('USD', 'Dollar', '$', '2026-06-08 13:25:32.860877', '2026-06-08 13:25:32.860877') RETURNING "id" /*application='CreditEngine'*/[0m
  [1m[36mTRANSACTION (0.1ms)[0m  [1m[35mRELEASE SAVEPOINT active_record_1 /*application='CreditEngine'*/[0m
  [1m[36mTRANSACTION (0.1ms)[0m  [1m[35mSAVEPOINT active_record_1 /*application='CreditEngine'*/[0m
  [1m[36mExchangeRate Exists? (1.2ms)[0m  [1m[34mSELECT 1 AS one FROM "exchange_rates" WHERE "exchange_rates"."reference_date" = '2026-06-08' AND "exchange_rates"."from_currency_id" = 102 AND "exchange_rates"."to_currency_id" = 101 LIMIT 1 /*application='CreditEngine'*/[0m
  [1m[36mExchangeRate Create (0.2ms)[0m  [1m[32mINSERT INTO "exchange_rates" ("from_currency_id", "to_currency_id", "rate", "reference_date", "created_at", "updated_at") VALUES (102, 101, 5.0, '2026-06-08', '2026-06-08 13:25:32.865360', '2026-06-08 13:25:32.865360') RETURNING "id" /*application='CreditEngine'*/[0m
  [1m[36mTRANSACTION (0.1ms)[0m  [1m[35mRELEASE SAVEPOINT active_record_1 /*application='CreditEngine'*/[0m
  [1m[36mTRANSACTION (0.2ms)[0m  [1m[35mSAVEPOINT active_record_1 /*application='CreditEngine'*/[0m
  [1m[36mExchangeRate Exists? (1.7ms)[0m  [1m[34mSELECT 1 AS one FROM "exchange_rates" WHERE "exchange_rates"."reference_date" = '2026-06-08' AND "exchange_rates"."from_currency_id" = 101 AND "exchange_rates"."to_currency_id" = 102 LIMIT 1 /*application='CreditEngine'*/[0m
  [1m[36mExchangeRate Create (0.3ms)[0m  [1m[32mINSERT INTO "exchange_rates" ("from_currency_id", "to_currency_id", "rate", "reference_date", "created_at", "updated_at") VALUES (101, 102, 0.2, '2026-06-08', '2026-06-08 13:25:32.893568', '2026-06-08 13:25:32.893568') RETURNING "id" /*application='CreditEngine'*/[0m
  [1m[36mTRANSACTION (0.1ms)[0m  [1m[35mRELEASE SAVEPOINT active_record_1 /*application='CreditEngine'*/[0m
  [1m[36mTRANSACTION (0.1ms)[0m  [1m[35mSAVEPOINT active_record_1 /*application='CreditEngine'*/[0m
  [1m[36mReceivableType Exists? (2.9ms)[0m  [1m[34mSELECT 1 AS one FROM "receivable_types" WHERE LOWER("receivable_types"."code") = LOWER('duplicata') LIMIT 1 /*application='CreditEngine'*/[0m
  [1m[36mReceivableType Create (0.2ms)[0m  [1m[32mINSERT INTO "receivable_types" ("name", "code", "base_spread", "created_at", "updated_at") VALUES ('Duplicata Mercantil', 'duplicata', 0.015, '2026-06-08 13:25:32.900757', '2026-06-08 13:25:32.900757') RETURNING "id" /*application='CreditEngine'*/[0m
  [1m[36mTRANSACTION (0.1ms)[0m  [1m[35mRELEASE SAVEPOINT active_record_1 /*application='CreditEngine'*/[0m
  [1m[36mTRANSACTION (0.1ms)[0m  [1m[35mSAVEPOINT active_record_1 /*application='CreditEngine'*/[0m
  [1m[36mReceivableType Exists? (1.1ms)[0m  [1m[34mSELECT 1 AS one FROM "receivable_types" WHERE LOWER("receivable_types"."code") = LOWER('cheque') LIMIT 1 /*application='CreditEngine'*/[0m
  [1m[36mReceivableType Create (0.1ms)[0m  [1m[32mINSERT INTO "receivable_types" ("name", "code", "base_spread", "created_at", "updated_at") VALUES ('Cheque Pré-datado', 'cheque', 0.025, '2026-06-08 13:25:32.906182', '2026-06-08 13:25:32.906182') RETURNING "id" /*application='CreditEngine'*/[0m
  [1m[36mTRANSACTION (0.1ms)[0m  [1m[35mRELEASE SAVEPOINT active_record_1 /*application='CreditEngine'*/[0m
  [1m[36mReceivable Count (0.1ms)[0m  [1m[34mSELECT COUNT(*) FROM "receivables" /*application='CreditEngine'*/[0m
  [1m[36mOperation Count (0.1ms)[0m  [1m[34mSELECT COUNT(*) FROM "operations" /*application='CreditEngine'*/[0m
[ActionDispatch::HostAuthorization::DefaultResponseApp] Blocked hosts: www.example.com
  [1m[36mOperation Count (0.1ms)[0m  [1m[34mSELECT COUNT(*) FROM "operations" /*application='CreditEngine'*/[0m
  [1m[36mReceivable Count (0.1ms)[0m  [1m[34mSELECT COUNT(*) FROM "receivables" /*application='CreditEngine'*/[0m
  [1m[36mTRANSACTION (0.2ms)[0m  [1m[31mROLLBACK /*application='CreditEngine'*/[0m
  [1m[36mTRANSACTION (0.1ms)[0m  [1m[35mBEGIN /*application='CreditEngine'*/[0m
  [1m[36mReceivable Delete All (0.2ms)[0m  [1m[31mDELETE FROM "receivables" /*application='CreditEngine'*/[0m
  [1m[36mOperation Delete All (0.1ms)[0m  [1m[31mDELETE FROM "operations" /*application='CreditEngine'*/[0m
  [1m[36mExchangeRate Delete All (0.1ms)[0m  [1m[31mDELETE FROM "exchange_rates" /*application='CreditEngine'*/[0m
  [1m[36mReceivableType Delete All (0.2ms)[0m  [1m[31mDELETE FROM "receivable_types" /*application='CreditEngine'*/[0m
  [1m[36mCurrency Delete All (0.2ms)[0m  [1m[31mDELETE FROM "currencies" /*application='CreditEngine'*/[0m
  [1m[36mTRANSACTION (0.1ms)[0m  [1m[35mSAVEPOINT active_record_1 /*application='CreditEngine'*/[0m
  [1m[36mCurrency Exists? (1.3ms)[0m  [1m[34mSELECT 1 AS one FROM "currencies" WHERE LOWER("currencies"."code") = LOWER('BRL') LIMIT 1 /*application='CreditEngine'*/[0m
  [1m[36mCurrency Create (0.2ms)[0m  [1m[32mINSERT INTO "currencies" ("code", "name", "symbol", "created_at", "updated_at") VALUES ('BRL', 'Real', 'R$', '2026-06-08 13:25:32.949591', '2026-06-08 13:25:32.949591') RETURNING "id" /*application='CreditEngine'*/[0m
  [1m[36mTRANSACTION (0.1ms)[0m  [1m[35mRELEASE SAVEPOINT active_record_1 /*application='CreditEngine'*/[0m
  [1m[36mTRANSACTION (0.1ms)[0m  [1m[35mSAVEPOINT active_record_1 /*application='CreditEngine'*/[0m
  [1m[36mCurrency Exists? (1.6ms)[0m  [1m[34mSELECT 1 AS one FROM "currencies" WHERE LOWER("currencies"."code") = LOWER('USD') LIMIT 1 /*application='CreditEngine'*/[0m
  [1m[36mCurrency Create (0.1ms)[0m  [1m[32mINSERT INTO "currencies" ("code", "name", "symbol", "created_at", "updated_at") VALUES ('USD', 'Dollar', '$', '2026-06-08 13:25:32.954686', '2026-06-08 13:25:32.954686') RETURNING "id" /*application='CreditEngine'*/[0m
  [1m[36mTRANSACTION (0.1ms)[0m  [1m[35mRELEASE SAVEPOINT active_record_1 /*application='CreditEngine'*/[0m
  [1m[36mTRANSACTION (0.1ms)[0m  [1m[35mSAVEPOINT active_record_1 /*application='CreditEngine'*/[0m
  [1m[36mExchangeRate Exists? (1.1ms)[0m  [1m[34mSELECT 1 AS one FROM "exchange_rates" WHERE "exchange_rates"."reference_date" = '2026-06-08' AND "exchange_rates"."from_currency_id" = 104 AND "exchange_rates"."to_currency_id" = 103 LIMIT 1 /*application='CreditEngine'*/[0m
  [1m[36mExchangeRate Create (0.2ms)[0m  [1m[32mINSERT INTO "exchange_rates" ("from_currency_id", "to_currency_id", "rate", "reference_date", "created_at", "updated_at") VALUES (104, 103, 5.0, '2026-06-08', '2026-06-08 13:25:32.959129', '2026-06-08 13:25:32.959129') RETURNING "id" /*application='CreditEngine'*/[0m
  [1m[36mTRANSACTION (0.1ms)[0m  [1m[35mRELEASE SAVEPOINT active_record_1 /*application='CreditEngine'*/[0m
  [1m[36mTRANSACTION (0.1ms)[0m  [1m[35mSAVEPOINT active_record_1 /*application='CreditEngine'*/[0m
  [1m[36mExchangeRate Exists? (1.4ms)[0m  [1m[34mSELECT 1 AS one FROM "exchange_rates" WHERE "exchange_rates"."reference_date" = '2026-06-08' AND "exchange_rates"."from_currency_id" = 103 AND "exchange_rates"."to_currency_id" = 104 LIMIT 1 /*application='CreditEngine'*/[0m
  [1m[36mExchangeRate Create (0.2ms)[0m  [1m[32mINSERT INTO "exchange_rates" ("from_currency_id", "to_currency_id", "rate", "reference_date", "created_at", "updated_at") VALUES (103, 104, 0.2, '2026-06-08', '2026-06-08 13:25:32.963847', '2026-06-08 13:25:32.963847') RETURNING "id" /*application='CreditEngine'*/[0m
  [1m[36mTRANSACTION (0.1ms)[0m  [1m[35mRELEASE SAVEPOINT active_record_1 /*application='CreditEngine'*/[0m
  [1m[36mTRANSACTION (0.1ms)[0m  [1m[35mSAVEPOINT active_record_1 /*application='CreditEngine'*/[0m
  [1m[36mReceivableType Exists? (1.2ms)[0m  [1m[34mSELECT 1 AS one FROM "receivable_types" WHERE LOWER("receivable_types"."code") = LOWER('duplicata') LIMIT 1 /*application='CreditEngine'*/[0m
  [1m[36mReceivableType Create (0.1ms)[0m  [1m[32mINSERT INTO "receivable_types" ("name", "code", "base_spread", "created_at", "updated_at") VALUES ('Duplicata Mercantil', 'duplicata', 0.015, '2026-06-08 13:25:32.968528', '2026-06-08 13:25:32.968528') RETURNING "id" /*application='CreditEngine'*/[0m
  [1m[36mTRANSACTION (0.1ms)[0m  [1m[35mRELEASE SAVEPOINT active_record_1 /*application='CreditEngine'*/[0m
  [1m[36mTRANSACTION (0.1ms)[0m  [1m[35mSAVEPOINT active_record_1 /*application='CreditEngine'*/[0m
  [1m[36mReceivableType Exists? (1.1ms)[0m  [1m[34mSELECT 1 AS one FROM "receivable_types" WHERE LOWER("receivable_types"."code") = LOWER('cheque') LIMIT 1 /*application='CreditEngine'*/[0m
  [1m[36mReceivableType Create (0.1ms)[0m  [1m[32mINSERT INTO "receivable_types" ("name", "code", "base_spread", "created_at", "updated_at") VALUES ('Cheque Pré-datado', 'cheque', 0.025, '2026-06-08 13:25:32.972693', '2026-06-08 13:25:32.972693') RETURNING "id" /*application='CreditEngine'*/[0m
  [1m[36mTRANSACTION (0.1ms)[0m  [1m[35mRELEASE SAVEPOINT active_record_1 /*application='CreditEngine'*/[0m
  [1m[36mOperation Count (0.1ms)[0m  [1m[34mSELECT COUNT(*) FROM "operations" /*application='CreditEngine'*/[0m
  [1m[36mReceivable Count (0.1ms)[0m  [1m[34mSELECT COUNT(*) FROM "receivables" /*application='CreditEngine'*/[0m
[ActionDispatch::HostAuthorization::DefaultResponseApp] Blocked hosts: www.example.com
  [1m[36mOperation Count (0.1ms)[0m  [1m[34mSELECT COUNT(*) FROM "operations" /*application='CreditEngine'*/[0m
  [1m[36mReceivable Count (0.1ms)[0m  [1m[34mSELECT COUNT(*) FROM "receivables" /*application='CreditEngine'*/[0m
  [1m[36mTRANSACTION (0.1ms)[0m  [1m[31mROLLBACK /*application='CreditEngine'*/[0m
  [1m[36mTRANSACTION (0.0ms)[0m  [1m[35mBEGIN /*application='CreditEngine'*/[0m
  [1m[36mReceivable Delete All (0.1ms)[0m  [1m[31mDELETE FROM "receivables" /*application='CreditEngine'*/[0m
  [1m[36mOperation Delete All (0.1ms)[0m  [1m[31mDELETE FROM "operations" /*application='CreditEngine'*/[0m
  [1m[36mExchangeRate Delete All (0.1ms)[0m  [1m[31mDELETE FROM "exchange_rates" /*application='CreditEngine'*/[0m
  [1m[36mReceivableType Delete All (0.1ms)[0m  [1m[31mDELETE FROM "receivable_types" /*application='CreditEngine'*/[0m
  [1m[36mCurrency Delete All (0.2ms)[0m  [1m[31mDELETE FROM "currencies" /*application='CreditEngine'*/[0m
  [1m[36mTRANSACTION (0.1ms)[0m  [1m[35mSAVEPOINT active_record_1 /*application='CreditEngine'*/[0m
  [1m[36mCurrency Exists? (1.6ms)[0m  [1m[34mSELECT 1 AS one FROM "currencies" WHERE LOWER("currencies"."code") = LOWER('BRL') LIMIT 1 /*application='CreditEngine'*/[0m
  [1m[36mCurrency Create (0.1ms)[0m  [1m[32mINSERT INTO "currencies" ("code", "name", "symbol", "created_at", "updated_at") VALUES ('BRL', 'Real', 'R$', '2026-06-08 13:25:32.988959', '2026-06-08 13:25:32.988959') RETURNING "id" /*application='CreditEngine'*/[0m
  [1m[36mTRANSACTION (0.1ms)[0m  [1m[35mRELEASE SAVEPOINT active_record_1 /*application='CreditEngine'*/[0m
  [1m[36mTRANSACTION (0.1ms)[0m  [1m[35mSAVEPOINT active_record_1 /*application='CreditEngine'*/[0m
  [1m[36mCurrency Exists? (1.1ms)[0m  [1m[34mSELECT 1 AS one FROM "currencies" WHERE LOWER("currencies"."code") = LOWER('USD') LIMIT 1 /*application='CreditEngine'*/[0m
  [1m[36mCurrency Create (0.2ms)[0m  [1m[32mINSERT INTO "currencies" ("code", "name", "symbol", "created_at", "updated_at") VALUES ('USD', 'Dollar', '$', '2026-06-08 13:25:32.993540', '2026-06-08 13:25:32.993540') RETURNING "id" /*application='CreditEngine'*/[0m
  [1m[36mTRANSACTION (0.1ms)[0m  [1m[35mRELEASE SAVEPOINT active_record_1 /*application='CreditEngine'*/[0m
  [1m[36mTRANSACTION (0.1ms)[0m  [1m[35mSAVEPOINT active_record_1 /*application='CreditEngine'*/[0m
  [1m[36mExchangeRate Exists? (1.1ms)[0m  [1m[34mSELECT 1 AS one FROM "exchange_rates" WHERE "exchange_rates"."reference_date" = '2026-06-08' AND "exchange_rates"."from_currency_id" = 106 AND "exchange_rates"."to_currency_id" = 105 LIMIT 1 /*application='CreditEngine'*/[0m
  [1m[36mExchangeRate Create (0.2ms)[0m  [1m[32mINSERT INTO "exchange_rates" ("from_currency_id", "to_currency_id", "rate", "reference_date", "created_at", "updated_at") VALUES (106, 105, 5.0, '2026-06-08', '2026-06-08 13:25:32.998153', '2026-06-08 13:25:32.998153') RETURNING "id" /*application='CreditEngine'*/[0m
  [1m[36mTRANSACTION (0.1ms)[0m  [1m[35mRELEASE SAVEPOINT active_record_1 /*application='CreditEngine'*/[0m
  [1m[36mTRANSACTION (0.1ms)[0m  [1m[35mSAVEPOINT active_record_1 /*application='CreditEngine'*/[0m
  [1m[36mExchangeRate Exists? (1.4ms)[0m  [1m[34mSELECT 1 AS one FROM "exchange_rates" WHERE "exchange_rates"."reference_date" = '2026-06-08' AND "exchange_rates"."from_currency_id" = 105 AND "exchange_rates"."to_currency_id" = 106 LIMIT 1 /*application='CreditEngine'*/[0m
  [1m[36mExchangeRate Create (0.2ms)[0m  [1m[32mINSERT INTO "exchange_rates" ("from_currency_id", "to_currency_id", "rate", "reference_date", "created_at", "updated_at") VALUES (105, 106, 0.2, '2026-06-08', '2026-06-08 13:25:33.002964', '2026-06-08 13:25:33.002964') RETURNING "id" /*application='CreditEngine'*/[0m
  [1m[36mTRANSACTION (0.1ms)[0m  [1m[35mRELEASE SAVEPOINT active_record_1 /*application='CreditEngine'*/[0m
  [1m[36mTRANSACTION (0.1ms)[0m  [1m[35mSAVEPOINT active_record_1 /*application='CreditEngine'*/[0m
  [1m[36mReceivableType Exists? (1.3ms)[0m  [1m[34mSELECT 1 AS one FROM "receivable_types" WHERE LOWER("receivable_types"."code") = LOWER('duplicata') LIMIT 1 /*application='CreditEngine'*/[0m
  [1m[36mReceivableType Create (0.2ms)[0m  [1m[32mINSERT INTO "receivable_types" ("name", "code", "base_spread", "created_at", "updated_at") VALUES ('Duplicata Mercantil', 'duplicata', 0.015, '2026-06-08 13:25:33.007885', '2026-06-08 13:25:33.007885') RETURNING "id" /*application='CreditEngine'*/[0m
  [1m[36mTRANSACTION (0.1ms)[0m  [1m[35mRELEASE SAVEPOINT active_record_1 /*application='CreditEngine'*/[0m
  [1m[36mTRANSACTION (0.1ms)[0m  [1m[35mSAVEPOINT active_record_1 /*application='CreditEngine'*/[0m
  [1m[36mReceivableType Exists? (1.1ms)[0m  [1m[34mSELECT 1 AS one FROM "receivable_types" WHERE LOWER("receivable_types"."code") = LOWER('cheque') LIMIT 1 /*application='CreditEngine'*/[0m
  [1m[36mReceivableType Create (0.1ms)[0m  [1m[32mINSERT INTO "receivable_types" ("name", "code", "base_spread", "created_at", "updated_at") VALUES ('Cheque Pré-datado', 'cheque', 0.025, '2026-06-08 13:25:33.012061', '2026-06-08 13:25:33.012061') RETURNING "id" /*application='CreditEngine'*/[0m
  [1m[36mTRANSACTION (0.1ms)[0m  [1m[35mRELEASE SAVEPOINT active_record_1 /*application='CreditEngine'*/[0m
  [1m[36mReceivableType Load (0.2ms)[0m  [1m[34mSELECT "receivable_types".* FROM "receivable_types" WHERE "receivable_types"."code" = 'duplicata' LIMIT 1 /*application='CreditEngine'*/[0m
  ↳ app/services/pricing_engine/calculator.rb:21:in 'PricingEngine::Calculator.calculate_receivable'
  [1m[36mCurrency Load (0.2ms)[0m  [1m[34mSELECT "currencies".* FROM "currencies" WHERE "currencies"."code" = 'BRL' LIMIT 1 /*application='CreditEngine'*/[0m
  ↳ app/services/pricing_engine/calculator.rb:60:in 'PricingEngine::Calculator.calculate_receivable'
  [1m[36mTRANSACTION (0.1ms)[0m  [1m[31mROLLBACK /*application='CreditEngine'*/[0m
  [1m[36mTRANSACTION (0.1ms)[0m  [1m[35mBEGIN /*application='CreditEngine'*/[0m
  [1m[36mReceivable Delete All (0.1ms)[0m  [1m[31mDELETE FROM "receivables" /*application='CreditEngine'*/[0m
  [1m[36mOperation Delete All (0.1ms)[0m  [1m[31mDELETE FROM "operations" /*application='CreditEngine'*/[0m
  [1m[36mExchangeRate Delete All (0.1ms)[0m  [1m[31mDELETE FROM "exchange_rates" /*application='CreditEngine'*/[0m
  [1m[36mReceivableType Delete All (0.1ms)[0m  [1m[31mDELETE FROM "receivable_types" /*application='CreditEngine'*/[0m
  [1m[36mCurrency Delete All (0.2ms)[0m  [1m[31mDELETE FROM "currencies" /*application='CreditEngine'*/[0m
  [1m[36mTRANSACTION (0.1ms)[0m  [1m[35mSAVEPOINT active_record_1 /*application='CreditEngine'*/[0m
  [1m[36mCurrency Exists? (1.1ms)[0m  [1m[34mSELECT 1 AS one FROM "currencies" WHERE LOWER("currencies"."code") = LOWER('BRL') LIMIT 1 /*application='CreditEngine'*/[0m
  [1m[36mCurrency Create (0.2ms)[0m  [1m[32mINSERT INTO "currencies" ("code", "name", "symbol", "created_at", "updated_at") VALUES ('BRL', 'Real', 'R$', '2026-06-08 13:25:33.025519', '2026-06-08 13:25:33.025519') RETURNING "id" /*application='CreditEngine'*/[0m
  [1m[36mTRANSACTION (0.1ms)[0m  [1m[35mRELEASE SAVEPOINT active_record_1 /*application='CreditEngine'*/[0m
  [1m[36mTRANSACTION (0.1ms)[0m  [1m[35mSAVEPOINT active_record_1 /*application='CreditEngine'*/[0m
  [1m[36mCurrency Exists? (1.0ms)[0m  [1m[34mSELECT 1 AS one FROM "currencies" WHERE LOWER("currencies"."code") = LOWER('USD') LIMIT 1 /*application='CreditEngine'*/[0m
  [1m[36mCurrency Create (0.1ms)[0m  [1m[32mINSERT INTO "currencies" ("code", "name", "symbol", "created_at", "updated_at") VALUES ('USD', 'Dollar', '$', '2026-06-08 13:25:33.029743', '2026-06-08 13:25:33.029743') RETURNING "id" /*application='CreditEngine'*/[0m
  [1m[36mTRANSACTION (0.1ms)[0m  [1m[35mRELEASE SAVEPOINT active_record_1 /*application='CreditEngine'*/[0m
  [1m[36mTRANSACTION (0.1ms)[0m  [1m[35mSAVEPOINT active_record_1 /*application='CreditEngine'*/[0m
  [1m[36mExchangeRate Exists? (1.1ms)[0m  [1m[34mSELECT 1 AS one FROM "exchange_rates" WHERE "exchange_rates"."reference_date" = '2026-06-08' AND "exchange_rates"."from_currency_id" = 108 AND "exchange_rates"."to_currency_id" = 107 LIMIT 1 /*application='CreditEngine'*/[0m
  [1m[36mExchangeRate Create (0.2ms)[0m  [1m[32mINSERT INTO "exchange_rates" ("from_currency_id", "to_currency_id", "rate", "reference_date", "created_at", "updated_at") VALUES (108, 107, 5.0, '2026-06-08', '2026-06-08 13:25:33.034080', '2026-06-08 13:25:33.034080') RETURNING "id" /*application='CreditEngine'*/[0m
  [1m[36mTRANSACTION (0.1ms)[0m  [1m[35mRELEASE SAVEPOINT active_record_1 /*application='CreditEngine'*/[0m
  [1m[36mTRANSACTION (0.1ms)[0m  [1m[35mSAVEPOINT active_record_1 /*application='CreditEngine'*/[0m
  [1m[36mExchangeRate Exists? (1.1ms)[0m  [1m[34mSELECT 1 AS one FROM "exchange_rates" WHERE "exchange_rates"."reference_date" = '2026-06-08' AND "exchange_rates"."from_currency_id" = 107 AND "exchange_rates"."to_currency_id" = 108 LIMIT 1 /*application='CreditEngine'*/[0m
  [1m[36mExchangeRate Create (0.2ms)[0m  [1m[32mINSERT INTO "exchange_rates" ("from_currency_id", "to_currency_id", "rate", "reference_date", "created_at", "updated_at") VALUES (107, 108, 0.2, '2026-06-08', '2026-06-08 13:25:33.038201', '2026-06-08 13:25:33.038201') RETURNING "id" /*application='CreditEngine'*/[0m
  [1m[36mTRANSACTION (0.1ms)[0m  [1m[35mRELEASE SAVEPOINT active_record_1 /*application='CreditEngine'*/[0m
  [1m[36mTRANSACTION (0.1ms)[0m  [1m[35mSAVEPOINT active_record_1 /*application='CreditEngine'*/[0m
  [1m[36mReceivableType Exists? (1.1ms)[0m  [1m[34mSELECT 1 AS one FROM "receivable_types" WHERE LOWER("receivable_types"."code") = LOWER('duplicata') LIMIT 1 /*application='CreditEngine'*/[0m
  [1m[36mReceivableType Create (0.1ms)[0m  [1m[32mINSERT INTO "receivable_types" ("name", "code", "base_spread", "created_at", "updated_at") VALUES ('Duplicata Mercantil', 'duplicata', 0.015, '2026-06-08 13:25:33.042206', '2026-06-08 13:25:33.042206') RETURNING "id" /*application='CreditEngine'*/[0m
  [1m[36mTRANSACTION (0.1ms)[0m  [1m[35mRELEASE SAVEPOINT active_record_1 /*application='CreditEngine'*/[0m
  [1m[36mTRANSACTION (0.1ms)[0m  [1m[35mSAVEPOINT active_record_1 /*application='CreditEngine'*/[0m
  [1m[36mReceivableType Exists? (1.1ms)[0m  [1m[34mSELECT 1 AS one FROM "receivable_types" WHERE LOWER("receivable_types"."code") = LOWER('cheque') LIMIT 1 /*application='CreditEngine'*/[0m
  [1m[36mReceivableType Create (0.1ms)[0m  [1m[32mINSERT INTO "receivable_types" ("name", "code", "base_spread", "created_at", "updated_at") VALUES ('Cheque Pré-datado', 'cheque', 0.025, '2026-06-08 13:25:33.046512', '2026-06-08 13:25:33.046512') RETURNING "id" /*application='CreditEngine'*/[0m
  [1m[36mTRANSACTION (0.1ms)[0m  [1m[35mRELEASE SAVEPOINT active_record_1 /*application='CreditEngine'*/[0m
  [1m[36mReceivableType Load (0.1ms)[0m  [1m[34mSELECT "receivable_types".* FROM "receivable_types" WHERE "receivable_types"."code" = 'cheque' LIMIT 1 /*application='CreditEngine'*/[0m
  ↳ app/services/pricing_engine/calculator.rb:21:in 'PricingEngine::Calculator.calculate_receivable'
  [1m[36mCurrency Load (0.2ms)[0m  [1m[34mSELECT "currencies".* FROM "currencies" WHERE "currencies"."code" = 'BRL' LIMIT 1 /*application='CreditEngine'*/[0m
  ↳ app/services/pricing_engine/calculator.rb:60:in 'PricingEngine::Calculator.calculate_receivable'
  [1m[36mTRANSACTION (0.1ms)[0m  [1m[31mROLLBACK /*application='CreditEngine'*/[0m
  [1m[36mTRANSACTION (0.1ms)[0m  [1m[35mBEGIN /*application='CreditEngine'*/[0m
  [1m[36mReceivable Delete All (0.1ms)[0m  [1m[31mDELETE FROM "receivables" /*application='CreditEngine'*/[0m
  [1m[36mOperation Delete All (0.1ms)[0m  [1m[31mDELETE FROM "operations" /*application='CreditEngine'*/[0m
  [1m[36mExchangeRate Delete All (0.1ms)[0m  [1m[31mDELETE FROM "exchange_rates" /*application='CreditEngine'*/[0m
  [1m[36mReceivableType Delete All (0.1ms)[0m  [1m[31mDELETE FROM "receivable_types" /*application='CreditEngine'*/[0m
  [1m[36mCurrency Delete All (0.2ms)[0m  [1m[31mDELETE FROM "currencies" /*application='CreditEngine'*/[0m
  [1m[36mTRANSACTION (0.1ms)[0m  [1m[35mSAVEPOINT active_record_1 /*application='CreditEngine'*/[0m
  [1m[36mCurrency Exists? (1.0ms)[0m  [1m[34mSELECT 1 AS one FROM "currencies" WHERE LOWER("currencies"."code") = LOWER('BRL') LIMIT 1 /*application='CreditEngine'*/[0m
  [1m[36mCurrency Create (0.2ms)[0m  [1m[32mINSERT INTO "currencies" ("code", "name", "symbol", "created_at", "updated_at") VALUES ('BRL', 'Real', 'R$', '2026-06-08 13:25:33.057932', '2026-06-08 13:25:33.057932') RETURNING "id" /*application='CreditEngine'*/[0m
  [1m[36mTRANSACTION (0.1ms)[0m  [1m[35mRELEASE SAVEPOINT active_record_1 /*application='CreditEngine'*/[0m
  [1m[36mTRANSACTION (0.1ms)[0m  [1m[35mSAVEPOINT active_record_1 /*application='CreditEngine'*/[0m
  [1m[36mCurrency Exists? (1.1ms)[0m  [1m[34mSELECT 1 AS one FROM "currencies" WHERE LOWER("currencies"."code") = LOWER('USD') LIMIT 1 /*application='CreditEngine'*/[0m
  [1m[36mCurrency Create (0.1ms)[0m  [1m[32mINSERT INTO "currencies" ("code", "name", "symbol", "created_at", "updated_at") VALUES ('USD', 'Dollar', '$', '2026-06-08 13:25:33.062061', '2026-06-08 13:25:33.062061') RETURNING "id" /*application='CreditEngine'*/[0m
  [1m[36mTRANSACTION (0.1ms)[0m  [1m[35mRELEASE SAVEPOINT active_record_1 /*application='CreditEngine'*/[0m
  [1m[36mTRANSACTION (0.1ms)[0m  [1m[35mSAVEPOINT active_record_1 /*application='CreditEngine'*/[0m
  [1m[36mExchangeRate Exists? (1.1ms)[0m  [1m[34mSELECT 1 AS one FROM "exchange_rates" WHERE "exchange_rates"."reference_date" = '2026-06-08' AND "exchange_rates"."from_currency_id" = 110 AND "exchange_rates"."to_currency_id" = 109 LIMIT 1 /*application='CreditEngine'*/[0m
  [1m[36mExchangeRate Create (0.2ms)[0m  [1m[32mINSERT INTO "exchange_rates" ("from_currency_id", "to_currency_id", "rate", "reference_date", "created_at", "updated_at") VALUES (110, 109, 5.0, '2026-06-08', '2026-06-08 13:25:33.066627', '2026-06-08 13:25:33.066627') RETURNING "id" /*application='CreditEngine'*/[0m
  [1m[36mTRANSACTION (0.1ms)[0m  [1m[35mRELEASE SAVEPOINT active_record_1 /*application='CreditEngine'*/[0m
  [1m[36mTRANSACTION (0.1ms)[0m  [1m[35mSAVEPOINT active_record_1 /*application='CreditEngine'*/[0m
  [1m[36mExchangeRate Exists? (1.5ms)[0m  [1m[34mSELECT 1 AS one FROM "exchange_rates" WHERE "exchange_rates"."reference_date" = '2026-06-08' AND "exchange_rates"."from_currency_id" = 109 AND "exchange_rates"."to_currency_id" = 110 LIMIT 1 /*application='CreditEngine'*/[0m
  [1m[36mExchangeRate Create (0.2ms)[0m  [1m[32mINSERT INTO "exchange_rates" ("from_currency_id", "to_currency_id", "rate", "reference_date", "created_at", "updated_at") VALUES (109, 110, 0.2, '2026-06-08', '2026-06-08 13:25:33.071441', '2026-06-08 13:25:33.071441') RETURNING "id" /*application='CreditEngine'*/[0m
  [1m[36mTRANSACTION (0.1ms)[0m  [1m[35mRELEASE SAVEPOINT active_record_1 /*application='CreditEngine'*/[0m
  [1m[36mTRANSACTION (0.1ms)[0m  [1m[35mSAVEPOINT active_record_1 /*application='CreditEngine'*/[0m
  [1m[36mReceivableType Exists? (1.0ms)[0m  [1m[34mSELECT 1 AS one FROM "receivable_types" WHERE LOWER("receivable_types"."code") = LOWER('duplicata') LIMIT 1 /*application='CreditEngine'*/[0m
  [1m[36mReceivableType Create (0.1ms)[0m  [1m[32mINSERT INTO "receivable_types" ("name", "code", "base_spread", "created_at", "updated_at") VALUES ('Duplicata Mercantil', 'duplicata', 0.015, '2026-06-08 13:25:33.075353', '2026-06-08 13:25:33.075353') RETURNING "id" /*application='CreditEngine'*/[0m
  [1m[36mTRANSACTION (0.1ms)[0m  [1m[35mRELEASE SAVEPOINT active_record_1 /*application='CreditEngine'*/[0m
  [1m[36mTRANSACTION (0.1ms)[0m  [1m[35mSAVEPOINT active_record_1 /*application='CreditEngine'*/[0m
  [1m[36mReceivableType Exists? (1.1ms)[0m  [1m[34mSELECT 1 AS one FROM "receivable_types" WHERE LOWER("receivable_types"."code") = LOWER('cheque') LIMIT 1 /*application='CreditEngine'*/[0m
  [1m[36mReceivableType Create (0.1ms)[0m  [1m[32mINSERT INTO "receivable_types" ("name", "code", "base_spread", "created_at", "updated_at") VALUES ('Cheque Pré-datado', 'cheque', 0.025, '2026-06-08 13:25:33.079162', '2026-06-08 13:25:33.079162') RETURNING "id" /*application='CreditEngine'*/[0m
  [1m[36mTRANSACTION (0.1ms)[0m  [1m[35mRELEASE SAVEPOINT active_record_1 /*application='CreditEngine'*/[0m
  [1m[36mReceivableType Load (0.1ms)[0m  [1m[34mSELECT "receivable_types".* FROM "receivable_types" WHERE "receivable_types"."code" = 'duplicata' LIMIT 1 /*application='CreditEngine'*/[0m
  ↳ app/services/pricing_engine/calculator.rb:21:in 'PricingEngine::Calculator.calculate_receivable'
  [1m[36mCurrency Load (0.1ms)[0m  [1m[34mSELECT "currencies".* FROM "currencies" WHERE "currencies"."code" = 'BRL' LIMIT 1 /*application='CreditEngine'*/[0m
  ↳ app/services/pricing_engine/calculator.rb:98:in 'PricingEngine::Calculator.find_exchange_rate'
  [1m[36mCurrency Load (0.1ms)[0m  [1m[34mSELECT "currencies".* FROM "currencies" WHERE "currencies"."code" = 'USD' LIMIT 1 /*application='CreditEngine'*/[0m
  ↳ app/services/pricing_engine/calculator.rb:99:in 'PricingEngine::Calculator.find_exchange_rate'
  [1m[36mExchangeRate Load (0.4ms)[0m  [1m[34mSELECT "exchange_rates".* FROM "exchange_rates" WHERE "exchange_rates"."from_currency_id" = 109 AND "exchange_rates"."to_currency_id" = 110 AND (reference_date <= '2026-06-08') ORDER BY "exchange_rates"."reference_date" DESC LIMIT 1 /*application='CreditEngine'*/[0m
  ↳ app/services/pricing_engine/calculator.rb:108:in 'PricingEngine::Calculator.find_exchange_rate'
  [1m[36mCurrency Load (0.1ms)[0m  [1m[34mSELECT "currencies".* FROM "currencies" WHERE "currencies"."code" = 'BRL' LIMIT 1 /*application='CreditEngine'*/[0m
  ↳ app/services/pricing_engine/calculator.rb:60:in 'PricingEngine::Calculator.calculate_receivable'
  [1m[36mTRANSACTION (0.1ms)[0m  [1m[31mROLLBACK /*application='CreditEngine'*/[0m
  [1m[36mTRANSACTION (0.1ms)[0m  [1m[35mBEGIN /*application='CreditEngine'*/[0m
  [1m[36mReceivable Delete All (0.1ms)[0m  [1m[31mDELETE FROM "receivables" /*application='CreditEngine'*/[0m
  [1m[36mOperation Delete All (0.1ms)[0m  [1m[31mDELETE FROM "operations" /*application='CreditEngine'*/[0m
  [1m[36mExchangeRate Delete All (0.1ms)[0m  [1m[31mDELETE FROM "exchange_rates" /*application='CreditEngine'*/[0m
  [1m[36mReceivableType Delete All (0.1ms)[0m  [1m[31mDELETE FROM "receivable_types" /*application='CreditEngine'*/[0m
  [1m[36mCurrency Delete All (0.2ms)[0m  [1m[31mDELETE FROM "currencies" /*application='CreditEngine'*/[0m
  [1m[36mTRANSACTION (0.1ms)[0m  [1m[35mSAVEPOINT active_record_1 /*application='CreditEngine'*/[0m
  [1m[36mCurrency Exists? (1.1ms)[0m  [1m[34mSELECT 1 AS one FROM "currencies" WHERE LOWER("currencies"."code") = LOWER('BRL') LIMIT 1 /*application='CreditEngine'*/[0m
  [1m[36mCurrency Create (0.1ms)[0m  [1m[32mINSERT INTO "currencies" ("code", "name", "symbol", "created_at", "updated_at") VALUES ('BRL', 'Real', 'R$', '2026-06-08 13:25:33.092461', '2026-06-08 13:25:33.092461') RETURNING "id" /*application='CreditEngine'*/[0m
  [1m[36mTRANSACTION (0.1ms)[0m  [1m[35mRELEASE SAVEPOINT active_record_1 /*application='CreditEngine'*/[0m
  [1m[36mTRANSACTION (0.2ms)[0m  [1m[35mSAVEPOINT active_record_1 /*application='CreditEngine'*/[0m
  [1m[36mCurrency Exists? (1.4ms)[0m  [1m[34mSELECT 1 AS one FROM "currencies" WHERE LOWER("currencies"."code") = LOWER('USD') LIMIT 1 /*application='CreditEngine'*/[0m
  [1m[36mCurrency Create (0.2ms)[0m  [1m[32mINSERT INTO "currencies" ("code", "name", "symbol", "created_at", "updated_at") VALUES ('USD', 'Dollar', '$', '2026-06-08 13:25:33.115854', '2026-06-08 13:25:33.115854') RETURNING "id" /*application='CreditEngine'*/[0m
  [1m[36mTRANSACTION (0.1ms)[0m  [1m[35mRELEASE SAVEPOINT active_record_1 /*application='CreditEngine'*/[0m
  [1m[36mTRANSACTION (0.1ms)[0m  [1m[35mSAVEPOINT active_record_1 /*application='CreditEngine'*/[0m
  [1m[36mExchangeRate Exists? (2.2ms)[0m  [1m[34mSELECT 1 AS one FROM "exchange_rates" WHERE "exchange_rates"."reference_date" = '2026-06-08' AND "exchange_rates"."from_currency_id" = 112 AND "exchange_rates"."to_currency_id" = 111 LIMIT 1 /*application='CreditEngine'*/[0m
  [1m[36mExchangeRate Create (0.2ms)[0m  [1m[32mINSERT INTO "exchange_rates" ("from_currency_id", "to_currency_id", "rate", "reference_date", "created_at", "updated_at") VALUES (112, 111, 5.0, '2026-06-08', '2026-06-08 13:25:33.122102', '2026-06-08 13:25:33.122102') RETURNING "id" /*application='CreditEngine'*/[0m
  [1m[36mTRANSACTION (0.1ms)[0m  [1m[35mRELEASE SAVEPOINT active_record_1 /*application='CreditEngine'*/[0m
  [1m[36mTRANSACTION (0.1ms)[0m  [1m[35mSAVEPOINT active_record_1 /*application='CreditEngine'*/[0m
  [1m[36mExchangeRate Exists? (1.1ms)[0m  [1m[34mSELECT 1 AS one FROM "exchange_rates" WHERE "exchange_rates"."reference_date" = '2026-06-08' AND "exchange_rates"."from_currency_id" = 111 AND "exchange_rates"."to_currency_id" = 112 LIMIT 1 /*application='CreditEngine'*/[0m
  [1m[36mExchangeRate Create (0.2ms)[0m  [1m[32mINSERT INTO "exchange_rates" ("from_currency_id", "to_currency_id", "rate", "reference_date", "created_at", "updated_at") VALUES (111, 112, 0.2, '2026-06-08', '2026-06-08 13:25:33.127109', '2026-06-08 13:25:33.127109') RETURNING "id" /*application='CreditEngine'*/[0m
  [1m[36mTRANSACTION (0.1ms)[0m  [1m[35mRELEASE SAVEPOINT active_record_1 /*application='CreditEngine'*/[0m
  [1m[36mTRANSACTION (0.1ms)[0m  [1m[35mSAVEPOINT active_record_1 /*application='CreditEngine'*/[0m
  [1m[36mReceivableType Exists? (1.2ms)[0m  [1m[34mSELECT 1 AS one FROM "receivable_types" WHERE LOWER("receivable_types"."code") = LOWER('duplicata') LIMIT 1 /*application='CreditEngine'*/[0m
  [1m[36mReceivableType Create (0.1ms)[0m  [1m[32mINSERT INTO "receivable_types" ("name", "code", "base_spread", "created_at", "updated_at") VALUES ('Duplicata Mercantil', 'duplicata', 0.015, '2026-06-08 13:25:33.131388', '2026-06-08 13:25:33.131388') RETURNING "id" /*application='CreditEngine'*/[0m
  [1m[36mTRANSACTION (0.1ms)[0m  [1m[35mRELEASE SAVEPOINT active_record_1 /*application='CreditEngine'*/[0m
  [1m[36mTRANSACTION (0.1ms)[0m  [1m[35mSAVEPOINT active_record_1 /*application='CreditEngine'*/[0m
  [1m[36mReceivableType Exists? (1.1ms)[0m  [1m[34mSELECT 1 AS one FROM "receivable_types" WHERE LOWER("receivable_types"."code") = LOWER('cheque') LIMIT 1 /*application='CreditEngine'*/[0m
  [1m[36mReceivableType Create (0.2ms)[0m  [1m[32mINSERT INTO "receivable_types" ("name", "code", "base_spread", "created_at", "updated_at") VALUES ('Cheque Pré-datado', 'cheque', 0.025, '2026-06-08 13:25:33.137119', '2026-06-08 13:25:33.137119') RETURNING "id" /*application='CreditEngine'*/[0m
  [1m[36mTRANSACTION (0.1ms)[0m  [1m[35mRELEASE SAVEPOINT active_record_1 /*application='CreditEngine'*/[0m
  [1m[36mTRANSACTION (0.2ms)[0m  [1m[31mROLLBACK /*application='CreditEngine'*/[0m
  [1m[36mTRANSACTION (0.1ms)[0m  [1m[35mBEGIN /*application='CreditEngine'*/[0m
  [1m[36mReceivable Delete All (0.2ms)[0m  [1m[31mDELETE FROM "receivables" /*application='CreditEngine'*/[0m
  [1m[36mOperation Delete All (0.1ms)[0m  [1m[31mDELETE FROM "operations" /*application='CreditEngine'*/[0m
  [1m[36mExchangeRate Delete All (0.1ms)[0m  [1m[31mDELETE FROM "exchange_rates" /*application='CreditEngine'*/[0m
  [1m[36mReceivableType Delete All (0.1ms)[0m  [1m[31mDELETE FROM "receivable_types" /*application='CreditEngine'*/[0m
  [1m[36mCurrency Delete All (0.2ms)[0m  [1m[31mDELETE FROM "currencies" /*application='CreditEngine'*/[0m
  [1m[36mTRANSACTION (0.1ms)[0m  [1m[35mSAVEPOINT active_record_1 /*application='CreditEngine'*/[0m
  [1m[36mCurrency Exists? (1.1ms)[0m  [1m[34mSELECT 1 AS one FROM "currencies" WHERE LOWER("currencies"."code") = LOWER('BRL') LIMIT 1 /*application='CreditEngine'*/[0m
  [1m[36mCurrency Create (0.2ms)[0m  [1m[32mINSERT INTO "currencies" ("code", "name", "symbol", "created_at", "updated_at") VALUES ('BRL', 'Real', 'R$', '2026-06-08 13:25:33.150966', '2026-06-08 13:25:33.150966') RETURNING "id" /*application='CreditEngine'*/[0m
  [1m[36mTRANSACTION (0.1ms)[0m  [1m[35mRELEASE SAVEPOINT active_record_1 /*application='CreditEngine'*/[0m
  [1m[36mTRANSACTION (0.1ms)[0m  [1m[35mSAVEPOINT active_record_1 /*application='CreditEngine'*/[0m
  [1m[36mCurrency Exists? (1.6ms)[0m  [1m[34mSELECT 1 AS one FROM "currencies" WHERE LOWER("currencies"."code") = LOWER('USD') LIMIT 1 /*application='CreditEngine'*/[0m
  [1m[36mCurrency Create (0.1ms)[0m  [1m[32mINSERT INTO "currencies" ("code", "name", "symbol", "created_at", "updated_at") VALUES ('USD', 'Dollar', '$', '2026-06-08 13:25:33.155952', '2026-06-08 13:25:33.155952') RETURNING "id" /*application='CreditEngine'*/[0m
  [1m[36mTRANSACTION (0.1ms)[0m  [1m[35mRELEASE SAVEPOINT active_record_1 /*application='CreditEngine'*/[0m
  [1m[36mTRANSACTION (0.1ms)[0m  [1m[35mSAVEPOINT active_record_1 /*application='CreditEngine'*/[0m
  [1m[36mExchangeRate Exists? (1.1ms)[0m  [1m[34mSELECT 1 AS one FROM "exchange_rates" WHERE "exchange_rates"."reference_date" = '2026-06-08' AND "exchange_rates"."from_currency_id" = 114 AND "exchange_rates"."to_currency_id" = 113 LIMIT 1 /*application='CreditEngine'*/[0m
  [1m[36mExchangeRate Create (0.2ms)[0m  [1m[32mINSERT INTO "exchange_rates" ("from_currency_id", "to_currency_id", "rate", "reference_date", "created_at", "updated_at") VALUES (114, 113, 5.0, '2026-06-08', '2026-06-08 13:25:33.160647', '2026-06-08 13:25:33.160647') RETURNING "id" /*application='CreditEngine'*/[0m
  [1m[36mTRANSACTION (0.1ms)[0m  [1m[35mRELEASE SAVEPOINT active_record_1 /*application='CreditEngine'*/[0m
  [1m[36mTRANSACTION (0.1ms)[0m  [1m[35mSAVEPOINT active_record_1 /*application='CreditEngine'*/[0m
  [1m[36mExchangeRate Exists? (1.0ms)[0m  [1m[34mSELECT 1 AS one FROM "exchange_rates" WHERE "exchange_rates"."reference_date" = '2026-06-08' AND "exchange_rates"."from_currency_id" = 113 AND "exchange_rates"."to_currency_id" = 114 LIMIT 1 /*application='CreditEngine'*/[0m
  [1m[36mExchangeRate Create (0.2ms)[0m  [1m[32mINSERT INTO "exchange_rates" ("from_currency_id", "to_currency_id", "rate", "reference_date", "created_at", "updated_at") VALUES (113, 114, 0.2, '2026-06-08', '2026-06-08 13:25:33.164747', '2026-06-08 13:25:33.164747') RETURNING "id" /*application='CreditEngine'*/[0m
  [1m[36mTRANSACTION (0.1ms)[0m  [1m[35mRELEASE SAVEPOINT active_record_1 /*application='CreditEngine'*/[0m
  [1m[36mTRANSACTION (0.1ms)[0m  [1m[35mSAVEPOINT active_record_1 /*application='CreditEngine'*/[0m
  [1m[36mReceivableType Exists? (1.1ms)[0m  [1m[34mSELECT 1 AS one FROM "receivable_types" WHERE LOWER("receivable_types"."code") = LOWER('duplicata') LIMIT 1 /*application='CreditEngine'*/[0m
  [1m[36mReceivableType Create (0.1ms)[0m  [1m[32mINSERT INTO "receivable_types" ("name", "code", "base_spread", "created_at", "updated_at") VALUES ('Duplicata Mercantil', 'duplicata', 0.015, '2026-06-08 13:25:33.169679', '2026-06-08 13:25:33.169679') RETURNING "id" /*application='CreditEngine'*/[0m
  [1m[36mTRANSACTION (0.1ms)[0m  [1m[35mRELEASE SAVEPOINT active_record_1 /*application='CreditEngine'*/[0m
  [1m[36mTRANSACTION (0.1ms)[0m  [1m[35mSAVEPOINT active_record_1 /*application='CreditEngine'*/[0m
  [1m[36mReceivableType Exists? (1.9ms)[0m  [1m[34mSELECT 1 AS one FROM "receivable_types" WHERE LOWER("receivable_types"."code") = LOWER('cheque') LIMIT 1 /*application='CreditEngine'*/[0m
  [1m[36mReceivableType Create (0.2ms)[0m  [1m[32mINSERT INTO "receivable_types" ("name", "code", "base_spread", "created_at", "updated_at") VALUES ('Cheque Pré-datado', 'cheque', 0.025, '2026-06-08 13:25:33.174424', '2026-06-08 13:25:33.174424') RETURNING "id" /*application='CreditEngine'*/[0m
  [1m[36mTRANSACTION (0.1ms)[0m  [1m[35mRELEASE SAVEPOINT active_record_1 /*application='CreditEngine'*/[0m
  [1m[36mCurrency Load (0.1ms)[0m  [1m[34mSELECT "currencies".* FROM "currencies" WHERE "currencies"."code" = 'USD' LIMIT 1 /*application='CreditEngine'*/[0m
  ↳ app/services/pricing_engine/calculator.rb:66:in 'PricingEngine::Calculator.calculate_operation'
  [1m[36mReceivableType Load (0.2ms)[0m  [1m[34mSELECT "receivable_types".* FROM "receivable_types" WHERE "receivable_types"."code" = 'duplicata' LIMIT 1 /*application='CreditEngine'*/[0m
  ↳ app/services/pricing_engine/calculator.rb:21:in 'PricingEngine::Calculator.calculate_receivable'
  [1m[36mCurrency Load (0.1ms)[0m  [1m[34mSELECT "currencies".* FROM "currencies" WHERE "currencies"."code" = 'BRL' LIMIT 1 /*application='CreditEngine'*/[0m
  ↳ app/services/pricing_engine/calculator.rb:98:in 'PricingEngine::Calculator.find_exchange_rate'
  [1m[36mCurrency Load (0.1ms)[0m  [1m[34mSELECT "currencies".* FROM "currencies" WHERE "currencies"."code" = 'USD' LIMIT 1 /*application='CreditEngine'*/[0m
  ↳ app/services/pricing_engine/calculator.rb:99:in 'PricingEngine::Calculator.find_exchange_rate'
  [1m[36mExchangeRate Load (0.2ms)[0m  [1m[34mSELECT "exchange_rates".* FROM "exchange_rates" WHERE "exchange_rates"."from_currency_id" = 113 AND "exchange_rates"."to_currency_id" = 114 AND (reference_date <= '2026-06-08') ORDER BY "exchange_rates"."reference_date" DESC LIMIT 1 /*application='CreditEngine'*/[0m
  ↳ app/services/pricing_engine/calculator.rb:108:in 'PricingEngine::Calculator.find_exchange_rate'
  [1m[36mCurrency Load (0.1ms)[0m  [1m[34mSELECT "currencies".* FROM "currencies" WHERE "currencies"."code" = 'BRL' LIMIT 1 /*application='CreditEngine'*/[0m
  ↳ app/services/pricing_engine/calculator.rb:60:in 'PricingEngine::Calculator.calculate_receivable'
  [1m[36mReceivableType Load (0.2ms)[0m  [1m[34mSELECT "receivable_types".* FROM "receivable_types" WHERE "receivable_types"."code" = 'cheque' LIMIT 1 /*application='CreditEngine'*/[0m
  ↳ app/services/pricing_engine/calculator.rb:21:in 'PricingEngine::Calculator.calculate_receivable'
  [1m[36mCurrency Load (0.2ms)[0m  [1m[34mSELECT "currencies".* FROM "currencies" WHERE "currencies"."code" = 'BRL' LIMIT 1 /*application='CreditEngine'*/[0m
  ↳ app/services/pricing_engine/calculator.rb:98:in 'PricingEngine::Calculator.find_exchange_rate'
  [1m[36mCurrency Load (0.1ms)[0m  [1m[34mSELECT "currencies".* FROM "currencies" WHERE "currencies"."code" = 'USD' LIMIT 1 /*application='CreditEngine'*/[0m
  ↳ app/services/pricing_engine/calculator.rb:99:in 'PricingEngine::Calculator.find_exchange_rate'
  [1m[36mExchangeRate Load (0.1ms)[0m  [1m[34mSELECT "exchange_rates".* FROM "exchange_rates" WHERE "exchange_rates"."from_currency_id" = 113 AND "exchange_rates"."to_currency_id" = 114 AND (reference_date <= '2026-06-08') ORDER BY "exchange_rates"."reference_date" DESC LIMIT 1 /*application='CreditEngine'*/[0m
  ↳ app/services/pricing_engine/calculator.rb:108:in 'PricingEngine::Calculator.find_exchange_rate'
  [1m[36mCurrency Load (0.1ms)[0m  [1m[34mSELECT "currencies".* FROM "currencies" WHERE "currencies"."code" = 'BRL' LIMIT 1 /*application='CreditEngine'*/[0m
  ↳ app/services/pricing_engine/calculator.rb:60:in 'PricingEngine::Calculator.calculate_receivable'
  [1m[36mTRANSACTION (0.1ms)[0m  [1m[31mROLLBACK /*application='CreditEngine'*/[0m
  [1m[36mActiveRecord::SchemaMigration Load (0.9ms)[0m  [1m[34mSELECT "schema_migrations"."version" FROM "schema_migrations" ORDER BY "schema_migrations"."version" ASC /*application='CreditEngine'*/[0m
  [1m[36mActiveRecord::SchemaMigration Load (0.3ms)[0m  [1m[34mSELECT "schema_migrations"."version" FROM "schema_migrations" ORDER BY "schema_migrations"."version" ASC /*application='CreditEngine'*/[0m
  [1m[36mActiveRecord::SchemaMigration Load (0.9ms)[0m  [1m[34mSELECT "schema_migrations"."version" FROM "schema_migrations" ORDER BY "schema_migrations"."version" ASC /*application='CreditEngine'*/[0m
  [1m[36mActiveRecord::SchemaMigration Load (0.8ms)[0m  [1m[34mSELECT "schema_migrations"."version" FROM "schema_migrations" ORDER BY "schema_migrations"."version" ASC /*application='CreditEngine'*/[0m
  [1m[36mActiveRecord::SchemaMigration Load (0.8ms)[0m  [1m[34mSELECT "schema_migrations"."version" FROM "schema_migrations" ORDER BY "schema_migrations"."version" ASC /*application='CreditEngine'*/[0m
  [1m[36mActiveRecord::SchemaMigration Load (0.5ms)[0m  [1m[34mSELECT "schema_migrations"."version" FROM "schema_migrations" ORDER BY "schema_migrations"."version" ASC /*application='CreditEngine'*/[0m
Started GET "/api/v1/currencies" for 172.22.0.1 at 2026-06-08 14:24:28 +0000
Started GET "/api/v1/receivable_types" for 172.22.0.1 at 2026-06-08 14:24:28 +0000
Started GET "/api/v1/exchange_rates" for 172.22.0.1 at 2026-06-08 14:24:28 +0000
Cannot render console from 172.22.0.1! Allowed networks: 127.0.0.0/127.255.255.255, ::1, ::ffff:127.0.0.0/::ffff:127.255.255.255
Cannot render console from 172.22.0.1! Allowed networks: 127.0.0.0/127.255.255.255, ::1, ::ffff:127.0.0.0/::ffff:127.255.255.255
Cannot render console from 172.22.0.1! Allowed networks: 127.0.0.0/127.255.255.255, ::1, ::ffff:127.0.0.0/::ffff:127.255.255.255
  [1m[36mActiveRecord::SchemaMigration Load (0.5ms)[0m  [1m[34mSELECT "schema_migrations"."version" FROM "schema_migrations" ORDER BY "schema_migrations"."version" ASC /*application='CreditEngine'*/[0m
  
ActionController::RoutingError (No route matches [GET] "/api/v1/exchange_rates"):
  
  
ActionController::RoutingError (No route matches [GET] "/api/v1/currencies"):
  
Processing by Api::V1::ReceivableTypesController#index as HTML
Started GET "/api/v1/currencies" for 172.22.0.1 at 2026-06-08 14:24:29 +0000
Started GET "/api/v1/receivable_types" for 172.22.0.1 at 2026-06-08 14:24:29 +0000
Cannot render console from 172.22.0.1! Allowed networks: 127.0.0.0/127.255.255.255, ::1, ::ffff:127.0.0.0/::ffff:127.255.255.255
Cannot render console from 172.22.0.1! Allowed networks: 127.0.0.0/127.255.255.255, ::1, ::ffff:127.0.0.0/::ffff:127.255.255.255
Processing by Api::V1::CurrenciesController#index as HTML
Processing by Api::V1::ReceivableTypesController#index as HTML
  [1m[36mReceivableType Load (1.3ms)[0m  [1m[34mSELECT "receivable_types".* FROM "receivable_types" ORDER BY "receivable_types"."name" ASC /*action='index',application='CreditEngine',controller='receivable_types'*/[0m
  ↳ app/controllers/api/v1/receivable_types_controller.rb:6:in 'Api::V1::ReceivableTypesController#index'
Completed 200 OK in 70ms (Views: 23.4ms | ActiveRecord: 20.0ms (1 query, 0 cached) | GC: 21.3ms)


Started GET "/api/v1/exchange_rates" for 172.22.0.1 at 2026-06-08 14:24:29 +0000
Cannot render console from 172.22.0.1! Allowed networks: 127.0.0.0/127.255.255.255, ::1, ::ffff:127.0.0.0/::ffff:127.255.255.255
Processing by Api::V1::ExchangeRatesController#index as HTML
  [1m[36mCurrency Load (5.8ms)[0m  [1m[34mSELECT "currencies".* FROM "currencies" ORDER BY "currencies"."code" ASC /*action='index',application='CreditEngine',controller='currencies'*/[0m
  ↳ app/controllers/api/v1/currencies_controller.rb:6:in 'Api::V1::CurrenciesController#index'
  [1m[36mReceivableType Load (40.7ms)[0m  [1m[34mSELECT "receivable_types".* FROM "receivable_types" ORDER BY "receivable_types"."name" ASC /*action='index',application='CreditEngine',controller='receivable_types'*/[0m
Completed 200 OK in 57ms (Views: 4.1ms | ActiveRecord: 36.4ms (1 query, 0 cached) | GC: 22.6ms)


  ↳ app/controllers/api/v1/receivable_types_controller.rb:6:in 'Api::V1::ReceivableTypesController#index'
  [1m[36mExchangeRate Load (3.3ms)[0m  [1m[34mSELECT "exchange_rates".* FROM "exchange_rates" ORDER BY "exchange_rates"."reference_date" DESC, "exchange_rates"."created_at" DESC LIMIT 50 /*action='index',application='CreditEngine',controller='exchange_rates'*/[0m
Completed 200 OK in 54ms (Views: -4.7ms | ActiveRecord: 49.8ms (1 query, 0 cached) | GC: 22.6ms)


  ↳ app/controllers/api/v1/exchange_rates_controller.rb:9:in 'Api::V1::ExchangeRatesController#index'
  [1m[36mCurrency Load (0.7ms)[0m  [1m[34mSELECT "currencies".* FROM "currencies" WHERE "currencies"."id" IN (1, 2) /*action='index',application='CreditEngine',controller='exchange_rates'*/[0m
  ↳ app/controllers/api/v1/exchange_rates_controller.rb:9:in 'Api::V1::ExchangeRatesController#index'
  [1m[36mCurrency Load (0.1ms)[0m  [1m[34mSELECT "currencies".* FROM "currencies" WHERE "currencies"."id" IN (2, 1) /*action='index',application='CreditEngine',controller='exchange_rates'*/[0m
  ↳ app/controllers/api/v1/exchange_rates_controller.rb:9:in 'Api::V1::ExchangeRatesController#index'
Completed 200 OK in 25ms (Views: 0.1ms | ActiveRecord: 5.9ms (3 queries, 0 cached) | GC: 1.3ms)


Started GET "/api/v1/currencies" for 172.22.0.1 at 2026-06-08 14:24:47 +0000
Started GET "/api/v1/receivable_types" for 172.22.0.1 at 2026-06-08 14:24:47 +0000
Started GET "/api/v1/currencies" for 172.22.0.1 at 2026-06-08 14:24:47 +0000
Cannot render console from 172.22.0.1! Allowed networks: 127.0.0.0/127.255.255.255, ::1, ::ffff:127.0.0.0/::ffff:127.255.255.255
Cannot render console from 172.22.0.1! Allowed networks: 127.0.0.0/127.255.255.255, ::1, ::ffff:127.0.0.0/::ffff:127.255.255.255
Cannot render console from 172.22.0.1! Allowed networks: 127.0.0.0/127.255.255.255, ::1, ::ffff:127.0.0.0/::ffff:127.255.255.255
Processing by Api::V1::CurrenciesController#index as HTML
Processing by Api::V1::ReceivableTypesController#index as HTML
  [1m[36mCurrency Load (0.6ms)[0m  [1m[34mSELECT "currencies".* FROM "currencies" ORDER BY "currencies"."code" ASC /*action='index',application='CreditEngine',controller='currencies'*/[0m
  ↳ app/controllers/api/v1/currencies_controller.rb:6:in 'Api::V1::CurrenciesController#index'
  [1m[36mReceivableType Load (0.8ms)[0m  [1m[34mSELECT "receivable_types".* FROM "receivable_types" ORDER BY "receivable_types"."name" ASC /*action='index',application='CreditEngine',controller='receivable_types'*/[0m
Completed 200 OK in 2ms (Views: 1.2ms | ActiveRecord: 0.6ms (1 query, 0 cached) | GC: 0.0ms)


Processing by Api::V1::CurrenciesController#index as HTML
  ↳ app/controllers/api/v1/receivable_types_controller.rb:6:in 'Api::V1::ReceivableTypesController#index'
Completed 200 OK in 4ms (Views: 3.3ms | ActiveRecord: 0.8ms (1 query, 0 cached) | GC: 0.5ms)


  [1m[36mCurrency Load (1.6ms)[0m  [1m[34mSELECT "currencies".* FROM "currencies" ORDER BY "currencies"."code" ASC /*action='index',application='CreditEngine',controller='currencies'*/[0m
  ↳ app/controllers/api/v1/currencies_controller.rb:6:in 'Api::V1::CurrenciesController#index'
Completed 200 OK in 3ms (Views: 1.5ms | ActiveRecord: 1.6ms (1 query, 0 cached) | GC: 0.0ms)


Started GET "/api/v1/exchange_rates" for 172.22.0.1 at 2026-06-08 14:24:47 +0000
Cannot render console from 172.22.0.1! Allowed networks: 127.0.0.0/127.255.255.255, ::1, ::ffff:127.0.0.0/::ffff:127.255.255.255
Started GET "/api/v1/receivable_types" for 172.22.0.1 at 2026-06-08 14:24:47 +0000
Cannot render console from 172.22.0.1! Allowed networks: 127.0.0.0/127.255.255.255, ::1, ::ffff:127.0.0.0/::ffff:127.255.255.255
Started GET "/api/v1/exchange_rates" for 172.22.0.1 at 2026-06-08 14:24:47 +0000
Cannot render console from 172.22.0.1! Allowed networks: 127.0.0.0/127.255.255.255, ::1, ::ffff:127.0.0.0/::ffff:127.255.255.255
Processing by Api::V1::ExchangeRatesController#index as HTML
Processing by Api::V1::ReceivableTypesController#index as HTML
  [1m[36mExchangeRate Load (0.6ms)[0m  [1m[34mSELECT "exchange_rates".* FROM "exchange_rates" ORDER BY "exchange_rates"."reference_date" DESC, "exchange_rates"."created_at" DESC LIMIT 50 /*action='index',application='CreditEngine',controller='exchange_rates'*/[0m
  ↳ app/controllers/api/v1/exchange_rates_controller.rb:9:in 'Api::V1::ExchangeRatesController#index'
Processing by Api::V1::ExchangeRatesController#index as HTML
  [1m[36mReceivableType Load (1.2ms)[0m  [1m[34mSELECT "receivable_types".* FROM "receivable_types" ORDER BY "receivable_types"."name" ASC /*action='index',application='CreditEngine',controller='receivable_types'*/[0m
  [1m[36mCurrency Load (0.8ms)[0m  [1m[34mSELECT "currencies".* FROM "currencies" WHERE "currencies"."id" IN (1, 2) /*action='index',application='CreditEngine',controller='exchange_rates'*/[0m
  ↳ app/controllers/api/v1/receivable_types_controller.rb:6:in 'Api::V1::ReceivableTypesController#index'
  ↳ app/controllers/api/v1/exchange_rates_controller.rb:9:in 'Api::V1::ExchangeRatesController#index'
Completed 200 OK in 3ms (Views: 1.9ms | ActiveRecord: 1.2ms (1 query, 0 cached) | GC: 0.0ms)


  [1m[36mExchangeRate Load (1.4ms)[0m  [1m[34mSELECT "exchange_rates".* FROM "exchange_rates" ORDER BY "exchange_rates"."reference_date" DESC, "exchange_rates"."created_at" DESC LIMIT 50 /*action='index',application='CreditEngine',controller='exchange_rates'*/[0m
  ↳ app/controllers/api/v1/exchange_rates_controller.rb:9:in 'Api::V1::ExchangeRatesController#index'
  [1m[36mCurrency Load (0.9ms)[0m  [1m[34mSELECT "currencies".* FROM "currencies" WHERE "currencies"."id" IN (2, 1) /*action='index',application='CreditEngine',controller='exchange_rates'*/[0m
  ↳ app/controllers/api/v1/exchange_rates_controller.rb:9:in 'Api::V1::ExchangeRatesController#index'
Completed 200 OK in 8ms (Views: 0.1ms | ActiveRecord: 2.3ms (3 queries, 0 cached) | GC: 0.0ms)


  [1m[36mCurrency Load (1.6ms)[0m  [1m[34mSELECT "currencies".* FROM "currencies" WHERE "currencies"."id" IN (1, 2) /*action='index',application='CreditEngine',controller='exchange_rates'*/[0m
  ↳ app/controllers/api/v1/exchange_rates_controller.rb:9:in 'Api::V1::ExchangeRatesController#index'
  [1m[36mCurrency Load (0.2ms)[0m  [1m[34mSELECT "currencies".* FROM "currencies" WHERE "currencies"."id" IN (2, 1) /*action='index',application='CreditEngine',controller='exchange_rates'*/[0m
  ↳ app/controllers/api/v1/exchange_rates_controller.rb:9:in 'Api::V1::ExchangeRatesController#index'
Completed 200 OK in 9ms (Views: 0.1ms | ActiveRecord: 3.2ms (3 queries, 0 cached) | GC: 0.3ms)


Started GET "/api/v1/operations?page=1&per_page=10" for 172.22.0.1 at 2026-06-08 14:24:52 +0000
Cannot render console from 172.22.0.1! Allowed networks: 127.0.0.0/127.255.255.255, ::1, ::ffff:127.0.0.0/::ffff:127.255.255.255
Processing by Api::V1::OperationsController#index as HTML
  Parameters: {"page" => "1", "per_page" => "10"}
  [1m[36mOperation Count (2.0ms)[0m  [1m[34mSELECT COUNT(*) FROM "operations" /*action='index',application='CreditEngine',controller='operations'*/[0m
  ↳ app/controllers/api/v1/operations_controller.rb:29:in 'Api::V1::OperationsController#index'
  [1m[36mOperation Load (0.3ms)[0m  [1m[34mSELECT "operations".* FROM "operations" ORDER BY "operations"."created_at" DESC LIMIT 10 OFFSET 0 /*action='index',application='CreditEngine',controller='operations'*/[0m
  ↳ app/controllers/api/v1/operations_controller.rb:33:in 'Api::V1::OperationsController#index'
Completed 200 OK in 10ms (Views: 0.2ms | ActiveRecord: 3.2ms (2 queries, 0 cached) | GC: 0.0ms)


Started GET "/api/v1/operations?page=1&per_page=10" for 172.22.0.1 at 2026-06-08 14:25:41 +0000
Cannot render console from 172.22.0.1! Allowed networks: 127.0.0.0/127.255.255.255, ::1, ::ffff:127.0.0.0/::ffff:127.255.255.255
Processing by Api::V1::OperationsController#index as HTML
  Parameters: {"page" => "1", "per_page" => "10"}
  [1m[36mOperation Count (0.3ms)[0m  [1m[34mSELECT COUNT(*) FROM "operations" /*action='index',application='CreditEngine',controller='operations'*/[0m
  ↳ app/controllers/api/v1/operations_controller.rb:29:in 'Api::V1::OperationsController#index'
  [1m[36mOperation Load (0.3ms)[0m  [1m[34mSELECT "operations".* FROM "operations" ORDER BY "operations"."created_at" DESC LIMIT 10 OFFSET 0 /*action='index',application='CreditEngine',controller='operations'*/[0m
  ↳ app/controllers/api/v1/operations_controller.rb:33:in 'Api::V1::OperationsController#index'
Completed 200 OK in 3ms (Views: 0.1ms | ActiveRecord: 0.6ms (2 queries, 0 cached) | GC: 0.0ms)


Started POST "/api/v1/operations/simulate" for 172.22.0.1 at 2026-06-08 14:25:55 +0000
Cannot render console from 172.22.0.1! Allowed networks: 127.0.0.0/127.255.255.255, ::1, ::ffff:127.0.0.0/::ffff:127.255.255.255
Processing by Api::V1::OperationsController#simulate as HTML
  Parameters: {"operation" => {"assignee" => "Empresa teste", "payment_currency_code" => "BRL", "base_rate" => 0, "receivables" => [{"identifier" => "TIT-01", "face_value" => 1000, "due_date" => "2026-07-08", "receivable_type_code" => "duplicata", "currency_code" => "BRL"}, {"identifier" => "TIT-02", "face_value" => 2000, "due_date" => "2026-07-08", "receivable_type_code" => "cheque", "currency_code" => "BRL"}]}}
  [1m[36mCurrency Load (0.4ms)[0m  [1m[34mSELECT "currencies".* FROM "currencies" WHERE "currencies"."code" = 'BRL' LIMIT 1 /*action='simulate',application='CreditEngine',controller='operations'*/[0m
  ↳ app/services/pricing_engine/calculator.rb:66:in 'PricingEngine::Calculator.calculate_operation'
  [1m[36mReceivableType Load (0.3ms)[0m  [1m[34mSELECT "receivable_types".* FROM "receivable_types" WHERE "receivable_types"."code" = 'duplicata' LIMIT 1 /*action='simulate',application='CreditEngine',controller='operations'*/[0m
  ↳ app/services/pricing_engine/calculator.rb:21:in 'PricingEngine::Calculator.calculate_receivable'
  [1m[36mCACHE Currency Load (0.0ms)[0m  [1m[34mSELECT "currencies".* FROM "currencies" WHERE "currencies"."code" = 'BRL' LIMIT 1[0m
  ↳ app/services/pricing_engine/calculator.rb:60:in 'PricingEngine::Calculator.calculate_receivable'
  [1m[36mReceivableType Load (0.1ms)[0m  [1m[34mSELECT "receivable_types".* FROM "receivable_types" WHERE "receivable_types"."code" = 'cheque' LIMIT 1 /*action='simulate',application='CreditEngine',controller='operations'*/[0m
  ↳ app/services/pricing_engine/calculator.rb:21:in 'PricingEngine::Calculator.calculate_receivable'
  [1m[36mCACHE Currency Load (0.0ms)[0m  [1m[34mSELECT "currencies".* FROM "currencies" WHERE "currencies"."code" = 'BRL' LIMIT 1[0m
  ↳ app/services/pricing_engine/calculator.rb:60:in 'PricingEngine::Calculator.calculate_receivable'
Completed 200 OK in 18ms (Views: 0.1ms | ActiveRecord: 0.9ms (5 queries, 2 cached) | GC: 0.2ms)


Started POST "/api/v1/operations/simulate" for 172.22.0.1 at 2026-06-08 14:26:01 +0000
Cannot render console from 172.22.0.1! Allowed networks: 127.0.0.0/127.255.255.255, ::1, ::ffff:127.0.0.0/::ffff:127.255.255.255
Processing by Api::V1::OperationsController#simulate as HTML
  Parameters: {"operation" => {"assignee" => "Empresa teste", "payment_currency_code" => "BRL", "base_rate" => 0.01, "receivables" => [{"identifier" => "TIT-01", "face_value" => 1000, "due_date" => "2026-07-08", "receivable_type_code" => "duplicata", "currency_code" => "BRL"}, {"identifier" => "TIT-02", "face_value" => 2000, "due_date" => "2026-07-08", "receivable_type_code" => "cheque", "currency_code" => "BRL"}]}}
  [1m[36mCurrency Load (0.4ms)[0m  [1m[34mSELECT "currencies".* FROM "currencies" WHERE "currencies"."code" = 'BRL' LIMIT 1 /*action='simulate',application='CreditEngine',controller='operations'*/[0m
  ↳ app/services/pricing_engine/calculator.rb:66:in 'PricingEngine::Calculator.calculate_operation'
  [1m[36mReceivableType Load (0.3ms)[0m  [1m[34mSELECT "receivable_types".* FROM "receivable_types" WHERE "receivable_types"."code" = 'duplicata' LIMIT 1 /*action='simulate',application='CreditEngine',controller='operations'*/[0m
  ↳ app/services/pricing_engine/calculator.rb:21:in 'PricingEngine::Calculator.calculate_receivable'
  [1m[36mCACHE Currency Load (0.0ms)[0m  [1m[34mSELECT "currencies".* FROM "currencies" WHERE "currencies"."code" = 'BRL' LIMIT 1[0m
  ↳ app/services/pricing_engine/calculator.rb:60:in 'PricingEngine::Calculator.calculate_receivable'
  [1m[36mReceivableType Load (0.2ms)[0m  [1m[34mSELECT "receivable_types".* FROM "receivable_types" WHERE "receivable_types"."code" = 'cheque' LIMIT 1 /*action='simulate',application='CreditEngine',controller='operations'*/[0m
  ↳ app/services/pricing_engine/calculator.rb:21:in 'PricingEngine::Calculator.calculate_receivable'
  [1m[36mCACHE Currency Load (0.0ms)[0m  [1m[34mSELECT "currencies".* FROM "currencies" WHERE "currencies"."code" = 'BRL' LIMIT 1[0m
  ↳ app/services/pricing_engine/calculator.rb:60:in 'PricingEngine::Calculator.calculate_receivable'
Completed 200 OK in 7ms (Views: 0.1ms | ActiveRecord: 0.9ms (5 queries, 2 cached) | GC: 0.6ms)


Started POST "/api/v1/operations/simulate" for 172.22.0.1 at 2026-06-08 14:26:01 +0000
Cannot render console from 172.22.0.1! Allowed networks: 127.0.0.0/127.255.255.255, ::1, ::ffff:127.0.0.0/::ffff:127.255.255.255
Processing by Api::V1::OperationsController#simulate as HTML
  Parameters: {"operation" => {"assignee" => "Empresa teste", "payment_currency_code" => "BRL", "base_rate" => 0.015, "receivables" => [{"identifier" => "TIT-01", "face_value" => 1000, "due_date" => "2026-07-08", "receivable_type_code" => "duplicata", "currency_code" => "BRL"}, {"identifier" => "TIT-02", "face_value" => 2000, "due_date" => "2026-07-08", "receivable_type_code" => "cheque", "currency_code" => "BRL"}]}}
  [1m[36mCurrency Load (0.4ms)[0m  [1m[34mSELECT "currencies".* FROM "currencies" WHERE "currencies"."code" = 'BRL' LIMIT 1 /*action='simulate',application='CreditEngine',controller='operations'*/[0m
  ↳ app/services/pricing_engine/calculator.rb:66:in 'PricingEngine::Calculator.calculate_operation'
  [1m[36mReceivableType Load (0.2ms)[0m  [1m[34mSELECT "receivable_types".* FROM "receivable_types" WHERE "receivable_types"."code" = 'duplicata' LIMIT 1 /*action='simulate',application='CreditEngine',controller='operations'*/[0m
  ↳ app/services/pricing_engine/calculator.rb:21:in 'PricingEngine::Calculator.calculate_receivable'
  [1m[36mCACHE Currency Load (0.0ms)[0m  [1m[34mSELECT "currencies".* FROM "currencies" WHERE "currencies"."code" = 'BRL' LIMIT 1[0m
  ↳ app/services/pricing_engine/calculator.rb:60:in 'PricingEngine::Calculator.calculate_receivable'
  [1m[36mReceivableType Load (0.2ms)[0m  [1m[34mSELECT "receivable_types".* FROM "receivable_types" WHERE "receivable_types"."code" = 'cheque' LIMIT 1 /*action='simulate',application='CreditEngine',controller='operations'*/[0m
  ↳ app/services/pricing_engine/calculator.rb:21:in 'PricingEngine::Calculator.calculate_receivable'
  [1m[36mCACHE Currency Load (0.0ms)[0m  [1m[34mSELECT "currencies".* FROM "currencies" WHERE "currencies"."code" = 'BRL' LIMIT 1[0m
  ↳ app/services/pricing_engine/calculator.rb:60:in 'PricingEngine::Calculator.calculate_receivable'
Completed 200 OK in 6ms (Views: 0.1ms | ActiveRecord: 0.9ms (5 queries, 2 cached) | GC: 0.3ms)


Started POST "/api/v1/operations" for 172.22.0.1 at 2026-06-08 14:26:07 +0000
Cannot render console from 172.22.0.1! Allowed networks: 127.0.0.0/127.255.255.255, ::1, ::ffff:127.0.0.0/::ffff:127.255.255.255
Processing by Api::V1::OperationsController#create as HTML
  Parameters: {"operation" => {"assignee" => "Empresa teste", "payment_currency_code" => "BRL", "base_rate" => 0.015, "receivables" => [{"identifier" => "TIT-01", "face_value" => 1000, "due_date" => "2026-07-08", "receivable_type_code" => "duplicata", "currency_code" => "BRL"}, {"identifier" => "TIT-02", "face_value" => 2000, "due_date" => "2026-07-08", "receivable_type_code" => "cheque", "currency_code" => "BRL"}]}}
  [1m[36mCurrency Load (0.4ms)[0m  [1m[34mSELECT "currencies".* FROM "currencies" WHERE "currencies"."code" = 'BRL' LIMIT 1 /*action='create',application='CreditEngine',controller='operations'*/[0m
  ↳ app/services/pricing_engine/calculator.rb:66:in 'PricingEngine::Calculator.calculate_operation'
  [1m[36mReceivableType Load (0.2ms)[0m  [1m[34mSELECT "receivable_types".* FROM "receivable_types" WHERE "receivable_types"."code" = 'duplicata' LIMIT 1 /*action='create',application='CreditEngine',controller='operations'*/[0m
  ↳ app/services/pricing_engine/calculator.rb:21:in 'PricingEngine::Calculator.calculate_receivable'
  [1m[36mCACHE Currency Load (0.0ms)[0m  [1m[34mSELECT "currencies".* FROM "currencies" WHERE "currencies"."code" = 'BRL' LIMIT 1[0m
  ↳ app/services/pricing_engine/calculator.rb:60:in 'PricingEngine::Calculator.calculate_receivable'
  [1m[36mReceivableType Load (0.1ms)[0m  [1m[34mSELECT "receivable_types".* FROM "receivable_types" WHERE "receivable_types"."code" = 'cheque' LIMIT 1 /*action='create',application='CreditEngine',controller='operations'*/[0m
  ↳ app/services/pricing_engine/calculator.rb:21:in 'PricingEngine::Calculator.calculate_receivable'
  [1m[36mCACHE Currency Load (0.0ms)[0m  [1m[34mSELECT "currencies".* FROM "currencies" WHERE "currencies"."code" = 'BRL' LIMIT 1[0m
  ↳ app/services/pricing_engine/calculator.rb:60:in 'PricingEngine::Calculator.calculate_receivable'
  [1m[36mTRANSACTION (0.2ms)[0m  [1m[35mBEGIN /*action='create',application='CreditEngine',controller='operations'*/[0m
  ↳ app/controllers/api/v1/operations_controller.rb:88:in 'block in Api::V1::OperationsController#create'
  [1m[36mCurrency Load (1.9ms)[0m  [1m[34mSELECT "currencies".* FROM "currencies" WHERE "currencies"."id" = 1 LIMIT 1 /*action='create',application='CreditEngine',controller='operations'*/[0m
  ↳ app/controllers/api/v1/operations_controller.rb:88:in 'block in Api::V1::OperationsController#create'
  [1m[36mReceivableType Load (0.2ms)[0m  [1m[34mSELECT "receivable_types".* FROM "receivable_types" WHERE "receivable_types"."id" = 1 LIMIT 1 /*action='create',application='CreditEngine',controller='operations'*/[0m
  ↳ app/controllers/api/v1/operations_controller.rb:88:in 'block in Api::V1::OperationsController#create'
  [1m[36mCACHE Currency Load (0.0ms)[0m  [1m[34mSELECT "currencies".* FROM "currencies" WHERE "currencies"."id" = 1 LIMIT 1[0m
  ↳ app/controllers/api/v1/operations_controller.rb:88:in 'block in Api::V1::OperationsController#create'
  [1m[36mReceivableType Load (0.1ms)[0m  [1m[34mSELECT "receivable_types".* FROM "receivable_types" WHERE "receivable_types"."id" = 2 LIMIT 1 /*action='create',application='CreditEngine',controller='operations'*/[0m
  ↳ app/controllers/api/v1/operations_controller.rb:88:in 'block in Api::V1::OperationsController#create'
  [1m[36mCACHE Currency Load (0.0ms)[0m  [1m[34mSELECT "currencies".* FROM "currencies" WHERE "currencies"."id" = 1 LIMIT 1[0m
  ↳ app/controllers/api/v1/operations_controller.rb:88:in 'block in Api::V1::OperationsController#create'
  [1m[36mOperation Create (2.1ms)[0m  [1m[32mINSERT INTO "operations" ("assignee", "payment_currency_id", "total_face_value", "total_net_value", "created_at", "updated_at") VALUES ('Empresa teste', 1, 3000.0, 2893.9507, '2026-06-08 14:26:07.107863', '2026-06-08 14:26:07.107863') RETURNING "id" /*action='create',application='CreditEngine',controller='operations'*/[0m
  ↳ app/controllers/api/v1/operations_controller.rb:88:in 'block in Api::V1::OperationsController#create'
  [1m[36mReceivable Create (1.9ms)[0m  [1m[32mINSERT INTO "receivables" ("operation_id", "receivable_type_id", "currency_id", "identifier", "face_value", "net_value", "due_date", "days_to_maturity", "spread_applied", "base_rate_applied", "exchange_rate_applied", "created_at", "updated_at") VALUES (1, 1, 1, 'TIT-01', 1000.0, 970.8738, '2026-07-08', 30, 0.015, 0.015, NULL, '2026-06-08 14:26:07.111572', '2026-06-08 14:26:07.111572') RETURNING "id" /*action='create',application='CreditEngine',controller='operations'*/[0m
  ↳ app/controllers/api/v1/operations_controller.rb:88:in 'block in Api::V1::OperationsController#create'
  [1m[36mReceivable Create (0.5ms)[0m  [1m[32mINSERT INTO "receivables" ("operation_id", "receivable_type_id", "currency_id", "identifier", "face_value", "net_value", "due_date", "days_to_maturity", "spread_applied", "base_rate_applied", "exchange_rate_applied", "created_at", "updated_at") VALUES (1, 2, 1, 'TIT-02', 2000.0, 1923.0769, '2026-07-08', 30, 0.025, 0.015, NULL, '2026-06-08 14:26:07.115308', '2026-06-08 14:26:07.115308') RETURNING "id" /*action='create',application='CreditEngine',controller='operations'*/[0m
  ↳ app/controllers/api/v1/operations_controller.rb:88:in 'block in Api::V1::OperationsController#create'
  [1m[36mTRANSACTION (5.9ms)[0m  [1m[35mCOMMIT /*action='create',application='CreditEngine',controller='operations'*/[0m
  ↳ app/controllers/api/v1/operations_controller.rb:87:in 'Api::V1::OperationsController#create'
  [1m[36mReceivable Load (0.2ms)[0m  [1m[34mSELECT "receivables".* FROM "receivables" WHERE "receivables"."operation_id" = 1 /*action='create',application='CreditEngine',controller='operations'*/[0m
  ↳ app/controllers/api/v1/operations_controller.rb:91:in 'Api::V1::OperationsController#create'
Completed 201 Created in 102ms (Views: 0.1ms | ActiveRecord: 15.6ms (14 queries, 4 cached) | GC: 0.0ms)


Started GET "/api/v1/currencies" for 172.22.0.1 at 2026-06-08 14:26:07 +0000
Started GET "/api/v1/receivable_types" for 172.22.0.1 at 2026-06-08 14:26:07 +0000
Cannot render console from 172.22.0.1! Allowed networks: 127.0.0.0/127.255.255.255, ::1, ::ffff:127.0.0.0/::ffff:127.255.255.255
Started GET "/api/v1/exchange_rates" for 172.22.0.1 at 2026-06-08 14:26:07 +0000
Cannot render console from 172.22.0.1! Allowed networks: 127.0.0.0/127.255.255.255, ::1, ::ffff:127.0.0.0/::ffff:127.255.255.255
Cannot render console from 172.22.0.1! Allowed networks: 127.0.0.0/127.255.255.255, ::1, ::ffff:127.0.0.0/::ffff:127.255.255.255
Processing by Api::V1::CurrenciesController#index as HTML
Processing by Api::V1::ExchangeRatesController#index as HTML
  [1m[36mCurrency Load (1.1ms)[0m  [1m[34mSELECT "currencies".* FROM "currencies" ORDER BY "currencies"."code" ASC /*action='index',application='CreditEngine',controller='currencies'*/[0m
  ↳ app/controllers/api/v1/currencies_controller.rb:6:in 'Api::V1::CurrenciesController#index'
Completed 200 OK in 3ms (Views: 1.4ms | ActiveRecord: 1.1ms (1 query, 0 cached) | GC: 0.0ms)


  [1m[36mExchangeRate Load (1.3ms)[0m  [1m[34mSELECT "exchange_rates".* FROM "exchange_rates" ORDER BY "exchange_rates"."reference_date" DESC, "exchange_rates"."created_at" DESC LIMIT 50 /*action='index',application='CreditEngine',controller='exchange_rates'*/[0m
Processing by Api::V1::ReceivableTypesController#index as HTML
  ↳ app/controllers/api/v1/exchange_rates_controller.rb:9:in 'Api::V1::ExchangeRatesController#index'
  [1m[36mReceivableType Load (0.9ms)[0m  [1m[34mSELECT "receivable_types".* FROM "receivable_types" ORDER BY "receivable_types"."name" ASC /*action='index',application='CreditEngine',controller='receivable_types'*/[0m
  ↳ app/controllers/api/v1/receivable_types_controller.rb:6:in 'Api::V1::ReceivableTypesController#index'
  [1m[36mCurrency Load (0.7ms)[0m  [1m[34mSELECT "currencies".* FROM "currencies" WHERE "currencies"."id" IN (1, 2) /*action='index',application='CreditEngine',controller='exchange_rates'*/[0m
Completed 200 OK in 2ms (Views: 1.4ms | ActiveRecord: 0.9ms (1 query, 0 cached) | GC: 0.0ms)


  ↳ app/controllers/api/v1/exchange_rates_controller.rb:9:in 'Api::V1::ExchangeRatesController#index'
  [1m[36mCurrency Load (0.3ms)[0m  [1m[34mSELECT "currencies".* FROM "currencies" WHERE "currencies"."id" IN (2, 1) /*action='index',application='CreditEngine',controller='exchange_rates'*/[0m
  ↳ app/controllers/api/v1/exchange_rates_controller.rb:9:in 'Api::V1::ExchangeRatesController#index'
Completed 200 OK in 9ms (Views: 0.1ms | ActiveRecord: 2.3ms (3 queries, 0 cached) | GC: 0.0ms)


